id,sequence,captured_at,compass_angle,longitude,latitude,thumb_1024_url
307836564078238,4oormcsrucb7t55y3g4lim,1539876392097,320.38220214844,-46.746970175076,-23.533561926942,https://scontent.fgru6-1.fna.fbcdn.net/m1/v/t6/An-uAyw8xBY7Dav4wyA6WsL0wL5Brux_kcIh57XWv4rbxg1JINizScjO6B-7bMnId6r80H6xbOJ3R8Qf3RDDLH0lGsGC1oQZCjUuqdiRJD_7_vsiqZkMSGzayHwYWBIy5y4NOH957vdfC38WBhb2OeI?stp=s1024x768&edm=AOnQwmMEAAAA&_nc_gid=m-ar5jfvd3L38Ugt_jbFwQ&_nc_oc=AdprTdYaJioIcgLxwuftK6FxSa5HnpW_ECF789_vlnKBzELZUHMDy0eDJw1DMVxq9_SW8L0sB3wWTs2BkCG8GNvU&ccb=10-5&oh=00_AQFRTHBRc2PSz3Cfct6SDYOyjA2A9sXmGfpmAkmPCrpOig&oe=6AA473D5&_nc_sid=201bca
742580406432516,4oormcsrucb7t55y3g4lim,1539877396159,273.46008300781,-46.816869058477,-23.410367490268,https://scontent.fgru6-1.fna.fbcdn.net/m1/v/t6/An9yTw33Lpx4iI-eC7klIu3lQFy_w0V7c4y2BnIPLybcF-sIz3OOOwDyB2ZOG2TspAeBVwkFDK_52FOP8SHuz3RWrIh-6TwRJ5hDfByexUjg8QZJ11s3937MvclpEgeAQyOIt_DreK92mOQ2oTBXpQ?stp=s1024x768&edm=AOnQwmMEAAAA&_nc_gid=m-ar5jfvd3L38Ugt_jbFwQ&_nc_oc=AdqQiziDBDRUbmt8ph4QfpaeS-mNOfnv3fD0C2Mxo0iltrydQknXTqZPjXxe8VVaCu-ixo-hMSodFMj2oSWtu9xv&ccb=10-5&oh=00_AQFdy5H3P458PojQ1MgL0mSkqa1991zT3VwtSVoXEnIBnA&oe=6AA45FD5&_nc_sid=201bca
483887786066932,4oormcsrucb7t55y3g4lim,1539877378170,283.62646484375,-46.812921346989,-23.410458519277,https://scontent.fgru6-1.fna.fbcdn.net/m1/v/t6/An-c59eU6lyEArTjG1bl1_mCiRVodLm8zrIm-5DJTIJhMLxlcnZHyVjww2SIWyCkbYB1Fl7rOU64cDbdxPDVDBLDMYKpyASntLnoGYv-5IziwYPk4WN-Guv_gW4r-yGifpQsbiodphfJ-oErfEjOYA?stp=s1024x768&edm=AOnQwmMEAAAA&_nc_gid=m-ar5jfvd3L38Ugt_jbFwQ&_nc_oc=AdprY4AUCS2Vbfs2z49wfdUd3XiwrsIG7uHXJM9OJ1Kvv5TMYLatU0CKAtuy8STaINRvccy9s1fpjqHuUDe-GsUF&ccb=10-5&oh=00_AQFly2xJHgdDTfTdk0t02PHpb-zuCFxb5jel2z1DKQbfkA&oe=6AA49100&_nc_sid=201bca
605544677072075,4oormcsrucb7t55y3g4lim,1539876394105,325.50988769531,-46.747203403183,-23.533266981641,https://scontent.fgru6-1.fna.fbcdn.net/m1/v/t6/An9AY0wNHBR3CfzUV1olFgvze2dUeNeYKUrDxx6U-AwMjwYP5g8OSwK0bX3P5Dfnib3JxSjjosYE7QvyHXObQBjO0OIXPaC9ERkV_R6Ob8CgWZxd0irIfIFGedYoKXBmALpFGfHvDa7pLRO4Yu2teg?stp=s1024x768&edm=AOnQwmMEAAAA&_nc_gid=m-ar5jfvd3L38Ugt_jbFwQ&_nc_oc=AdqFRv87MeD7Xb0uD3RZWQKvq7Vs7IoT6wsm7XtcYp-6H_iWtna9rRIdXpBqFwRayEvsWsZygFbEDRg9JBvMdxK6&ccb=10-5&oh=00_AQGOGOGY_qaQKI-l3pdOMUwD75IiCUq-s_geZXhrAaX1tA&oe=6AA487A1&_nc_sid=201bca
814699825911058,4oormcsrucb7t55y3g4lim,1539876739139,271.91052246094,-46.74020400375,-23.5078602685,https://scontent.fgru6-1.fna.fbcdn.net/m1/v/t6/An8ptrbVXK74rtQDcbQZFE3jwZVDlsHH6q_3IfkI0Y-GRQHTomi9YcHwmT2Z7kusV0MoV8G4pL-saU1XARVIeaKmBZucHWiWQctuV0wLeCinjXledZvQGjPPxh_R4jHyfgQmr52LMd7c0kZqtXIOFA?stp=s1024x768&edm=AOnQwmMEAAAA&_nc_gid=m-ar5jfvd3L38Ugt_jbFwQ&_nc_oc=AdpKz5dCYfo1jb40pGCM0XWT63aClUo5stfANrnV1nw5pLr6f-XwSHjJHik1I0LpxB4F__0Ee9s63XAOBCa3HT8G&ccb=10-5&oh=00_AQFiIZZBXY61GtuAZnav1FI_7DtD5pxSKeafsQMbZlgtoA&oe=6AA477E4&_nc_sid=201bca
889237538292286,4oormcsrucb7t55y3g4lim,1539876748140,273.64782714844,-46.742386001581,-23.507695676402,https://scontent.fgru6-1.fna.fbcdn.net/m1/v/t6/An9-CDac0fzSErao1EPrA6h8C45r9rKnZj0CQ8GTuhRh5LhuyqETgJqSabErMgCu4xzrd9hS7BRsC4wp3tjXSVomazYcR13r4368nPvwKtRd9sH0u98HOdOqfAtHaekX5FDcUmMN41dePULPjVg4IQ?stp=s1024x768&edm=AOnQwmMEAAAA&_nc_gid=m-ar5jfvd3L38Ugt_jbFwQ&_nc_oc=Adro50kVp2KsIAglvJbPx_c8QbUrFaFteG_YhmdxbQEzJKcaqi5PHgjK2w5HIEQiVimDMLQCYsImpWdB05ijO7Ph&ccb=10-5&oh=00_AQHhEUYuZS3_WGcEJ19_69-QbPvq8kZdXwQFpiebdJ93Dg&oe=6AA47098&_nc_sid=201bca
794259057873277,4oormcsrucb7t55y3g4lim,1539876416169,0.643310546875,-46.747840827583,-23.529265470947,https://scontent.fgru6-1.fna.fbcdn.net/m1/v/t6/An-8GcyaWem_YbyRpWMREq7jv5I_dxpLWFFRdhOu6Mshc_KRn-9VdnR_NjDiDNrQrbDfVSdPXo4h5UBnlNxtf-OjXvEviLCFsyckgf5C_dTHcmpZgPJYHmwxorvqTbSFP_8SyeixMHch1QK0Lsl5Igs?stp=s1024x768&edm=AOnQwmMEAAAA&_nc_gid=m-ar5jfvd3L38Ugt_jbFwQ&_nc_oc=AdpB5_dkpjdHlddhBlTPkpzPfVaSzYmNY_h0B4F7mElQCytYCdvc5xv3AfjFW8lXJsQ0zFCRTmjdYNtRqW0aM5y3&ccb=10-5&oh=00_AQH1m_idm85c-TjgjZJU3J4NwFU9or7Dldshf7gRC1dh6A&oe=6AA484E0&_nc_sid=201bca
1107502143104632,4oormcsrucb7t55y3g4lim,1539876735142,277.08197021484,-46.739177282198,-23.507963084541,https://scontent.fgru6-1.fna.fbcdn.net/m1/v/t6/An9FJuzh2swWp9dwOycuHGuLRA1aZ2GOBVSInxHrFC4x_Mxzxh1IIeUL7niVp4DPAWY6P8ZBOdeyWD8H9uuZfppqaFef8_vS4I88Yndu0qBACzpyNPBq_fb6GeVrfi2QYo-0FkJ41OBlLhovd_5xKg?stp=s1024x768&edm=AOnQwmMEAAAA&_nc_gid=m-ar5jfvd3L38Ugt_jbFwQ&_nc_oc=Adp_IZVGlSqfMvLs680vzfO-CTL2UvGDu1JoHBe2xgXO7zo_jYIlG2JF5phRSsu-alhA0P7aBavOTxRzyRVLIXXT&ccb=10-5&oh=00_AQE6Rn4tREefTK5OG6Xa_UW_zBu4S2vUAYH6PKe1LF6ZMw&oe=6AA49402&_nc_sid=201bca
774813530088376,4oormcsrucb7t55y3g4lim,1539877103160,343.17346191406,-46.786559476435,-23.452806033847,https://scontent.fgru6-1.fna.fbcdn.net/m1/v/t6/An_XzaDWcWVdr3g1yBmde8ojg9n8EZJk0Wz9Rx0Js-N3KvTBrasVT8NKGMsUQEV2yApnomqX6LNovp7SYYvDFjunIrXW-yiqgcOl6snNcUjisu_6wzMf8Xm4s7h68neqajpQGQUGnWEo_4fi4-iz_Q?stp=s1024x768&edm=AOnQwmMEAAAA&_nc_gid=m-ar5jfvd3L38Ugt_jbFwQ&_nc_oc=AdpmnWKKInXmRwPfykvjmixLzONFexRK8bEn8ZGROzZNKOEm6wfQdCveSbPWKFth_aBvUn6aeM8WLXpylr-N7Y4O&ccb=10-5&oh=00_AQF3oHjPWHHFXfqg-82Y84qXGGUryJBbr6upz3Sy0_nBTQ&oe=6AA469CE&_nc_sid=201bca
798662590768803,4oormcsrucb7t55y3g4lim,1539877086154,328.17376708984,-46.784610768056,-23.4564796514,https://scontent.fgru6-1.fna.fbcdn.net/m1/v/t6/An-sRHgiEtNgZAcQYgLYcAcwDNeG53_m4Oxl94TuqE0fCdz8O5Oc-WdqrmNadNlJFN1oifGc-o5TIbOemn5rL92pQToL1QHQoFZlpuHB9u-auXvbdyi7fv2ttSLpCuwFfCdXTediUCGQxaxZvblXoA?stp=s1024x768&edm=AOnQwmMEAAAA&_nc_gid=m-ar5jfvd3L38Ugt_jbFwQ&_nc_oc=AdoWkDmqOrMc-2YV9rQw6gvAp1IuWUBs8puswmkMFKcwXEDWSROBpxgmjhl4rnFl3RpGxoTG91-jS29DmN-6tyX0&ccb=10-5&oh=00_AQHdWwN4BOCGXxBKiWTMZUCrmBCqBT7REBJwC6Ls44FYXA&oe=6AA46D37&_nc_sid=201bca
1571288889731332,4oormcsrucb7t55y3g4lim,1539876794127,326.55303955078,-46.752411753845,-23.505018371058,https://scontent.fgru6-1.fna.fbcdn.net/m1/v/t6/An96a9tr85jFMWVT5DUfFVmaUcoITYUzTF-eNadQ2Hz2v2oL8FG9IMvuUACnlt6xtcSjbILY0Pdh-6TSTSb9YQES-MiReiebwLKbB_R1UJjaTXAqItfo1K-95wl5ExbVyAaDBcwHMdAM1d7SNRR1bA?stp=s1024x768&edm=AOnQwmMEAAAA&_nc_gid=m-ar5jfvd3L38Ugt_jbFwQ&_nc_oc=Adovop_7h_Z91h7eheRo4RGeU8tENhDC5N-4rN8JABxUAYhC1B8ZyvIAbr58T0-yOxH4PfB_Aifh96wr_CYj-18w&ccb=10-5&oh=00_AQGPDr7a82Ps01h43XPbQnvzuwon9tKpjNXjUbphoIT-Uw&oe=6AA496F6&_nc_sid=201bca
1978298389003878,4oormcsrucb7t55y3g4lim,1539876384685,344.58184814453,-46.746055777493,-23.53457017199,https://scontent.fgru6-1.fna.fbcdn.net/m1/v/t6/An888n8-3qdg1LY2z94ifVtg1k0qBN0cM5yX2FaeyKXENHKG12HLLJKIfcWRUzBlPfFZxLNra4fYsxF9ZcpIcgvkbJi9oIrr9luWfro8hkIgaX1IxTHfjQRLdxKNdqIoeevQKZu_EYl-ryx-zm7eOg?stp=s1024x768&edm=AOnQwmMEAAAA&_nc_gid=m-ar5jfvd3L38Ugt_jbFwQ&_nc_oc=AdruJlQPUzPUcRjp9zZCfPAKZPoPPJHfrzcsdTIeyQXtenbz1C-Av6LlqNSTO5yjy32X1gSQ2P9z74pLnG7XzWG8&ccb=10-5&oh=00_AQEU4PUBMgHI07iKE4DTpiOMgmaKkddahhIygsMnpIgJlQ&oe=6AA4883F&_nc_sid=201bca
2868978196684555,4oormcsrucb7t55y3g4lim,1539876460180,17.784515380859,-46.74724455946,-23.522509441555,https://scontent.fgru6-1.fna.fbcdn.net/m1/v/t6/An-O3RKE33nMrs6r8P7Zw1ViS9HxRsjCUWvKZM-mrd0LZR9ICB2suZ9Fy8le2hgfdXrcLb64i9d9LU8S-SC2rDFq4ywH_ByvAUOizTv5SK7QkvnBmCftfwP9grA31aBbf95ZzctNz8Vs8hcLFfyFWQ?stp=s1024x768&edm=AOnQwmMEAAAA&_nc_gid=m-ar5jfvd3L38Ugt_jbFwQ&_nc_oc=Adq80Rl7b0WFwBW8-BabuTGMESygupPaEfNifXTAJjFfDDM87RcVjk0lD-7_NTJnRzWEHVIfScqp65YcW-XDjGh6&ccb=10-5&oh=00_AQFo2d10c2ZefyYa8sDmf0YEJC1xmwJuoSVlBvtI10DJ8Q&oe=6AA46394&_nc_sid=201bca
392485245132807,4oormcsrucb7t55y3g4lim,1539877166183,9.8731994628906,-46.78594394488,-23.439573223423,https://scontent.fgru6-1.fna.fbcdn.net/m1/v/t6/An_4dUMXLGEcoBHLO_wBpnQA80lmHNlXWo_20hCIJVdHW7peYFuH3-nZyhjeyfpYqiLdB26CudUXZsYYhFl3AY6aryT5eKZplQE1rH1lctkyRcoUlrNVdyRs2sOt_4NFdopEu0V5XczLbYaN1eBpJw?stp=s1024x768&edm=AOnQwmMEAAAA&_nc_gid=m-ar5jfvd3L38Ugt_jbFwQ&_nc_oc=Adpv-shr6u9OI3FMBuan884HZJkJXipAgnKU-1jGvai7kU7j-k6nwrjKPil2B1c7QMNHA8kdfgz2XZ--YhWslHHN&ccb=10-5&oh=00_AQFEQcZ5emFZRpO4CFN93H6-z4iN4-JOGSkbGy-mZZk3tw&oe=6AA479F3&_nc_sid=201bca
741283366559658,4oormcsrucb7t55y3g4lim,1539876387694,316.25067138672,-46.746417716398,-23.534172789978,https://scontent.fgru6-1.fna.fbcdn.net/m1/v/t6/An8DPGJIAlwj7eJrQ7cA5-Pg5rp43L12VGknfAZ7Rmy8lLQtA24IxuzQve8LNt75Qs_jqRlVi711D_8HcLJpaTMxTn0lesQitrm4A5Zao_uMhCgJouBHWB4XBbzLrMB0c9f9aWA9TBv1FBfQPS5ORg?stp=s1024x768&edm=AOnQwmMEAAAA&_nc_gid=m-ar5jfvd3L38Ugt_jbFwQ&_nc_oc=AdrHvD4D9gDalwnCq09dB3Z4okTqRi6ZY5Qirt0s4l4o9hT9jxRqysmgoLESJlquvRyV3sII8mlFag6YMmySrdfT&ccb=10-5&oh=00_AQEOetus6_T-JVrozOiww_xKYQPk4qNXGOqcOOk8Zg-MAA&oe=6AA47220&_nc_sid=201bca
904518323673994,4oormcsrucb7t55y3g4lim,1539877325162,293.49841308594,-46.802036018419,-23.416443398266,https://scontent.fgru6-1.fna.fbcdn.net/m1/v/t6/An8zKnYfDtY9sMHkKlWeLX0Sdc71vdlTv8H9M61Jlomz6BlkwljOpkIrIf6A5V5PZGoW5xBY8jJet9iMKFgyBKQ49T9m7-z9vDqERpgfDK4aWoLxbhtVFEIvwDQ6EzPG9gdTiuP9PEORSpfaE-zGbw?stp=s1024x768&edm=AOnQwmMEAAAA&_nc_gid=m-ar5jfvd3L38Ugt_jbFwQ&_nc_oc=AdoXfEFiu__W3gpvTobDpTi6t_ilOKeaDjPepD5XCiBMR6qRHBHLxzMj9i9bWihL20m1i_GZwb8YVUL-gfXlaRlo&ccb=10-5&oh=00_AQEGbWYIVggiGuXfD7LbQdYJS6FZPMP9dONMPPgJjpp7Gg&oe=6AA46C2A&_nc_sid=201bca
1223890131405310,4oormcsrucb7t55y3g4lim,1539877017175,359.8056640625,-46.77892959674,-23.469680336102,https://scontent.fgru6-1.fna.fbcdn.net/m1/v/t6/An9mF7UilXvFcCQjKBOHo95WA8Hn7GJS_xiZQVGa_gDGh4Bcu3wxI_bAsl9ubQ5EyYgEw8djOaoCPgQPJm1ZUB3Q5zoP62uvNEHsnVaKp4j5uImV0H_K0lYAtJpkEAtPGKsgGdW8YqHH44UWp0kLjA?stp=s1024x768&edm=AOnQwmMEAAAA&_nc_gid=m-ar5jfvd3L38Ugt_jbFwQ&_nc_oc=AdrddP5LHy7ojBWIHAiW5ht0NOQYFb_UiRT_7DnSZ5E_RklYveOTsUWrLoRd7j_6Iom0MWmUX9Eir_3eVXh_idbS&ccb=10-5&oh=00_AQE8lhj-7kqXnD4r9ZkbcfbGprBNtqgZZREvJJRnAtDZtQ&oe=6AA471AA&_nc_sid=201bca
4146905762039551,4oormcsrucb7t55y3g4lim,1539877410156,298.21801757812,-46.819369052783,-23.409743171095,https://scontent.fgru6-1.fna.fbcdn.net/m1/v/t6/An9cnRIy3hRVjG2S2CD5tkJ1rzwlydSVLUx3l7xRdAnEpnxBBqgxt5Ym90mW8ifGTH1qN6dH6FSBUb5awqY2UjOUxF5iQBU0KWxZSZlp1c0DGoE9SnIL97BAuhwtG_womp5Bih6HvKopahrp_lJ1dmo?stp=s1024x768&edm=AOnQwmMEAAAA&_nc_gid=m-ar5jfvd3L38Ugt_jbFwQ&_nc_oc=Adp9Bm6C9Jcq7Bdf3_lYIG5yBHHG2Dxosj1RWyFXK71XwMF39EtLKE8uu0K1sCoyR7Mazst1RU6GTqQUdTtlN9Gl&ccb=10-5&oh=00_AQFtYCcBVQq3IUOhfbpctrKkD2pygywB_Xv5P9xOYsIGoA&oe=6AA48E76&_nc_sid=201bca
423760238699364,4oormcsrucb7t55y3g4lim,1539876772149,275.75244140625,-46.748246290044,-23.507315093038,https://scontent.fgru6-1.fna.fbcdn.net/m1/v/t6/An-lbxeWNwBulq6GgklTX-w59gq2KwzwsENr9YBiTmhgyQkuIUfvG_m2WnY2Hi4-p-E0A3fu27xx1TpaUswVb1fWC9IDwa_JM7YMVN-8cg_f7hU_TV9KLwQZUfXcUWZDKkuzKw7DdztgkhDxq5Qql8s?stp=s1024x768&edm=AOnQwmMEAAAA&_nc_gid=m-ar5jfvd3L38Ugt_jbFwQ&_nc_oc=AdoNeMWyON7xvBxKQmAG7IN0xHmjkFeLYf6UGeeuL2dJkmCspes7O10aRqntl8VeO589zXFNk5olVWGB_HCsiBSz&ccb=10-5&oh=00_AQG3Y5E6lThLOuaIHCvjgdDwMzxer4BD5wNhQq0uZUWJXw&oe=6AA462C2&_nc_sid=201bca
508721210491266,4oormcsrucb7t55y3g4lim,1539877104160,349.68701171875,-46.786605069293,-23.452576173717,https://scontent.fgru6-1.fna.fbcdn.net/m1/v/t6/An9JloDBiJnavZ47Tg_j7K84XwbW9ESmeFoyvnIkLtUgTvHYBFrqu6WaPo1AL2MCNb08TqSA4RS4ryYXSJ0-S21cIxyOOLcjGaKRgmhmqks1_7zVVoPRRnVISqsTXNUUSD7ktdmtOy5Scb0pPZslAQ?stp=s1024x768&edm=AOnQwmMEAAAA&_nc_gid=m-ar5jfvd3L38Ugt_jbFwQ&_nc_oc=AdoEpt1Tr1Bq0caMH7If4jILNfmkIe-arCluE-MCzX1UJ8-50Y9-wY81dwZKoTE_XQ0n_LNiu3FOopRm9KscjWNO&ccb=10-5&oh=00_AQEcVicrlrHYs8QeiFYgRahzWPleBFkx-9P9_g3Vs_WOZQ&oe=6AA4757C&_nc_sid=201bca
521061416012412,4oormcsrucb7t55y3g4lim,1539876390114,316.24737548828,-46.746720467913,-23.533834970188,https://scontent.fgru6-1.fna.fbcdn.net/m1/v/t6/An_2xLj8FDofOYRNmHM5dWM3sQzZlHeK2UggQDlj3FOqpL3m1zMrz1VXFyzC-HTLqb-6bCB_EPCOnpcUtKmn3yEpNQTVt7zpnEvZO4bwiMVfohCta0pDW2zi2Se0OOHqxfQiezHmj3n63Ac1ecwJUA?stp=s1024x768&edm=AOnQwmMEAAAA&_nc_gid=m-ar5jfvd3L38Ugt_jbFwQ&_nc_oc=Adpd-Q80PA8mWrFtvU3Fq-z6tWsugDkm_056bHnSWxPBFRJpfqrf1og3Jl97-Yw8LNQMOoK-yLBRUNGntHGyVIHP&ccb=10-5&oh=00_AQFG7RDiZ3v5HaC5u9HlqdwhQwK4JmHg1tALH2LiFMLdBQ&oe=6AA4921C&_nc_sid=201bca
857979858402731,4oormcsrucb7t55y3g4lim,1539877028170,20.421997070312,-46.778405113884,-23.467732773681,https://scontent.fgru6-1.fna.fbcdn.net/m1/v/t6/An-2RSQjRBj3N-AuBqIshc_FwdsKeRll106SYEZwPWqIvJLBmCktBNf6fpqjwKTqMjstGwrlurKol99PZylNqMuVEayR41f60vLLIkAn2N87XCerJkA1jP_EJj3Wc-FxPlKqaeQw2SPZC114ltlwcQ?stp=s1024x768&edm=AOnQwmMEAAAA&_nc_gid=m-ar5jfvd3L38Ugt_jbFwQ&_nc_oc=Ado2wheRAWEi402ySgrTCu8WYUlJ4KhNxqEsqoPfV-jQwd5lR4yDHnfDqFRGqb4e2RSOzhCwHRgjc3RdemcnNz6O&ccb=10-5&oh=00_AQH9kzryi0FEhnQPQhwp355wBcIERciiCJc84HpM6BPcEA&oe=6AA46AC4&_nc_sid=201bca
1436637416688136,4oormcsrucb7t55y3g4lim,1539877187167,351.47857666016,-46.78628461894,-23.434925490525,https://scontent.fgru6-1.fna.fbcdn.net/m1/v/t6/An9GhcKYJ609nKEiHrhnzaLakL7dsVExgvaWT2vQx-uFQqjkodauSd_8Ln5072N74fUCxTahY5-tF02srFGpxpBaZKbcFrIdx2sqlhu4MNyp4Ifl_jv6PqQtXXxSynWe3McCf_TxmMvf-0CSPWogFA?stp=s1024x768&edm=AOnQwmMEAAAA&_nc_gid=m-ar5jfvd3L38Ugt_jbFwQ&_nc_oc=AdrS0R4NFw0rRlNAbzG8AbdDg5fWGfrkkhpHEVUvxODYQ1ITX66VsKpVbKvwEZVEkW-1Z9eEkg1zB4Um3Fvh27bv&ccb=10-5&oh=00_AQFR1oftClBYsHoHsn8tU6u2NqDUDzkem5odYknQH6EvBg&oe=6AA4741B&_nc_sid=201bca
516764086397966,4oormcsrucb7t55y3g4lim,1539877263162,302.27520751953,-46.790826767698,-23.422508291144,https://scontent.fgru6-1.fna.fbcdn.net/m1/v/t6/An-2FpVcAV9o-b4BNtPdQVJUjJdYl5NJog3DBZ9KXymarKKr3xv9L8ROAa86JLhiLxZM4ATS9HnOA7o7xRSEeDaphdKPqNHi3qJ2ryBrsfOHXaoX3__oZ3PVOIoYG019ZPcBYxg8C6nYqheCoZdBCg?stp=s1024x768&edm=AOnQwmMEAAAA&_nc_gid=m-ar5jfvd3L38Ugt_jbFwQ&_nc_oc=AdoTokq1bgDpLft37fcOFotBBk8O1EtE7ll5wb9lMCFHvYRgTdJ9x1sufhqXbEcZDzcQO7_-vIJnbCQhecuja_od&ccb=10-5&oh=00_AQEhZh7VN0XGo04-vsre0_pKgRCjgTlbuo4TZtvG_bpo0A&oe=6AA47CC5&_nc_sid=201bca
2818423481731170,4oormcsrucb7t55y3g4lim,1539876399104,338.87890625,-46.747630082973,-23.53247304796,https://scontent.fgru6-1.fna.fbcdn.net/m1/v/t6/An-KMhIQdedj4nOLzoRPTRHZe5bLpZH7o85Tvb5h-ytPfvLQlUFU5yT0-X2cNiVSX_Zo2hJDPNfGGqdk7BK-ODrub_LjkFS4ZPn56Kb3vbBz0Veaw78nxmTPJb4DNsq6OSWvFPiYYXkKxpVzcVKi7A?stp=s1024x768&edm=AOnQwmMEAAAA&_nc_gid=m-ar5jfvd3L38Ugt_jbFwQ&_nc_oc=AdpV7MPNF1lb3w5LsMuT-4M3WEXy_eevsc2Ii37uVeUXvHtI4J_AB5iE8q6NxkCn81T0mh2El5wJCeGJOZpXGCC_&ccb=10-5&oh=00_AQEBjHzg9Uy_e-c4TqE12gFXSAKE7JCwNV_T_sWO_kCBdA&oe=6AA46FE9&_nc_sid=201bca
333325811736322,4oormcsrucb7t55y3g4lim,1539877143159,10.073028564453,-46.786921708674,-23.444383257049,https://scontent.fgru6-1.fna.fbcdn.net/m1/v/t6/An-RoImqcjkQ-PSwWoN7aQDk4Jv59xz3F2exDQfP-Wwbzfc17owCET9QpvzxUCz928mNA6soNwT7aEliBU2Vf7_3aMAbfjGIshnhINQbOcBSIOfKyfCCPtofgR1rcDOGFsm011XPOf6PMlvsAvnfaQ?stp=s1024x768&edm=AOnQwmMEAAAA&_nc_gid=m-ar5jfvd3L38Ugt_jbFwQ&_nc_oc=AdpxnjI4u4_4NLLqTXdU5v0q6sXmmvOypupVs2J-xOXmnGrxce1gGfKH0xZ2lhV7ua2CH4UK_P9uSNn5hxT1oE8z&ccb=10-5&oh=00_AQGmPik6k1q-vlLAdaAD3_emlM3-t6BVumkrbyaubUopqw&oe=6AA4776B&_nc_sid=201bca
513219236501811,4oormcsrucb7t55y3g4lim,1539876430181,0.64315795898438,-46.747809171901,-23.526502988208,https://scontent.fgru6-1.fna.fbcdn.net/m1/v/t6/An9x8uuugby3xBY1DIBuIbxsp4lD3iwSwz9r9bjRKWYrNcytp0_z8Zc6l6nMaJOUfUzSUAGxl2SaERxbK3ll4TNPJb25wSyScoSzxHmXYDhoAgPKcjuKdnMhVRChrsp2ZozQIEeDCWGOIcp79OOyjQ?stp=s1024x768&edm=AOnQwmMEAAAA&_nc_gid=m-ar5jfvd3L38Ugt_jbFwQ&_nc_oc=AdoPFE59o1uWHS_zb9XVlmYPe7-c4JFPMeNvZ5SFwUklvX0-TGzedwRi0IjWZvvRvzO9bd4VPQkpbgTqfkXyNShZ&ccb=10-5&oh=00_AQHbX7vjXkX7DbnTjRWkCAz8j1VHZQEET3e-uJsgC4Klyg&oe=6AA494E8&_nc_sid=201bca
767360183944047,4oormcsrucb7t55y3g4lim,1539876714135,273.99914550781,-46.733849102988,-23.508413770754,https://scontent.fgru6-1.fna.fbcdn.net/m1/v/t6/An9d_Nup-4O_Rq_OHaxyuUm94fLalbzsOClMG7HD6SrtlMtoJo__E_lX0_hQGMTbyWZYeYK2ysxQmulCKXbo3vH_OTUw1As013Kq6XmoNBh9vtN0nhBZOPYy7QHmQjFU9k9ZB78BlXyRCHmrRW9keg?stp=s1024x768&edm=AOnQwmMEAAAA&_nc_gid=m-ar5jfvd3L38Ugt_jbFwQ&_nc_oc=AdqAGm4_SKCrismap00XRUjpdnpNuDZbL3hVwDJVEVfB-kjEySJ1EV6niCT2kZ2NYYcFRlRb06v1YzmUkMH9ePEB&ccb=10-5&oh=00_AQFiDRREmSC3vroF7W9DxoTt16Soj_xYNHf53BcsU9XVOQ&oe=6AA47EBE&_nc_sid=201bca
160904229299874,4oormcsrucb7t55y3g4lim,1539876445194,15.596008300781,-46.747608519524,-23.523843726041,https://scontent.fgru6-1.fna.fbcdn.net/m1/v/t6/An-wYoR_MHZukBDusLaou3RQxUoKpR4VH_G4Q3NpziYpuO7B_G7u2NhRSWWnke2s_PU5AVNZD9hIH-e1yCfMNnATOZzKf7g92q7N6s4YOTy_5Vx3-u3umwrj68ZDrnTbmRG4z1ECS7ahhJuPhQ32rg?stp=s1024x768&edm=AOnQwmMEAAAA&_nc_gid=m-ar5jfvd3L38Ugt_jbFwQ&_nc_oc=AdobSQZ1OJYqI8WhtmZJOYwMEcixXvrpkBwofF5Ptkh6G35oLkvsThSZ8dnuddyK6PUKpk2wHnqwe-CtQbmFo4hB&ccb=10-5&oh=00_AQHPMUnUn84iUPrWqtzdl7HciSRqIb13okvrjKKpW37VSg&oe=6AA47EB5&_nc_sid=201bca
341628563970772,4oormcsrucb7t55y3g4lim,1539877375162,284.39544677734,-46.812196431979,-23.410609099187,https://scontent.fgru6-1.fna.fbcdn.net/m1/v/t6/An_9HPFJe4PefRZboJinnFkvbDhOr9nSCpqR3D57nHQRm5X1ZnjLI17b2mio4niusmicdfQP0gql1fSFM0VfVBp9TvDCmuRyIFsHwrkgE_hwOMj2_IKxIPfVz7UZTaXub684wfNU3XCuj_ezWggTgw?stp=s1024x768&edm=AOnQwmMEAAAA&_nc_gid=m-ar5jfvd3L38Ugt_jbFwQ&_nc_oc=AdoeDM19vXSllGcGALbENckB2VnU15w25PK2Iv7vyQDDFmLXLRtNrI7Mv4A3IEiEMDgcdKc15O5V8NNc0mlqnYuC&ccb=10-5&oh=00_AQEvsVBiGuQ-PWpsLGXtnbpIPqxXfhS4D_zU9CQPtOP0DQ&oe=6AA46F6D&_nc_sid=201bca
567558021301824,4oormcsrucb7t55y3g4lim,1539876433183,1.4149780273438,-46.747786492692,-23.525921792294,https://scontent.fgru6-1.fna.fbcdn.net/m1/v/t6/An8RpL-4viLtJxkTQZFQPOWXyVrGfp0-T97M47C9WOculw5g5F6M9CMQ0eO6r8DNSl6kn1Cc8vIb4hjp61N_GvsALUBcz8qJ-LdfcZH1m9XM_WjzdTFHIzr5gCk_5egfs9aoDpTrTtbUuuxtsBl8Tg?stp=s1024x768&edm=AOnQwmMEAAAA&_nc_gid=m-ar5jfvd3L38Ugt_jbFwQ&_nc_oc=Adp__TN61Ifd1vOeoBwQoAqxFckkr71570SDoCPc0rAmWxfZ5VAar32AHF7mt7mFT70DhBTnYCJzRWWrdY7ynZvs&ccb=10-5&oh=00_AQERaOyCFnCKui889kycpRvVEr_US1BGOdR6dij24Zhsfg&oe=6AA490FD&_nc_sid=201bca
366400265053073,4oormcsrucb7t55y3g4lim,1539876439181,6.8387451171875,-46.747759168575,-23.524831789409,https://scontent.fgru6-1.fna.fbcdn.net/m1/v/t6/An-xLLE7Jsf7r6qcvh_pWa_XF5oipxmdjmbkTr3-JPkkdZbDtDxqXg_Xi2QUik4Ijpc_vitKzgvKhQAEfJFd9oRix7LCqAgowSvEgW6CwJ8IR1N6nZYtEbncmGEZA26tIg6szWe0X1gzYufjOs_1tw?stp=s1024x768&edm=AOnQwmMEAAAA&_nc_gid=m-ar5jfvd3L38Ugt_jbFwQ&_nc_oc=Adp_jFfRmYeyCkj5_ZNZVqYq-QYu1FGjTu7tJofPzgOCYSCBr3cWJC6fvaPb-sElPfNdLWHeXhN-9UMNxgBLpYdp&ccb=10-5&oh=00_AQG8Pe_As1TSKckwqB0d1MvWyJYcO6fubycDhFypZGRYyQ&oe=6AA46CA9&_nc_sid=201bca
400584724237460,4oormcsrucb7t55y3g4lim,1539876643146,54.205535888672,-46.729029805976,-23.517036797256,https://scontent.fgru6-1.fna.fbcdn.net/m1/v/t6/An-cQijq3_mtCejmSjY1WxToZCSARQCJTvcky2-15oCiIBsekcVgsmlVZy8wfOFX3PemacAKpoLFME02CJQSvTVf59404HFhwjS_pTjOlcBRoDLfYgWSyQKLJQWqEFdJrmBmsXe5QyVSVyu8oUJTIw?stp=s1024x768&edm=AOnQwmMEAAAA&_nc_gid=m-ar5jfvd3L38Ugt_jbFwQ&_nc_oc=Ado5skGaMjanFTBpXK8Ul-zy3m38-nUQi2DDaPn-xn3HvR1p0fkWyJkTWZlWdj-K6_pXWbqWDzARZ00pc_dSYok5&ccb=10-5&oh=00_AQHgQ0TTgpwz4fOBlyoHrVCwAThBRyiEl1tdhRJeXK_4Ww&oe=6AA48D6A&_nc_sid=201bca
966563000761283,4oormcsrucb7t55y3g4lim,1539876446194,4.3030395507812,-46.747598279214,-23.523718941365,https://scontent.fgru6-1.fna.fbcdn.net/m1/v/t6/An9Z78Jl8O6-wjM113GRBa7cxhPeap73dR4VbJ7wWLi6LAgvshqLXrDTKDHR_lzyK4pre3DO2XdeqolO-Oygg3QHE7GpdGI4ZeevLpyO0lQFKURZOmJb-N-5jpDFx9S0PNyaL7WcuQA57wep6HddYg?stp=s1024x768&edm=AOnQwmMEAAAA&_nc_gid=m-ar5jfvd3L38Ugt_jbFwQ&_nc_oc=AdrZs_As7j-TIy3E-JCRbYf65gi59cLs1ssHqdTwZ4-R1nBIrCrVCuVTmq1QbEkYnoX6qQqgfZg2sCdZvL9hcZzF&ccb=10-5&oh=00_AQF72_76SoioVr3LjNqcK0FTekm8qc1RgSNNKZ5QQTMyYQ&oe=6AA47553&_nc_sid=201bca
4356228157742900,4oormcsrucb7t55y3g4lim,1539876683169,320.53784179688,-46.727669273919,-23.511006146053,https://scontent.fgru6-1.fna.fbcdn.net/m1/v/t6/An8Y3dEK_UmkU-mXVMNqN5R8yuJ_cuUtfH40h434t8fSQOqr6WYf6B-ZmfHoiYL3Oa4xrEBs14a5uY3p8sdYxD7Oh-EX1jp8KAQjuX5NSj6dZ3lEMTGVnQfjk1Q-jmJpNUJIVh9JBtns2R94SFtTnNM?stp=s1024x768&edm=AOnQwmMEAAAA&_nc_gid=m-ar5jfvd3L38Ugt_jbFwQ&_nc_oc=AdoFMKfj_572c9OlY17H98muPG7SrjYFc_XHXgVhmN18qDR99K9bINjqrOsWDYFE29V0wp9OQ9i4eHsyAYUkdkl7&ccb=10-5&oh=00_AQGnbbrJyR4zj7itOhjYQWX6JnOjI-HFI3K7GTFClnA4Tw&oe=6AA48EFE&_nc_sid=201bca
520220355803324,4oormcsrucb7t55y3g4lim,1539876393103,322.63562011719,-46.747091973461,-23.533415682978,https://scontent.fgru6-1.fna.fbcdn.net/m1/v/t6/An_x_XTPtmHi4kC1rQKtB1qirooC6V72QSO-qC-tw0c_d446sAkVJ0KtuoHio_8r_qoYe25MPMsqoKuRMvqceHuf8XwGws3NCH9KHkp4GIGoNVMha6PQtsmuLZkbp0sfPnAS8OGJRVD_vtXbQu4mZg?stp=s1024x768&edm=AOnQwmMEAAAA&_nc_gid=m-ar5jfvd3L38Ugt_jbFwQ&_nc_oc=AdrEMXT8UBbClw_SIceNfm4qEmkkXRvaojM2JhD8uwHM9OG65gOza2-3DyV4wIr0n2TvViyitAaKq4pvE74XJy3s&ccb=10-5&oh=00_AQEwhiW9H1ClS8BTOgikztcqILIBY3vue-nT6t4LKa69Tw&oe=6AA45FF4&_nc_sid=201bca
532104437778924,4oormcsrucb7t55y3g4lim,1539877313151,308.00604248047,-46.79965290883,-23.417547154309,https://scontent.fgru6-1.fna.fbcdn.net/m1/v/t6/An_BUowUleUX88nTi1r8AN-8mYFLLFZqOXiPvkC8jvgKOBg_5Ol5Zj3FCG_ZHWySPBO5Gfjhm3JHkLAjBPWXIdhxuh25OV8ISkI1w_4ujDlma4qm6rbqQgTh7ILLBvSK9Y1rvi9cUpzLW0VQypnv9A?stp=s1024x768&edm=AOnQwmMEAAAA&_nc_gid=m-ar5jfvd3L38Ugt_jbFwQ&_nc_oc=Adryx1ol8EKM4x-FVMBRH7JsrQ0VsIefUgAI9YYiknAbvVXpY61BrJGm-Od6Sw8GJ9svELAbTwBIvr0-n5HrFznv&ccb=10-5&oh=00_AQEQyBO1lt04m_gSpewJQiDICLMv9tOECPbFA0apj8NoNA&oe=6AA46717&_nc_sid=201bca
737920343541498,4oormcsrucb7t55y3g4lim,1539876385689,342.91229248047,-46.746138747866,-23.534457449058,https://scontent.fgru6-1.fna.fbcdn.net/m1/v/t6/An-OH2bcKd-en_WIvcOfhTmkVYfkS3-CkrPtqqPe7m_y54sM-AGFmjXbpZOSSj9X7KsEyvRuRXROoBi6SFSfp-walieBVRdGvGcmjFrFVt_TO4eYrHXbnojm-PZdsvwvYh5MiBDiKe2wWPNodAf_2A?stp=s1024x768&edm=AOnQwmMEAAAA&_nc_gid=m-ar5jfvd3L38Ugt_jbFwQ&_nc_oc=Adq3oJp78QLL7mqYMGD8ULgEt6u2f78N1shU3NvvuFq3P7zJodufxctFYF2g0qdwarH6BhpeWSwHoMe7UHeJWTbW&ccb=10-5&oh=00_AQFsgfOxyWjJo0ufN5SaQBzRye_g7HK7gVM_SVINXTt74g&oe=6AA48542&_nc_sid=201bca
316445299877376,4oormcsrucb7t55y3g4lim,1539877010169,314.57012939453,-46.778606022049,-23.470925550177,https://scontent.fgru6-1.fna.fbcdn.net/m1/v/t6/An8g7wqEP37u6xnxc3jV1TuXXjtiEnmr2bb_V0DLhXwnwq0HI2fd6WvblYVvfQwFL2wCPnfi6-9IlB4qsJdVFm9jLwHwKCk0bxor1K6b8R35uLOvgA6F6OezwfQlEmBOxopIAqrqZjdJjF7Yh3UFlsE?stp=s1024x768&edm=AOnQwmMEAAAA&_nc_gid=m-ar5jfvd3L38Ugt_jbFwQ&_nc_oc=AdoYNeYSLZgioT7IRK01K4Juifzs2wPRzDiyf2Q05cXKOWy6LXn63Mgj_MDfFksodjzQBUYVSnOeiHm8AVXudpzc&ccb=10-5&oh=00_AQGI6mf63J0BEKc33Ivt5KQxr4CbrZ-GR9jQbRwuRntIPQ&oe=6AA46B58&_nc_sid=201bca
479046779982393,4oormcsrucb7t55y3g4lim,1539876412171,0.42703247070312,-46.747847473737,-23.530068026101,https://scontent.fgru6-1.fna.fbcdn.net/m1/v/t6/An-hL8fWPyrKEMF8F0-MXCxfBJ35GgoLwQaxgIdr3wTijHYpl3oPxhUQbl5yQ2iQgfeaew8Wn2P5O0lkCTEdeXD9YWl8Hso5TG0D85WByn17WcCK71SraJnQjR8ZWyvzY_YnFqdeRK9y289m-8g-5Q?stp=s1024x768&edm=AOnQwmMEAAAA&_nc_gid=m-ar5jfvd3L38Ugt_jbFwQ&_nc_oc=AdrSyydZhE6MM889Y7PQ2W5XgGk8Pt3z0dHyoZLHG7qRuKffv7Ml40BGPkmppfYcPshELR1cERR49upXXFTAd4O9&ccb=10-5&oh=00_AQGeJup8JJTlZLPcrQF0NzYw5me8p-vM4UPOm2XCXPXmjg&oe=6AA47699&_nc_sid=201bca
861488341069733,4oormcsrucb7t55y3g4lim,1539877395159,265.77758789062,-46.816681529594,-23.41037789576,https://scontent.fgru6-1.fna.fbcdn.net/m1/v/t6/An9rUNszF6uw8tFOCsWIgqzj5GoDllkzAYH6kjs9ehs-yVEG2BBAj5exkMQ4vfRspPb_RCAzYcTVftxeqtRpE-vJma9Iy4kNdzfrSHaBwsDK35P3gK5L1jZ4o7WhUDS7M5jAjRzecIcuQ5TIiplJYj0?stp=s1024x768&edm=AOnQwmMEAAAA&_nc_gid=m-ar5jfvd3L38Ugt_jbFwQ&_nc_oc=AdojpC_C30mlbVlY0uCB-xgPtvhojiIFoHoZf1PrS6T8b2aAeMZpQunqB-LPbXKuADQuboyfw3aglopCEZ1heqfA&ccb=10-5&oh=00_AQHPLogXblbkNyddHnaEiqtxLC5_7U-yU99UFOs4KMJ1yQ&oe=6AA47CEF&_nc_sid=201bca
2703846619915720,4oormcsrucb7t55y3g4lim,1539876991131,288.73510742188,-46.774708359191,-23.472909661051,https://scontent.fgru6-1.fna.fbcdn.net/m1/v/t6/An-Rn9Hm6xCIOwfAyfBPcaWbPp24OZKu84T3vgZTbDXxaMJBczYMgu5n_I8dWLZuiHMmDVz9FBJXB2mxAvZbDh8DuALGt_FEgRkyipHvSZjMNucbclVmIgVj-8iE1uF4lMQhGUQt1fOGxn8CwEv69w?stp=s1024x768&edm=AOnQwmMEAAAA&_nc_gid=m-ar5jfvd3L38Ugt_jbFwQ&_nc_oc=AdpoLWPZRDb1uMHv9lOUgxrwHwdRJb3KNPpMLBKtcr74chhaRhT29dp4NsPVRV6UlC2fIGqn78y2fXX7-GaGd-UD&ccb=10-5&oh=00_AQH4VtdB-l-bD1VvZFYvOkZeoe8cyXT6-a37Ps2-volh5g&oe=6AA49529&_nc_sid=201bca
148153077277587,4oormcsrucb7t55y3g4lim,1539876954138,11.183563232422,-46.770338817268,-23.478918635117,https://scontent.fgru6-1.fna.fbcdn.net/m1/v/t6/An_Nzr1N7W2O6N9Cm_nlSMyV2eLdSaMnd6Ua0IIgE4VsSB2W5NLtjjWb0Z-qb1glheiXBj7VK5IGKWP-t5X0aThYztOtleuQS2Tdj143ERkrKbyXRPqSptlunpuyJJ1GLKYUeZqbcmy54eAg0-rOUA?stp=s1024x768&edm=AOnQwmMEAAAA&_nc_gid=m-ar5jfvd3L38Ugt_jbFwQ&_nc_oc=AdokrIW1SfFagfyrKfPDSqOQcun9WNBoiv620SGKO8KjAUVQ7lzpvMZDtM4kW0r3kbgL5O3SG8X2xCos426LB-2a&ccb=10-5&oh=00_AQGMDO7FSYZkKxChRKAs3vMH2uFw9au963Kn9ma3h79QVQ&oe=6AA460D1&_nc_sid=201bca
203136324798095,4oormcsrucb7t55y3g4lim,1539876962145,2.3662109375,-46.769977730849,-23.47713189634,https://scontent.fgru6-1.fna.fbcdn.net/m1/v/t6/An_v6adKuXY-EDZI6FvLG4DyLZ3dIcFk7VknOsluuOIOUnWsgM8u9KZtc33YosZhmHUexvkJGRCFan5Cv8035RtvJwhAM091qMy29zvFw6Kj4SkVR3Iau4jaJ1JU_WHFqImvvJ-OfjGm8u2BxArI7g?stp=s1024x768&edm=AOnQwmMEAAAA&_nc_gid=m-ar5jfvd3L38Ugt_jbFwQ&_nc_oc=Adqwu0QWXHKp43XaQ5ZRGQEPQkGYcVccUFJ8K_so6v1WFwtGB_1G4geYPjuVpnni6LdcaPocR-d_Srx-1COfMQhR&ccb=10-5&oh=00_AQFlEHr25WTGGtgmXFD4N0dk0J8RNgZJtR6N6CVQCCJS0w&oe=6AA4630D&_nc_sid=201bca
550945275898863,4oormcsrucb7t55y3g4lim,1539876423174,0.32131958007812,-46.747803119422,-23.527838711113,https://scontent.fgru6-1.fna.fbcdn.net/m1/v/t6/An_HWIjraBN5ur70Vo2WEwfnYgTSiWhhxRYV8VdcNw6SpxTtdQpxbABfkBoR-74jR3UIPaABGskScX2P2xVMaG1iKTN1T5_MeeTOG_GkDtxT4iQ-YGCXhfC9tOm3pEMQF0vSn3rx-B8sZUtwgtVM7E0?stp=s1024x768&edm=AOnQwmMEAAAA&_nc_gid=m-ar5jfvd3L38Ugt_jbFwQ&_nc_oc=AdrVtpS09ls7nmDoOePXC1nFSZYzYAwUf1VjNvEqCoSvxwU3LIfGZmXIiig-vy8lIFB296PEd2HyiHX-FFUeeGG1&ccb=10-5&oh=00_AQE9J6rIVkmxQF8C7WZY5bgTg2gNZ7OxM4WVNA-QXxSXqA&oe=6AA482FE&_nc_sid=201bca
2899539853637215,4oormcsrucb7t55y3g4lim,1539877330158,304.70532226562,-46.803103511995,-23.415932887711,https://scontent.fgru6-1.fna.fbcdn.net/m1/v/t6/An99czdoh0_ijavMJd5GQKmPQApWSv12Ze5xZLz26uQl1ZoTDsJ50mGT8rnamgrqvP3yz-LM96lef_53xzPxRWMqIYfLaUV6428kdb93w-50kT0dFka5cvE5P4-CSB76spAtWodfC-9Hhcpg_lIh47M?stp=s1024x768&edm=AOnQwmMEAAAA&_nc_gid=m-ar5jfvd3L38Ugt_jbFwQ&_nc_oc=Adovdaf1CP9gewFmYBsegyFhd14RiLG7FfEpW-EF7LesPWYMz455Nicvgracac-6RiTV3rtJonWQjMQvXuDzFNg3&ccb=10-5&oh=00_AQGFCS4-DhMX2D_u3c1IRs-Oh6Cax8FUsb_TLDc3E4-3RA&oe=6AA464C2&_nc_sid=201bca
200439475101151,4oormcsrucb7t55y3g4lim,1539876798139,326.51037597656,-46.752947343029,-23.504267279428,https://scontent.fgru6-1.fna.fbcdn.net/m1/v/t6/An8HIavkZf9wtQFS7xyH83dpXaI-j2VqTQoA3zP5P86oquMEwCTRWmmx75t22TWHQ_l5p-KF3BGzLt7kg45ZRSk1M8NL5PbBsQcRDUt35y3RQU9HtJz-Bxb-KtMsEwONBZb4KRAwj6MiuJmSyQoIyfg?stp=s1024x768&edm=AOnQwmMEAAAA&_nc_gid=m-ar5jfvd3L38Ugt_jbFwQ&_nc_oc=AdoaWD5hH0Y5OGFLc6iGQTnL9e1qAhBFGkBXeqK9ag8xyoZ_JZuciXOYJjnOAxmD4_cmH2QUVn6k6zLyjIgdaKaV&ccb=10-5&oh=00_AQF4dzjHAN4S928MWJd0UdWhXfkm5p5mCzmg6REX_PiJWw&oe=6AA46314&_nc_sid=201bca
285672399877691,4oormcsrucb7t55y3g4lim,1539877320147,301.77252197266,-46.800997003255,-23.416907025959,https://scontent.fgru6-1.fna.fbcdn.net/m1/v/t6/An8x2GMauodm9T48PwdXFx9volHXQS-hT8FSpqdCKrdE7S-2Ll3u5c6k9THonnIF3Z1eYZlRFYDXsLZi1gZrnbgGTImvQ5d7FzoiUCTnZBbNOnf57ZjJXjNlzEGrKT8qadmcLI0NAlj0SvPuKn9mrQ?stp=s1024x768&edm=AOnQwmMEAAAA&_nc_gid=m-ar5jfvd3L38Ugt_jbFwQ&_nc_oc=AdqM4cgZRfsogi5MJOMQbRyPk7Wlpsw-76xuro0wHol45wgzPtbulA5mGxmdryUnH8gH2dCg3VShRCV7NPex2dg_&ccb=10-5&oh=00_AQG9cHclS8-YfqeL7GhKHtUaQK_9bWHPeDofOOHrNcNX6Q&oe=6AA47B5D&_nc_sid=201bca
951402362277688,4oormcsrucb7t55y3g4lim,1539876422179,1.3446655273438,-46.747804305365,-23.528032593328,https://scontent.fgru6-1.fna.fbcdn.net/m1/v/t6/An-nKR0G7KEqbIT0JyR2zVB7KOi8vwkQvALx8ObyomCL1j-kruSbFBq2BKKbufO85ylq2LTghDBuQjyzLiBj07RncYHSJCPFe1s17XytnN5xNT093Zu5aeDHnjC8t83cC-UhhkFbYZP1FlPXDFdUBJk?stp=s1024x768&edm=AOnQwmMEAAAA&_nc_gid=m-ar5jfvd3L38Ugt_jbFwQ&_nc_oc=AdqIVdFmSdPZFhFpALGJMil7Ma-RKwZXXGGhGlLrdvS3fY6j99Pxg_VRKTfFUoUMW9gt4C01QX0azLOrQvAMsrkI&ccb=10-5&oh=00_AQEMPHhT5F8YKvEGEOtDddJ9CH7wT-sOauFmDamFN6mUug&oe=6AA4801B&_nc_sid=201bca
472071287404256,4oormcsrucb7t55y3g4lim,1539876560133,57.575988769531,-46.743158075327,-23.518300297532,https://scontent.fgru6-1.fna.fbcdn.net/m1/v/t6/An9LhAYd4ohOth1ULzQssDiBjcm-dcnlLw-bJCG2865PP4Inbzc3ewuxsseaXDNM9M5Y4F3GnwPbshTguvsfi-5GqXMm2oNWpH12XRzufiv2vH9NnDNvhEpZ5SC8lq3njJEKrHMgDHb_MIIDWIHqZvY?stp=s1024x768&edm=AOnQwmMEAAAA&_nc_gid=m-ar5jfvd3L38Ugt_jbFwQ&_nc_oc=AdryqKPbSa8mw7k48NLqjxWIpyR_RtrtH2CJHL2-0qM88X0ix_IPETDKqXpe9vEu-PR01r3SqRYix2M1ayHx4YCR&ccb=10-5&oh=00_AQEQGJxgb_u8ClZDh_aVrrqbmPT1ZMb6RtFLtFimpCVdcQ&oe=6AA45F07&_nc_sid=201bca
778907932993255,4oormcsrucb7t55y3g4lim,1539876420191,1.962158203125,-46.747806580922,-23.528432117143,https://scontent.fgru6-1.fna.fbcdn.net/m1/v/t6/An9y32drze6koA2h0x_fX0kSCLY6RpDaSKJxURFF02kYnIa8h5r3qYiuLsww5nDkCYNOot1sfa1VeJjjTaFrirDfCtcTj6hNZGQ1dLHeTRLuGVzuLAiMNOsWkZqCstB_PZe7jBKDf_di8yRqCEuLaw?stp=s1024x768&edm=AOnQwmMEAAAA&_nc_gid=m-ar5jfvd3L38Ugt_jbFwQ&_nc_oc=AdqjJcuYAlLsipGy8oDUPSs7mCPibOGZhROVBytOwmKSp-tf1jDwF1AUa-qh76Oj_uNEQT_x2kWQPXFI4NgdvsBg&ccb=10-5&oh=00_AQE7kuh1z7QS9VQDwzMalSu7UBXMLzWb9uiOvo0OkC-iQg&oe=6AA48685&_nc_sid=201bca
167933181816846,4oormcsrucb7t55y3g4lim,1539876777131,280.83258056641,-46.749345780888,-23.507124806628,https://scontent.fgru6-1.fna.fbcdn.net/m1/v/t6/An_qhxaQ8o5_YWERFx_mS8inUkfnEwcSSag2tT4dH4qqONMAOx7fmbWubSDOgY0ID8SZuqNJ6b24TOc0baeaQ6p2i5FXqWhOTGsOZj8m_0grWtS7Si8kQLx5Buqv9f-n72o_f0_ahvzd05tNg4dVgQ?stp=s1024x768&edm=AOnQwmMEAAAA&_nc_gid=m-ar5jfvd3L38Ugt_jbFwQ&_nc_oc=Adr1Ek7mvosAvvxjxvE9qd9eK6srKv68zvtTWrF4ArZBN264pYdXxKwYY-YzfntVmJauYstk_RIhwoz8Mnt6dGEH&ccb=10-5&oh=00_AQE8UFc8AKJ3zuY69-XSOedv7knOecJf-6gLscWFeAgJ3w&oe=6AA49370&_nc_sid=201bca
536190000731327,4oormcsrucb7t55y3g4lim,1539876982138,290.84149169922,-46.772627142334,-23.473695092803,https://scontent.fgru6-1.fna.fbcdn.net/m1/v/t6/An-BHptl4QfmatNSvCKQFS8pYFHCh7bT5ARP5xO7-RxByFgjcDrJsVljZ3GnzmX0cBuYi5cO6rZkFBEOeVnSM1S61jiuspjhrZ6HjZtXie_5njQC8QdJUTmkqGSpXVnIh6TgqENUUSkBljeaNP-PKw?stp=s1024x768&edm=AOnQwmMEAAAA&_nc_gid=m-ar5jfvd3L38Ugt_jbFwQ&_nc_oc=Adp6XI_Z5aCDqTjpG6tW7R_DgV6LHd7d8YIGFX3KAUp1_ZftsUr7bgGKG-WgDYGkyh6H6OZe80ctrCXaOxda71i-&ccb=10-5&oh=00_AQHtqkZ9TonzjX4oPFkOCMXaeSrt8qPjp-y2QqhgeRGK5w&oe=6AA46F0C&_nc_sid=201bca
2937104793278157,4oormcsrucb7t55y3g4lim,1539876395096,328.18737792969,-46.74730458588,-23.533117437081,https://scontent.fgru6-1.fna.fbcdn.net/m1/v/t6/An97FuOVs9PHmjFsP4lMvGsMBJLJ-ZhwWldH_mIpbm1EaSrtjpqmVt789WBmIHUe2B-FFxmKXgAfA9Q_E_ZFySHqXVaaljW8vcYG-7WkJ8KGBXTLeOVO1ge2f_SJcnGveb6aT54Hf5Ap_Tps4yNghW8?stp=s1024x768&edm=AOnQwmMEAAAA&_nc_gid=m-ar5jfvd3L38Ugt_jbFwQ&_nc_oc=AdqI-3w8XCHyYOU1rYGmBipokRUQOqcUlSzAmz2WmCkVwzA2CgkgoHVhg-4fRZCAh6qVlsM7WFBaf5q4FoDNTWwh&ccb=10-5&oh=00_AQGe0LWeKXRhnjrRVXqFDo8onsKpmo-kB4yVE00Du656Uw&oe=6AA45F88&_nc_sid=201bca
231734712048946,4oormcsrucb7t55y3g4lim,1539876817135,352.66784667969,-46.754592230896,-23.500209857124,https://scontent.fgru6-1.fna.fbcdn.net/m1/v/t6/An9zlQMpAN4Iqd4dmnJMlNQPSeY7yfSmnNQTLgGVVqXy4WQDHIXVths4ccLWPe9Xv7xNmjhvupAQz7SLzaisYxi1zdZZ9v4pL39au8UYOXSsrFq3LdG2UMnnrxi1xOQ0N4Zb0rwuKNeHmM3FOq74Cg?stp=s1024x768&edm=AOnQwmMEAAAA&_nc_gid=m-ar5jfvd3L38Ugt_jbFwQ&_nc_oc=Adql4myBbtyszHf2Ojq1EO2SYwpJxpVRqO3XYDbAIUYRMFXR3YhbBQvzZLnzYjfk6H6wJ5_7k5wAVA49c5YnKu7q&ccb=10-5&oh=00_AQGqcBpKorhqUq9moCEQ-KcJ7OeTJev-yfr83d8Glud7gg&oe=6AA46F5A&_nc_sid=201bca
539436147212466,4oormcsrucb7t55y3g4lim,1539876827144,356.60223388672,-46.754572243969,-23.49768618976,https://scontent.fgru6-1.fna.fbcdn.net/m1/v/t6/An_i9Qlca2MDdIfALTLEaspUefJ2psDEeQEdZ2fU9oIlo3U8lhOoBMizPL3JsgKpzKsWS7QWBMiAURh4S-obNCcWpiC9AwZEa8YFjhYlQVl8KBHHbkC8qt2Qy7Ppa8HfuRUhpAH2W-BWu8uETBd12A?stp=s1024x768&edm=AOnQwmMEAAAA&_nc_gid=m-ar5jfvd3L38Ugt_jbFwQ&_nc_oc=AdovHUbarN51lXwPbRRPr5YsiXMMDcHVqhXZR_uUaY0jgS6dhYbUd0ol8iDgFquwQy_yuqOtGKG80xJlpL75JxWi&ccb=10-5&oh=00_AQFyxcuPWcJpsjLYuqbOUYOt7YAA6Qvp4gtZBFUJuKrzVQ&oe=6AA46AA9&_nc_sid=201bca
902528727203371,4oormcsrucb7t55y3g4lim,1539876391113,319.65563964844,-46.746845468226,-23.533700046142,https://scontent.fgru6-1.fna.fbcdn.net/m1/v/t6/An_Y1UV8PHAK0GgZeQwtcsW7kTnd7CHUM93B6qOlGo-oaO-FaZ2O2KZGRrd6eBge90n_TQUvFNnHocSTwFPnv6tsk25Ijd4U7SxK4S5tLdhAb3JV0oq8RA8X96pOyeQYKY9TVX6AqEUQysahPhhmmg?stp=s1024x768&edm=AOnQwmMEAAAA&_nc_gid=m-ar5jfvd3L38Ugt_jbFwQ&_nc_oc=AdoJeB8KE3v3uOpZ6s7sTibKvmeZGbFB4-pBBFU3vFjLJ5fo48i_Wb8uayeCIaPDdUYzgN8vv7--r9hCOm9oYMwJ&ccb=10-5&oh=00_AQFCLsmfDGqb837WUmoNNeqcOM7GIcHKFyfZi_Ozz_3Cpw&oe=6AA4870E&_nc_sid=201bca
315278630173082,4oormcsrucb7t55y3g4lim,1539876411124,1.3434448242188,-46.747849100977,-23.530268193543,https://scontent.fgru6-1.fna.fbcdn.net/m1/v/t6/An_uO_UeeciNXYA9Yz7S0_ofCt0nkRuPyVFL6MRkAXTxhdEGatHarVQ22r64rs699D3IxrfXI73pmz5jYz8iKlTB-CtE75SIm55aBHvoR8YpHoWQykH-PU0Kxrx2Gz9dIvvPo7MI6k2WCBIMXvAClQ?stp=s1024x768&edm=AOnQwmMEAAAA&_nc_gid=m-ar5jfvd3L38Ugt_jbFwQ&_nc_oc=AdofMkOXqMB1S7m3AzhjESE-3Rz5u7Bo_zdGLuvM5I3Zln_fYv8M_wKSJC8uyiJQRd3tuiahW4J-zWYAPkHOn-gU&ccb=10-5&oh=00_AQH83B5RVpVpCavms1IPhVNIlnDn4WzCzpbdqdi8pqwOrA&oe=6AA46BF1&_nc_sid=201bca
1415255118814422,4oormcsrucb7t55y3g4lim,1539876674143,341.31274414062,-46.72681978948,-23.512499774377,https://scontent.fgru6-1.fna.fbcdn.net/m1/v/t6/An-lbLk6pLhSB6kv5wHtT2zRqOlKfT5yidrlaA-E6vlKyWp8_09fGhClfg_Ivx1P384xguFJXtyXjl_88NftXNVmjSJytBkhkNBVc_1IXxJap-ItaGVJlidLFbec7HBuaNAiuAVykUio6mZcvZkXqQ?stp=s1024x768&edm=AOnQwmMEAAAA&_nc_gid=m-ar5jfvd3L38Ugt_jbFwQ&_nc_oc=AdpvL0SC-jDy1POlBKVwTIPpMTTJZvzDDimKLK6-4dPhR_1pgM3s9hrfrJ8iISbCf9Ig43fIUgGEdLt8Z2LJeYIQ&ccb=10-5&oh=00_AQGoUEEseiKL5lhkw-5AXU2FIAuMh_zyR4RiR1iveL11-A&oe=6AA47701&_nc_sid=201bca
143288341046238,4oormcsrucb7t55y3g4lim,1539876410123,1.0915222167969,-46.747854109781,-23.530464011481,https://scontent.fgru6-1.fna.fbcdn.net/m1/v/t6/An8RoOAf3maJiZLUHA66Cno_I6ihwMNN9ZMznVePvHgf_qDamdkukAer_EpBUYMm7ouSpmQq3WI1CwpjFXCOQQAz-jw44RaW_OUX8hhPwj7c6bFzCTe-8I-FKc4Za7NUeIsaXvGuN6kEVUOUkX2mIg?stp=s1024x768&edm=AOnQwmMEAAAA&_nc_gid=m-ar5jfvd3L38Ugt_jbFwQ&_nc_oc=AdpWnJNSHNPqaCw1hopFmGfuU7wZm3PHODkf1LupfqUWjSgLi559MVh7bLRQAZ4Bm5rpk4S-dyYA42vCx_7FYn1C&ccb=10-5&oh=00_AQFqWxtuKwv9HuykjqbJlIZCOBDUYn1xPeRAhKBzLhwz6w&oe=6AA474BA&_nc_sid=201bca
154806533267752,4oormcsrucb7t55y3g4lim,1539876523157,17.800140380859,-46.74624787584,-23.520195024232,https://scontent.fgru6-1.fna.fbcdn.net/m1/v/t6/An-AjtlqHuNxCtnNWx9GNBQWK41Qp-ShTHSl1zBd20trLrhpfo9SDNRZNKXKmtu4WlWJ_GznLYNINeUjFwFoJ-rOW3ewyBXrcD-Ot2tjzx9cYn4tlgVmB5JUtrw-n9HbTnseE9AV6_p9T2Yln4Hlhw?stp=s1024x768&edm=AOnQwmMEAAAA&_nc_gid=m-ar5jfvd3L38Ugt_jbFwQ&_nc_oc=AdrnjOivmdF7jMpCqhFEYis2e63iSxY843lp0tbNh7nyLX5tuGVmyi9ogiQTVbLSpNu26anCWHycAPRaRWi-OKnO&ccb=10-5&oh=00_AQED-K75R2Htcm4lgmT1_nfgWwhP6Y4urvNj0lhB6liFlw&oe=6AA48A3D&_nc_sid=201bca
246772830575288,4oormcsrucb7t55y3g4lim,1539877024178,18.88232421875,-46.77867959276,-23.468423930333,https://scontent.fgru6-1.fna.fbcdn.net/m1/v/t6/An-1wcFbv_xwp7BIv2SzfMA-b57b05Tjhejqt7EEdOfqJNsg86-ce8Pa8EgpmmKiSR_bfzAhhHBR5l8EJJzi2XCuZIurDOgGhBkhjUDNbah6aHWzUvC0ilCa72mtE8Q5n_jGbcTTKW1w6Cmpp7Jaww?stp=s1024x768&edm=AOnQwmMEAAAA&_nc_gid=m-ar5jfvd3L38Ugt_jbFwQ&_nc_oc=AdrOAyqHw2D7jLl5GQ_keXYeN2hdmwpzD8xpsih0EgXqD0QPw4a1LCHwOro0kxEExnj-N3jtjec0_63q3oXvN533&ccb=10-5&oh=00_AQGuUIYRTEr69TVbz4qmh3sh3V7h9PIBFH-aAJK1-UxUjA&oe=6AA46FBA&_nc_sid=201bca
510651523421916,4oormcsrucb7t55y3g4lim,1539877379156,271.91174316406,-46.813167618093,-23.410450975446,https://scontent.fgru6-1.fna.fbcdn.net/m1/v/t6/An9-zQp12ZnpDBjPqxk1btXBRYuIcF_UjkhBtuuUCAtGn0LDqW7ZER6UZogBZvc_1q41JkhUSr3jiJaqCLYBJm3EplmtQTF8OmqNKFpLIz81xNrRcDo6xcfU6Mn3barvd3pnoFBPAmdwamgcGe0E6Q?stp=s1024x768&edm=AOnQwmMEAAAA&_nc_gid=m-ar5jfvd3L38Ugt_jbFwQ&_nc_oc=Adr3fIEVjVUdrfbOMSF6B6u6uz2UFYucC-YUhFekrkjkfnlB4HtoPTIW5Ig-0iSShha8PTi9E8g3E-dT4_vckqHm&ccb=10-5&oh=00_AQExltq-7ZyKhQGu9DcfDZnozE4vU6uW6uXvLQF7e2nZEw&oe=6AA47541&_nc_sid=201bca
149148180508742,4oormcsrucb7t55y3g4lim,1539876548133,60.931396484375,-46.744940022677,-23.519107421553,https://scontent.fgru6-1.fna.fbcdn.net/m1/v/t6/An8ays3-2AUtQQtGUhcFSoLh2qT4mi-53uUuVO5WYC8rmo_LorXKHtzMwzqV1j9DPY3-oBa7cAdDJK_ARf4QvC5XMkGYgEYGYDJAdpuM6Lwow1BurTfHetS1drolULoXedfMSQU4pOBWJoRJTwNqsfk?stp=s1024x768&edm=AOnQwmMEAAAA&_nc_gid=m-ar5jfvd3L38Ugt_jbFwQ&_nc_oc=AdqYCWLlq3ybInLIo7ulNL3pmdvdODQO90rlkirhMdDasKklGLZAkZN7LX2UX2G55TCJGMJHDYnRVSArgYuzi2HH&ccb=10-5&oh=00_AQGICtcXACds_-QYGI1w8CIzseLDAFxZf1neq2PzogACcQ&oe=6AA4850A&_nc_sid=201bca
249037486967477,4oormcsrucb7t55y3g4lim,1539876400099,342.59155273438,-46.747688723714,-23.532301576034,https://scontent.fgru6-1.fna.fbcdn.net/m1/v/t6/An8VqzqrhaeUciyDHu9_jivP-ftbs9a8hHAGCkIUO2yiOKiz8A55ANKtOtfU0M6r0CV87EDuNhrNbHsmnI1Q2G-5ZB8HyY5Bbc2cJeCO0qvIrhJ6t7E4cRDIB7DBHy65VOZUdBsFyL8sXU6aldkkXQ?stp=s1024x768&edm=AOnQwmMEAAAA&_nc_gid=m-ar5jfvd3L38Ugt_jbFwQ&_nc_oc=Adq0EJmT4d2k7M60zPlhKOrjLs-VMyh-_63PWGusqmUga5Xrf0eOdtpOT-vZjYSmgJBeqQe0RJ3N1Wmnbuxv4izk&ccb=10-5&oh=00_AQE1Y4N19wiTuL0eWu1U4-ABMzxBMeWA8QE6N5MCah1WSQ&oe=6AA49293&_nc_sid=201bca
291491569187937,4oormcsrucb7t55y3g4lim,1539876405132,355.96362304688,-46.747832069808,-23.531402930546,https://scontent.fgru6-1.fna.fbcdn.net/m1/v/t6/An9HDXuLofhaEHPSz6srupRhz5UVHn_PNMB_QvmGYuvEZzCGc837fmdvixdrR6ScNowXCBEiSuPCF_LiUbAhbzXY4Str80Ltp6nRT8VLIa7Cemi3U38_uZ19MV-clt6WpJCFj1syuO-IJvjz3rcajg?stp=s1024x768&edm=AOnQwmMEAAAA&_nc_gid=m-ar5jfvd3L38Ugt_jbFwQ&_nc_oc=AdrcrdG0j0CYszgKX7bh8pDf8AU0JDHgC5le0JzK3JbaqA6pPFy4UiaS-B6ezYrwBc6rJnnP4C5_pJpPOjksfKtM&ccb=10-5&oh=00_AQGl8bcHSEAcq7RLSCJCnISOK6zriBwZKwUJy3fQmt2Ahw&oe=6AA48C9A&_nc_sid=201bca
509165216772570,4oormcsrucb7t55y3g4lim,1539876741139,275.9912109375,-46.740713356072,-23.507807011231,https://scontent.fgru6-1.fna.fbcdn.net/m1/v/t6/An9Bcsfgd1w0xPDHBo6pNkUv-9a-3A7KTlnFtS_qP1WG-NO0UTlVu7dmjXArMNBvct9wQMmOb0kFH0vvKhM5rqs4F1T6iWDdgbOrOC8-bFv_TGIYhpNpOExtptNwSYh38zhdOkxKRQq7VWMo43RlHA?stp=s1024x768&edm=AOnQwmMEAAAA&_nc_gid=m-ar5jfvd3L38Ugt_jbFwQ&_nc_oc=AdqR3lXL_BjdrMcjICC7nSvYiCCjSSqfA90aYLAOqmJD0Qf4oaxlVcDgBARg76W_wUX_O0J4YiAbkoEnEc86DW0F&ccb=10-5&oh=00_AQF37BFnsFCnRYpYkuxLRhOqdlAPM4L7sluIsJH05sJ24g&oe=6AA46892&_nc_sid=201bca
219514839622882,4oormcsrucb7t55y3g4lim,1539876407143,355.39501953125,-46.747862735836,-23.531033309827,https://scontent.fgru6-1.fna.fbcdn.net/m1/v/t6/An8o5xqB2d3rJ_DP85HiMsfV4bekI4kzqckUds6_0uLOdCN88lUiQnfI7HZnwizx_v_IM-b4u2yrdmult2HdcPr0aXTbxR7SJVz6hLnLD7ifSYxcXywpe30d-F4CyDN3L9Nqc7lv-VXedgCBxAJBUA?stp=s1024x768&edm=AOnQwmMEAAAA&_nc_gid=m-ar5jfvd3L38Ugt_jbFwQ&_nc_oc=AdocUDjTSe2NQaWSXYyaGdXSoSGGngk9IYWLmLEPMrr18doWkDT_6Yb73SoDs7y005XJQVbdjvK4M20VG8GpkHVU&ccb=10-5&oh=00_AQGwo3J5gjedbvjZ4ylpaz5D-lj0KbG5eswFMel_1nhGlg&oe=6AA488CF&_nc_sid=201bca
490553325707864,4oormcsrucb7t55y3g4lim,1539877084143,323.40716552734,-46.784318847504,-23.456884353778,https://scontent.fgru6-1.fna.fbcdn.net/m1/v/t6/An_WHY3WGfFgC44WdHhkUvPTXgV26dg_uabtFE7EzGc0KqL709uUGc03QWlWDfO1dZ-XI3Zis9K9lpqRPxutVmsGo13QfQ-KwYnORk4FAYTPUa3hYdCzyrtp0_gwmrtD9JeWl8Ip4M2XkLWMFlcMsw?stp=s1024x768&edm=AOnQwmMEAAAA&_nc_gid=m-ar5jfvd3L38Ugt_jbFwQ&_nc_oc=AdrnSVdQgNwsiGSvMAJA5moR1hfyfLQ1aWUR-Stp63v-hjoLtgqQ5g4t_XhQDzTHgKiVVEtk73Yc2U8F8Qhlsdso&ccb=10-5&oh=00_AQFuHnXQNpBjIpk6DCEKSRZVaQgFNjqtzydiU8xGO-7ZPg&oe=6AA494FF&_nc_sid=201bca
1841273312713185,4oormcsrucb7t55y3g4lim,1539877241159,345.93530273438,-46.787707793874,-23.425817669451,https://scontent.fgru6-1.fna.fbcdn.net/m1/v/t6/An-zHED5UTlGNMMCio_bU7x4viOC9oK5eHH0WIzOX-WL6Ix3bdLNu2jO_k2OX9vjvHebd3tZaeFlfbY_3zQUUV3KZYz91DUt-uYtLfMvhCnXIcK4oN8Ri4AN8huTW253BMgC7kcvivq5DtWEc6EuVA?stp=s1024x768&edm=AOnQwmMEAAAA&_nc_gid=m-ar5jfvd3L38Ugt_jbFwQ&_nc_oc=AdpwHGX3WRvbA5m67oQy_DfJP4Gqm-X5XrLChm2eSuGtxvYQVh2yNxLt6DDR7LALFhG7_L4GwcWJJjW-UG-8UQw2&ccb=10-5&oh=00_AQGa9yYV1_MNAQTXYnZRgJ1Ab0YLixvOSZ0o3D3Ff4aIRQ&oe=6AA494A7&_nc_sid=201bca
2684567458495762,4oormcsrucb7t55y3g4lim,1539877349156,301.99005126953,-46.807130272516,-23.413742442331,https://scontent.fgru6-1.fna.fbcdn.net/m1/v/t6/An8KVZIikvYg4e4TFwXmV2o3E55uNlKIqfMXnnSbCkKt3TmJzmYS2vLDiYvcTlxgW9HXSXLaAWC7B8LzWeJ8hn_9-aZ1iRbWicwi8DUDJcqg5pSEDZtOXiKn2y6J74lnWRltJomd_0a07P5l5AvL6g?stp=s1024x768&edm=AOnQwmMEAAAA&_nc_gid=m-ar5jfvd3L38Ugt_jbFwQ&_nc_oc=Adp4zOMl6QjnyiAO0rKKBo7kjFVlyxOGKWFWFPp_JzTZy8QbRtBKTPbmfSO8p8QVb2KZM2eRZ-v6l_I9yNhJd9X_&ccb=10-5&oh=00_AQFFmE3uqBXN_LFt6u183702uz39PW1x0tVfMU2f1IWDIQ&oe=6AA47711&_nc_sid=201bca
194393802529802,4oormcsrucb7t55y3g4lim,1539876434177,354.43188476562,-46.747805926295,-23.525739018853,https://scontent.fgru6-1.fna.fbcdn.net/m1/v/t6/An84bS8gf350ZzKNJBu_7gXRgzSUKfeuil21q_hrfWqpdAtZUJaG8UN-bQCDI_6aoTwXgZN05_zoyyexDAjmXliotFtE0UWFR7TnMsrmpid1GjCVoD4Dj94AVTFef9bw6R1uAn2lX_FHj1r2hTET-g?stp=s1024x768&edm=AOnQwmMEAAAA&_nc_gid=m-ar5jfvd3L38Ugt_jbFwQ&_nc_oc=Adrr8YlQUvbdjbJrLymh_wjPJBntA7YGqenlRIfO_Klns2oah8kSfrHe3nxBcD01nrLWFLCBzZF_4EE8RaYqQg1_&ccb=10-5&oh=00_AQHxxeGImsZEqGUiXn658p0QYJAjc2RThc-AJYq_dlH65A&oe=6AA462B2&_nc_sid=201bca
1807256692786330,4oormcsrucb7t55y3g4lim,1539876654145,49.036010742188,-46.727107187501,-23.515701181769,https://scontent.fgru6-1.fna.fbcdn.net/m1/v/t6/An-7Fn9VK2-JZxicSODpeXQEV4u-QDK812qBpNWvpcCBJQJPLXr0WrcdyUAl3Pp8cAdsaCH8BX48dgHbiOaBm_q8M7UqYBECzrIAky316NxXuhxuRFY-iQHUeg_qfXh3MkQ82K72CL0US5I6Yn1z2w?stp=s1024x768&edm=AOnQwmMEAAAA&_nc_gid=m-ar5jfvd3L38Ugt_jbFwQ&_nc_oc=AdpJgvBXOA9zbx2NtXYsOKPO6YywudhrR1uB1UBDVirp8wv6J_aZaYtwAOo7l8Bu8Okg2u1sk-zCzKqItrjnBqt7&ccb=10-5&oh=00_AQF142rYihPztwiIi_A2gb2X0ACPNetNvUHbaimWkRVhwg&oe=6AA46ADB&_nc_sid=201bca
2748902188754271,4oormcsrucb7t55y3g4lim,1539877038186,7.4596252441406,-46.777750214283,-23.465918901534,https://scontent.fgru6-1.fna.fbcdn.net/m1/v/t6/An9stXFE-j_6ndKaskzt7HMru7yERxu3YyvF6J6P3JGeNtW8vlmTTGnSHDspw1GP5aERfSf1x9GhPRTviPTzEtdQDQIRO516AAp_wmQnZpop_0yIYpNGuVZNID38eL9mqz2eshkg07Pub6whG5A3N8s?stp=s1024x768&edm=AOnQwmMEAAAA&_nc_gid=m-ar5jfvd3L38Ugt_jbFwQ&_nc_oc=AdrIblqZctrnU98_w_SFld0jaJhCCMVVlwfxj0JpibjvGtQdGzinzJWzU8Dy8nk51Dr6kRma-kcbRoT847X9l2Di&ccb=10-5&oh=00_AQHuuOQ2PDzMDkoSrfL-1vsqRk2HjTMVlHM5M7WdLOLMgA&oe=6AA47324&_nc_sid=201bca
141871727862503,4oormcsrucb7t55y3g4lim,1539876403127,352.24475097656,-46.747801241883,-23.531768262794,https://scontent.fgru6-1.fna.fbcdn.net/m1/v/t6/An9JxCsSgViodkOSaKdawS7IJSxYoCz7wHewYav5C8zPpocQB-geJ8JoHKKVaXfilsmU4IpJRRhsOQPGnafZNFW2QNilBRz47lHU3VrWXgVT59UlWblFpaP2_hAK80Ec1gAKXI3nvqb5VjTOK6Dy-g?stp=s1024x768&edm=AOnQwmMEAAAA&_nc_gid=m-ar5jfvd3L38Ugt_jbFwQ&_nc_oc=Adr16nyoCdRTLkth8ki0TMQhdkxxUue74TXIU6DngX4FZgf-0Mu5uA-daFgCERZBcR6wFmfLybi7mltKTLjELHnl&ccb=10-5&oh=00_AQGavP4FI25USHwxlptVcg7_lSzIvy6gD4dnhITjSg8b5w&oe=6AA4782F&_nc_sid=201bca
416194599631213,4oormcsrucb7t55y3g4lim,1539876723135,271.81042480469,-46.736055954653,-23.508280255231,https://scontent.fgru6-1.fna.fbcdn.net/m1/v/t6/An-F7H6RtLI1cWNw2ITVMTbDiDmgu_mkqOExup7GG_W6xTan3Y2XJR6Eh9FCzgSKLXUpnSIU74wV9bVkCUq9XvzTjDOz4Fk9-mXLD3greCQrp6u6xRXi9OxCs3HGQK2D8L_vI7Lelx5ze8IqrhYOcw?stp=s1024x768&edm=AOnQwmMEAAAA&_nc_gid=m-ar5jfvd3L38Ugt_jbFwQ&_nc_oc=AdqZ708noLxYP1-fB66mcOugxj2C_t1mGHJtboQG2BG6hA4SuAzWckFXDWAMe-WYP_XFauxthBBPU21yh6shOpEj&ccb=10-5&oh=00_AQG9ZY9qHpQF68nYORt4WdQqMLrwqsR-H_nAMnmAcUhZEw&oe=6AA48D0E&_nc_sid=201bca
740165573332279,4oormcsrucb7t55y3g4lim,1539876479168,27.431365966797,-46.747073367405,-23.522043247933,https://scontent.fgru6-1.fna.fbcdn.net/m1/v/t6/An9qLaT-yx7P0SzwzFYrpIkwpyU90rpGL8ea0bDzkg36hS3GKFtMMTk9f29y4wmUiy_y6OGbohyM7i2Zo9xJMVecsGl67VoUfyEpiSr-vVpWHuPGr5jIIgsEGZDXB6DeJvS-5RTSZZMMmEDY3Dcimg?stp=s1024x768&edm=AOnQwmMEAAAA&_nc_gid=m-ar5jfvd3L38Ugt_jbFwQ&_nc_oc=Adpa-okwam5Zg2Ibcp2fBaRhkUMyz7cEd0-_4VOzAEVP-MNG_kKCJOdMyK3JY5_Rl5NUDI09IazPcmn1FLpqjfP1&ccb=10-5&oh=00_AQE5qZ99UCM3iT6y_bzkcOLwF6nIwHKITax7TQy9I_CiTQ&oe=6AA49031&_nc_sid=201bca
801312947421541,4oormcsrucb7t55y3g4lim,1539876698120,302.01324462891,-46.730304956247,-23.509255326653,https://scontent.fgru6-1.fna.fbcdn.net/m1/v/t6/An80Wrd6dEKppPHLPELO5LhRbfy07O5k8v59U604mJC7sjtclBTt8gLiTFJ_0hRzmcA6B3BGo_j50q7Bjbv9rc-CZsezB2WzALXWIINraVPVjt_Sre2TkGHSCVVp_CmI1iES03NWirdmyAyZCgcd4jQ?stp=s1024x768&edm=AOnQwmMEAAAA&_nc_gid=m-ar5jfvd3L38Ugt_jbFwQ&_nc_oc=AdrLirw2r3P9xeGZBEURJ7LP7j9onAB_ZpbTN4nlppp3F8MvyziO-KDDwpf_6e54YC_g7B9bte_wxrtOVXYeaosn&ccb=10-5&oh=00_AQFcf0uUOkTURPC3VNURFw5-nPiNLI4D598P5_verJM4Og&oe=6AA46FBC&_nc_sid=201bca
280684880418396,4oormcsrucb7t55y3g4lim,1539877090141,323.81005859375,-46.785214730042,-23.455705808218,https://scontent.fgru6-1.fna.fbcdn.net/m1/v/t6/An92O1WnuWW0G0fvI4jBh7GQW_hJi5GUECywl74zhAwe1qGji3MWj2m7wSVuDK6u-QFAo4iUUEXnoYE8rKlf5LLQRe5TbmURdcUCYqLaS8yqk9y02KAD2EtO63ukpuCPrZ-Ul-EnD7WjdIt_nQAsjw?stp=s1024x768&edm=AOnQwmMEAAAA&_nc_gid=m-ar5jfvd3L38Ugt_jbFwQ&_nc_oc=Adp9Z0nwhsWx6SxZHPx1sO1a_RM7FvUyww1cE6kGCgKs0Slll2Uxk-nVeKUaJ6H0D6M6K-7RVLrtt938I51ysrly&ccb=10-5&oh=00_AQGTGwbL2sjru7xqo99is4R-SZ1SM6KlcEJSy2OTRxCcUw&oe=6AA484F7&_nc_sid=201bca
477092993570416,4oormcsrucb7t55y3g4lim,1539877255161,320.65649414062,-46.789083445755,-23.423616067167,https://scontent.fgru6-1.fna.fbcdn.net/m1/v/t6/An-bGtz95RpSsxx1LMC79u_08W7RytJNctCmUQmG_F4fGBJrDdfPPhdASVOgfTcje4KJKu7L13I3QsdF0fYHUcOMk1awrymjYO1EZjEk1Tkuq7XZcgJoarLBOxa9nYD9fXVsOXjKERdThp6wDtZs9A?stp=s1024x768&edm=AOnQwmMEAAAA&_nc_gid=m-ar5jfvd3L38Ugt_jbFwQ&_nc_oc=AdqUiGTuEYuCz_05Z8Jn5etPAr05cX-fUOhgDKsYeAi1cv3qHGDCY1UI9FPBzhtn7gF9y3BnJHuspK8FNANiKRiM&ccb=10-5&oh=00_AQGcCHLmrf5nOqNuGRSk0X5R6zDNoq_8WSAxn_sLmrcIgw&oe=6AA48AD0&_nc_sid=201bca
489560602378155,4oormcsrucb7t55y3g4lim,1539877329155,298.13513183594,-46.802902496579,-23.416060639985,https://scontent.fgru6-1.fna.fbcdn.net/m1/v/t6/An_V6fTyXJgJ1DHRww7GofIf6O8hvRh81OdVRKBT6UkKWR7wnOLwavsMX_xNScXEk6NACHUUHr5FMVs8SCbriiOOHpY_fWLYWCqSGG2NSnJEe02uiM1WCyScyQ1CRHSYOYib6B7oV3eTbfqxMaCM3g?stp=s1024x768&edm=AOnQwmMEAAAA&_nc_gid=m-ar5jfvd3L38Ugt_jbFwQ&_nc_oc=AdrhO3m4B7wFeifOsmsUu8gXe1QkEj4Cmq5rX0bP5naGLbJ2c_bK2QQ7xTfWdehKk8rcXv6PKWh_nySuJpqLN_8C&ccb=10-5&oh=00_AQH-MbRtp1ipaA75_NzTcDzH-jQuvFohPsxhDphkuh3TDA&oe=6AA494F9&_nc_sid=201bca
501045730934642,4oormcsrucb7t55y3g4lim,1539876444185,6.183837890625,-46.74764881698,-23.523976096222,https://scontent.fgru6-1.fna.fbcdn.net/m1/v/t6/An-bRnFfkOKKdTGGgSzeUNk6xIn2XXaukNaEe0318za0TTPSxuZ0rx2peeoBly3BSCzUctvcP5l-eR1LMabwlmoLqSpinqwxbHwe9a8nlB9_6rEd4CDdZlHQZgiq8zZCeDqcrvd_FJ8rGK1q8rc93A?stp=s1024x768&edm=AOnQwmMEAAAA&_nc_gid=m-ar5jfvd3L38Ugt_jbFwQ&_nc_oc=Adotp2L1XbGi_b5Hy1SxqDovu4K6nXtuI5_EPs9lAoL1i4_BScg0bgnbWv3wVCD9viEwbPSmadHhLKgNk-P9IxO6&ccb=10-5&oh=00_AQEe8bQ2EXNnkEcs_9vusOfSCU8UUIcOUsPFYir9aY1_iQ&oe=6AA4638F&_nc_sid=201bca
472389464028320,4oormcsrucb7t55y3g4lim,1539876415184,359.32897949219,-46.747843323455,-23.529469273828,https://scontent.fgru6-1.fna.fbcdn.net/m1/v/t6/An9jusm63PwRX3opdePPF4r8huip7J7NFWCAe0P8YmlMgJ_GidsswOLYf5XABvtEGegepOHoPljqBUJhUcm001VupTU4rS43Wp_f6o47XsJloAU5YC0A1yk2hkK_DT0OisqNjrmFUsCIcr7LzowcMg?stp=s1024x768&edm=AOnQwmMEAAAA&_nc_gid=m-ar5jfvd3L38Ugt_jbFwQ&_nc_oc=AdpAeTrg_-yJM6wH7SETJXnrMAMe7vpIQDEpyjuyiRy5XD3X0epX1JCx0hjxA7A74ZycwRR1SgjNrvZxvQevzceg&ccb=10-5&oh=00_AQEqKHqMEWpSHo9ofPw2LMq_-qQPHQxMNtTMeDSiwf4c8Q&oe=6AA466C5&_nc_sid=201bca
521319189042497,4oormcsrucb7t55y3g4lim,1539876408122,0.68914794921875,-46.747860240994,-23.530843142454,https://scontent.fgru6-1.fna.fbcdn.net/m1/v/t6/An88V4pNtCWkMK4O2CcSEd2HgTwlMfAyxXCZG_I_G8ht-GdwhVj8Zxg0WLGuKsHO5doEGSXeepoJFbWqn_eVkzOOmHrZJJXubTeoaw81cP7jO2Z3f-m8DwQxD3KCl3QZ1LQn6AHYYTtrDlX3xUFRWzM?stp=s1024x768&edm=AOnQwmMEAAAA&_nc_gid=m-ar5jfvd3L38Ugt_jbFwQ&_nc_oc=Adp8fodS6_jOmkBc8ZquN2Z6l-FtmS1Xc-EXlyxGX8C4bgmOH3rechkESPXGaZIeSo4ySbD2Cciy9VCyzYXlwrk2&ccb=10-5&oh=00_AQGbve9bkE1ftlT0MWfKh-2phBSS_ZXMOkb1Muyec6lNxw&oe=6AA475B9&_nc_sid=201bca
222228325956084,4oormcsrucb7t55y3g4lim,1539876686141,311.90081787109,-46.728126890458,-23.510600226323,https://scontent.fgru6-1.fna.fbcdn.net/m1/v/t6/An9oDZB2al1_bbkArfAguRR2gzfEwhMZYRiWg5tEIC5LlpiH1o__KATqLzSy5CVmMku27OLUj31uQRpLlTDX2dHKT-kTuQmxLnjvKC6y5gBx2-HeF1vFIGT6OTVDBt5HPPNlvTJaHlSIRrOYYK-3xA?stp=s1024x768&edm=AOnQwmMEAAAA&_nc_gid=m-ar5jfvd3L38Ugt_jbFwQ&_nc_oc=AdqZJPvVn2dvHdhSjOOzLm9glQ6FDevwviZmTwiRO-Gaxr74uCFSx_sadYtBpcJHTHnDgwqLACmrjCapH3c_uSSO&ccb=10-5&oh=00_AQHjTY-1SdBK1-mAIEJc2Jw8r9bsDgxFLuEKAefvdY445g&oe=6AA465D0&_nc_sid=201bca
315287236911192,4oormcsrucb7t55y3g4lim,1539876436165,356.92810058594,-46.747812892843,-23.525374476807,https://scontent.fgru6-1.fna.fbcdn.net/m1/v/t6/An_zsEMQ-G6SIFhSY-po7ghBcOYTNn4z-MkHHl1jV9AY2TPbvdp8o1t5EJrw6er7Q1lTiuao_EOQlnEb5zNEOV5eny2gUviHxZT83OtQYz09ApUNYlcTTYnzROhiUPBWfmxdqiEI-TnJuqourHcap1o?stp=s1024x768&edm=AOnQwmMEAAAA&_nc_gid=m-ar5jfvd3L38Ugt_jbFwQ&_nc_oc=AdoLsB4Eu-Nm4tsO40KukVq387oOpeQdl5eep8itTKVrlVpRJsFPlNuEhpoYeDDWfMNe8D04gwH8TQK68OdlD2-E&ccb=10-5&oh=00_AQHKmAUgskDS8D0YO0bvToEJnXJkik4VUMkclWjpwAaD5w&oe=6AA46F75&_nc_sid=201bca
377533290369586,4oormcsrucb7t55y3g4lim,1539877361161,309.75402832031,-46.809246534648,-23.412053418172,https://scontent.fgru6-1.fna.fbcdn.net/m1/v/t6/An_DexgK4UzO-xTYIIrU5SzOARXVNU67mk_2_wAEqnQsDes5Hq3zczqX3H2Jm2FgZ-MHunUl3687-_ne45MgCldqrEkSYLx29UmJyK64rQYKieuzFDj3ivV_Ws2UMj-IK_FtF9HQ2TA-M4JYGnkg2ds?stp=s1024x768&edm=AOnQwmMEAAAA&_nc_gid=m-ar5jfvd3L38Ugt_jbFwQ&_nc_oc=AdrK4jbYMDYHKWpXfPAkw8K8_aze9Vkl-vTpiaZM-zPFwwIWpLhdM_3q3DXg4lk_nMpHXu-f6oX6mQ5aLz0hXB3g&ccb=10-5&oh=00_AQHES6Up80oHCoFnR9P333FfqlggB7Zp9D5X-gTPzhl_2g&oe=6AA478B0&_nc_sid=201bca
133457385498153,4oormcsrucb7t55y3g4lim,1539877052191,320.26220703125,-46.77922073489,-23.463352896787,https://scontent.fgru6-1.fna.fbcdn.net/m1/v/t6/An_QDAZLHAN0Xh-kgZ0FT8f3xLhj-9hzlXINKMwqFynnAsyaw49BdvoFKNrqFwZ30y2Pzj7C2g7Bt5QvH69wf5kdbbar5qxJVpXPgc4fU7YCGjRDfmV5myD_fJiBn7EuLZShj_2fZ_g0qiVtYlg0CQ?stp=s1024x768&edm=AOnQwmMEAAAA&_nc_gid=m-ar5jfvd3L38Ugt_jbFwQ&_nc_oc=AdqVHI1LRSNqqKz3B_rq1KIkSb3PRNvzGA_ftU_zeIFvdwuYHt2VudeXelFRSjtw2Qd5KK2k8uPRhkOYtE7D2GN0&ccb=10-5&oh=00_AQH17NLD8eVKAZcX_9GgIF0W2Taefr9xoZ2ViAqyR473jw&oe=6AA46AA1&_nc_sid=201bca
189895852955139,4oormcsrucb7t55y3g4lim,1539876421150,359.27502441406,-46.747809366551,-23.528230283171,https://scontent.fgru6-1.fna.fbcdn.net/m1/v/t6/An_hMFP1x16ulp3iVy2ZYNzCu3TouUaqzu3epUHFGBup8XgcKU_8dsMOB4TFKLqxZBA10k2hofHFqAoDtcZbyFepi5zJd1-r3_XshRmnhCMY4YP0fq6qaQPuMIa7O6CtTI-_LEGgiO3D5bG7QciAzw?stp=s1024x768&edm=AOnQwmMEAAAA&_nc_gid=m-ar5jfvd3L38Ugt_jbFwQ&_nc_oc=AdoRQMJ38A6VIJNVVN_Vr3FRF_0DbcNTwk6lcrxdep6uFNqB5Vn_ey9_HsWcNBeQaGrqFNLBkI4KUpIpkZGTeQ-M&ccb=10-5&oh=00_AQExno-LlB83fFEab74KDKwkSoypetNxgpwBy_woYeDteg&oe=6AA494BB&_nc_sid=201bca
280874460343944,4oormcsrucb7t55y3g4lim,1539877069184,324.61291503906,-46.78192533419,-23.460059806645,https://scontent.fgru6-1.fna.fbcdn.net/m1/v/t6/An9m-UMVOvvOy8rBKJc2IIFRtSw6gG7JcGZ0FHgpWdqhLEE5G0VFoeeJnTsEZ0fshKBrVz8tQetmQW938S_dl-tQCFjOUiLFOzR5zvt23xchBneZAA93vqI8Abq2f2XyXT-Dn2VUHqEIxBRz1n2NHg?stp=s1024x768&edm=AOnQwmMEAAAA&_nc_gid=m-ar5jfvd3L38Ugt_jbFwQ&_nc_oc=Ado-w3a6JAM-BnFLkgYBm5ftX9--xOb224-GTRjHfQNt51K3Q1dGLxbpzwLqtMCVFSpcMiputEVjKGdSk8_17EAz&ccb=10-5&oh=00_AQGmow_ispgAtqoiRIwE2QUz1S5SQhhKmSKQjeFhELQsWw&oe=6AA468B0&_nc_sid=201bca
463592664930455,4oormcsrucb7t55y3g4lim,1539876712140,277.38500976562,-46.733375847405,-23.508468219141,https://scontent.fgru6-1.fna.fbcdn.net/m1/v/t6/An_QLG6Kr96OEA9Mxpx6Z1QM-p5zQXIMRdc5uuNQylWkahy5PZFd8esKJ9bRPezK9Sd6zmEuWpDkkx6WvnxgId5dWGrMVcZPh-wIpvZKC93A-DoO9sdxeIMiIyjhruIFLODzE3rjG9xnx67Sd0jELCs?stp=s1024x768&edm=AOnQwmMEAAAA&_nc_gid=m-ar5jfvd3L38Ugt_jbFwQ&_nc_oc=Ado1D19nIjPUB1aWbPpzb14smUi6GtSQECSpL2jCjGyZCIxx-sffl403Q6qc10pNKnkeB9s-ydEwaKDVpkVSwfbT&ccb=10-5&oh=00_AQE71CFsOLqEvJUn5leQbOhbFWx_kQxzV6lM8bkXFMyEdg&oe=6AA460CB&_nc_sid=201bca
2636560419977491,4oormcsrucb7t55y3g4lim,1539876907117,346.3291015625,-46.767278852444,-23.488725625396,https://scontent.fgru6-1.fna.fbcdn.net/m1/v/t6/An_wt6XS8ficYysA0_X1cVV3-QSxnQ4yXnPX29Fae-AQ3QPN0ENbk7a3hX3X8ibsd4efTDc7-mApe43I4eyppdObl44L0Yhda49HsUAX2EWMbuQ4J3lz3fFpKMim5h3-4vtWL4M06KIVX4H250HxWA?stp=s1024x768&edm=AOnQwmMEAAAA&_nc_gid=m-ar5jfvd3L38Ugt_jbFwQ&_nc_oc=AdrMzH3rp1JhmMme6E6oTesqIS_07AhLD2GZBz8YjR2pNPzD-J3itKu6Pgo3btTt916HKQvXSk02_jBgxPHxrRa8&ccb=10-5&oh=00_AQFMv4dA_hYWRzSGI-u24KzoVOgUrpbxndtLsLF4x2I98w&oe=6AA48818&_nc_sid=201bca
190465579617197,4oormcsrucb7t55y3g4lim,1539877173157,357.22387695312,-46.785819663567,-23.437999018136,https://scontent.fgru6-1.fna.fbcdn.net/m1/v/t6/An-CRpWQa19hT-6fChWaiC_dNp6A2z9RQLScPJBEd8Y_yvVGj9FLvGmsM6qdXrVzme_chdxkn8kih-o4U6-TSp9bjm0a5VbbKD7TzXzsXjMrz6AolhzGbxkiG7Scn9Ius-9iWd2MoUbPrm497UVDqw?stp=s1024x768&edm=AOnQwmMEAAAA&_nc_gid=m-ar5jfvd3L38Ugt_jbFwQ&_nc_oc=AdoNQZisWxRExqD3LBlpt5KRZOvoYYwZhPjvYKKJJcu5-1EkQyHdbB6Lu4vbhwkFEe07TI-UBidNOJyfK0b0Uogl&ccb=10-5&oh=00_AQESEu_4n-RG1nqZWh5a_bmVmsYjk6-oUk58PRKoZG_AEw&oe=6AA48D24&_nc_sid=201bca
286772923119795,4oormcsrucb7t55y3g4lim,1539876424170,359.37969970703,-46.747805348395,-23.527649948869,https://scontent.fgru6-1.fna.fbcdn.net/m1/v/t6/An_PMv0EXOsdzvqyzQLExjhdgQRoJ2GZDsQsyq499AfNvTuKFL--OKTOqideV4wHcUovgG8UquvaWiuEQFN3wgMEKaAuHMcLaKTEYg2B6ookpkg1x9F1rksgLmdRcBNQUqiBhlHPeZjqL4HYPj8rmQ?stp=s1024x768&edm=AOnQwmMEAAAA&_nc_gid=m-ar5jfvd3L38Ugt_jbFwQ&_nc_oc=AdqT1lcwti8TmIe5c7onIkUHX5VGAYWHGO1dMEwJ5wNhQRJy8LepdBWzzFmh1VVIRPe0N_O2Sw2j_IqgBb59SsBD&ccb=10-5&oh=00_AQFmnxXshrB0t2pzR9U7RYKX6lT6MV_3fM-IuN9keaztjA&oe=6AA48A33&_nc_sid=201bca
907394183326996,4oormcsrucb7t55y3g4lim,1539876868142,263.86199951172,-46.761313413281,-23.494278717577,https://scontent.fgru6-1.fna.fbcdn.net/m1/v/t6/An_ARqYWnoFa2Hf-sSvmZUH28eqa0B-NQ9kMdprX8xxgoz9l3X5nJrz9PffJQGNbm3ojM8z-ly2fNEHFwHATnhL_MNtVwEzoYssxLFSEzdrM69JTKk1ny0uxDksGEOXCnwGIYQRr4TWEaXqYSmi-cA?stp=s1024x768&edm=AOnQwmMEAAAA&_nc_gid=m-ar5jfvd3L38Ugt_jbFwQ&_nc_oc=AdrAnuXwNmNDv5r6eEAOIGHKkgeVSUTjSKQ0dAfU-xT0DWj2LnSJo6v0ZB8_QXt-SlKkwO_6CVYfkjAWeDgrsZ9_&ccb=10-5&oh=00_AQFnswQwvDdi7hZxU5ANezHRQDJB-bwOvqUcb9gVBaNrDA&oe=6AA47922&_nc_sid=201bca
3855506201215098,4oormcsrucb7t55y3g4lim,1539876672138,336.55236816406,-46.726637717841,-23.512819211189,https://scontent.fgru6-1.fna.fbcdn.net/m1/v/t6/An_37Tp5_s55hkl5lOkthgl15pmR6j5dQetUP1f8hgZQz9r-LxuT419MBZrhGHxRvIYKygqHYI0Qg_2-EY2D1K_FvVyiNf6yXxRf6t5UHpdT2tYEVhnujTirm8gEGmOtWCi3DklQMj94LV26mFsDaw?stp=s1024x768&edm=AOnQwmMEAAAA&_nc_gid=m-ar5jfvd3L38Ugt_jbFwQ&_nc_oc=Adr3BsG0FVbgwuR0EcE9z7vQQIrHQecGeyiK9lxJ4q58WddqWDTJJRpb9gbxjA0Ac21C1rTULjOVlZZRCPcEhr-E&ccb=10-5&oh=00_AQEmBek7axeIj1z7KRBDKCCqEXGko5HHXH-N8llfZHi4Zg&oe=6AA4963F&_nc_sid=201bca
166447758734589,4oormcsrucb7t55y3g4lim,1539876889149,322.63879394531,-46.765712330311,-23.492444533366,https://scontent.fgru6-1.fna.fbcdn.net/m1/v/t6/An9C_mUGhBFNxgxS5qJjE8gtVztdxqi1sOx-KpIS4B85w4SWtwsEkXOewXs2GD5BcguxuA0TN9SifcTy917Hd3DaAPgq_MSLIcfvvdsxe65EIAiPuX70WaeJYdImZD634dK3lxrtoyCGfbF3vE-b1Q?stp=s1024x768&edm=AOnQwmMEAAAA&_nc_gid=m-ar5jfvd3L38Ugt_jbFwQ&_nc_oc=AdqzIVDH1g_XyQpAE2yHyrN6QYa3ag58JoUJ3IqENclGuwkGYuB0m-KsW5DeMHAz-r_fKK_VvSXYcnMTicCBBVCG&ccb=10-5&oh=00_AQHJavGlKlKQO8kC0F6fRTvh5cU1kyEJ8Hnm0SQBhPM3pQ&oe=6AA46803&_nc_sid=201bca
301999958201201,4oormcsrucb7t55y3g4lim,1539876514149,26.303833007812,-46.74649259525,-23.520678617171,https://scontent.fgru6-1.fna.fbcdn.net/m1/v/t6/An8zKQBLssJ4Oeno-p2uzwq0UZ0-D3rAraJsoMFd5nHIafGu1JCUuF9EM397g8-Z2huzHjJLk7PVoQX2qgaOHKWc_ps7uRt5t8-BijowPimIu4V-PXs-W7aTmhvGCfMcqNKAQOjSyBP2z6oiqBfeaF4?stp=s1024x768&edm=AOnQwmMEAAAA&_nc_gid=m-ar5jfvd3L38Ugt_jbFwQ&_nc_oc=AdoPV1u7P11jKWyfHa6G_bsivN8Kp_qigpliK-1bhQOTTRyph2sStSZxcTfNtyppNzA3L-C-S-WUC0R8ylp26Nht&ccb=10-5&oh=00_AQFxS8AhyEE28FYMu2iLwFuXsfWyhMFHc-k5Dh471ysgeA&oe=6AA48488&_nc_sid=201bca
314252176725979,4oormcsrucb7t55y3g4lim,1539877215159,349.22778320312,-46.787173432513,-23.429142912317,https://scontent.fgru6-1.fna.fbcdn.net/m1/v/t6/An82g16ANvzvKKhYlBWlND5M3NFeGG8GcqPOJyIgaMtnSPhAeh3s2LfIVpukEWkf9vOavm9tox-SrQnXMb2dwx3d0lMd1dNnP-9i9eulXb8cu-sy2fhlBiqQot_olm0ab0Oc7V5ZFc5peuP4xmFAmQ0?stp=s1024x768&edm=AOnQwmMEAAAA&_nc_gid=m-ar5jfvd3L38Ugt_jbFwQ&_nc_oc=Adr1KEmslG_mUffVXN9lorILS8yEqv8Pj8UXv5lIbigF1037STHQcUzMwzEQJoQpQNoKnAPJH4Ng9b1VjgYLpQ6R&ccb=10-5&oh=00_AQHF0RGRNPCLG7kORAbx9DL4gRt21EFNa_A2K1YEQa436Q&oe=6AA47EFC&_nc_sid=201bca
363061501981546,4oormcsrucb7t55y3g4lim,1539876425179,0.6270751953125,-46.747803150163,-23.52746580205,https://scontent.fgru6-1.fna.fbcdn.net/m1/v/t6/An_FVJeM9atPSUFEJUuNWmK86CPvBBPZAEPBDFiJFWwkcJkH3vy2V9lAHKe-4SH29TkinB1BBq9qMFZ8nsGbNl4L9gBMuA6xljPmOkCd2P9mU9fVWxAvD04puXROwk-VbEiMCc9gK6-QLk0i3el70Q?stp=s1024x768&edm=AOnQwmMEAAAA&_nc_gid=m-ar5jfvd3L38Ugt_jbFwQ&_nc_oc=Ado_8kE6i5kQFf7AXxKcTi-u1x8zRbfRM_tlA3knh-OPp9s-2NWb-kT2AkesBD8sEhytytIC5Dge22p3ho7Yn0r-&ccb=10-5&oh=00_AQFTxHRahLU84wZxV1LgwKs1qRsNyESq7wD8jL2J23sDow&oe=6AA463C4&_nc_sid=201bca
463531854942843,4oormcsrucb7t55y3g4lim,1539876787165,315.99871826172,-46.751325177985,-23.506207066377,https://scontent.fgru6-1.fna.fbcdn.net/m1/v/t6/An-WRB6BIyAumE7tFbaROlOqA1FqhZyluAxkp0zrtj-pjSJtXb5Pz-hctNOE8E7rhBhEvLRZ7uAmSQSBckTHiAqNjVKaA-wd3LczHyzl-SWzSDym8Hq8P0nTK_wNFaswXAV_FgIztU6NvTAWN2FlfA?stp=s1024x768&edm=AOnQwmMEAAAA&_nc_gid=m-ar5jfvd3L38Ugt_jbFwQ&_nc_oc=AdqRClpc-sYzcis3EoYRmCF-LB1jdlnutDchSzjeBzLfxaJWEYPBYmVnHhe7jaqTRkAK5fFsbbI42h9TvUeB4ty-&ccb=10-5&oh=00_AQH76qcVwxGk_n2w1A8MOvX3QOPg8IO4VUjyNR89iCxRRw&oe=6AA47717&_nc_sid=201bca
340439027417045,4oormcsrucb7t55y3g4lim,1539876418175,3.7020263671875,-46.747827633423,-23.528850319188,https://scontent.fgru6-1.fna.fbcdn.net/m1/v/t6/An_BmAOD2d2-xAeZ59fGP3GD3RfR403xLJ7cNtCAGWz802cjVoCkiEBP-6S0ocXmAY-Z1IZHT-HLCP791V_f4Z6m0a5jG022qz5JtX-K2_gPSCnQLZ5xnalV8j3LaFvPb3RMWKAfFOTW_bO1_uGbtQ?stp=s1024x768&edm=AOnQwmMEAAAA&_nc_gid=m-ar5jfvd3L38Ugt_jbFwQ&_nc_oc=AdqGiF0hpfNVylqt-a4y1H7usCycDBoYglA3VzHMMGx7rW5FwnY4Cr7f_NwobFWXdtoqUVi8d56XB3GFeNFkMl-W&ccb=10-5&oh=00_AQEyL-OrU0w2A23UKg0xZbuDJbDPkHBgZI4GnPhbblyKCQ&oe=6AA495C0&_nc_sid=201bca
195187749098144,4oormcsrucb7t55y3g4lim,1539876431177,2.0936889648438,-46.747801203793,-23.526303147824,https://scontent.fgru6-1.fna.fbcdn.net/m1/v/t6/An8V4ShgzwVagGTZ12ypFoGX3N5HQZMSDZr84YODb9rtZyLlLKX1YF1HPf2psw3A3iLvlw5iwzpzkUZNZKgOxCc5NcJpeQVKGs4wwdURMyZde6WQWLgCNMIaC51WqGYiPt3SVcVo66iVduYsjCxAPZ0?stp=s1024x768&edm=AOnQwmMEAAAA&_nc_gid=m-ar5jfvd3L38Ugt_jbFwQ&_nc_oc=AdqNi7TmCBpxWuoTkl4lex_3PfRZSwLkYqh9YUBt6LkhkxUoSf72HCxXkUFYvdJOdF6H06_ycf0gxT6AjUcYc2oQ&ccb=10-5&oh=00_AQH3rOVVMfZUpFPbhRxzOGyRLmVsfBq_CQkAOsXANkm1RQ&oe=6AA466ED&_nc_sid=201bca
971605650333846,4oormcsrucb7t55y3g4lim,1539876918169,333.97808837891,-46.768283123561,-23.486373452786,https://scontent.fgru6-1.fna.fbcdn.net/m1/v/t6/An9h--lMFA41y5raylWKzYdzjQL-W4WGfoUqOzF_WE8ocRojrFt3-MSoOvJqnCIwfcB6-DUG9l8fzbYO2u8Dzefh4yKZdF0WHvmxl6CNHCNUKFYjiDAlu-ubkgNU_Ahl250YT5cMUGtzLWyZ34Pl_w?stp=s1024x768&edm=AOnQwmMEAAAA&_nc_gid=m-ar5jfvd3L38Ugt_jbFwQ&_nc_oc=Adq_KHm-f95RwRl-vizy9xBdqv0Bln9JMvwXW_542G6rs25oQ6riUwK3_A_Mf5WT11wuQIlfnWRHm2U5RivxktSd&ccb=10-5&oh=00_AQGFwPU-V_WyRNCiL0_y6sPw8QSo3JBZ-8qc4fUZtbDoLw&oe=6AA496D9&_nc_sid=201bca
485579149442329,4oormcsrucb7t55y3g4lim,1539876428180,359.56909179688,-46.74780776867,-23.526896283493,https://scontent.fgru6-1.fna.fbcdn.net/m1/v/t6/An_iIuLbK4vS1rZCxGfXUJLVMCejYa_jRjbgzOXP7aTn19HYMDc1pkImWbAa9C32XGUjGu3g2yXe7TB1UFPHh5tG2gfvflTuNGkszILZ1FxhfKMZVW9PX8PYOkBdN9aUf0nDRUKmzLen8_LV7M_DBg?stp=s1024x768&edm=AOnQwmMEAAAA&_nc_gid=m-ar5jfvd3L38Ugt_jbFwQ&_nc_oc=AdoB6a1hQ6_WJ1dLCpaUZ-M8TqKEuykC5-5vPNIoBhV8jdhUwOftBiOjLc8xC93zPXgIlE2TkB6_PpLCBA2GxgRr&ccb=10-5&oh=00_AQFvKkwywEGmhvh438J7wQxIEwCVecAhHigMFLB1Xe06Vg&oe=6AA493C9&_nc_sid=201bca
603032337323509,4oormcsrucb7t55y3g4lim,1539876661119,17.077484130859,-46.726411390254,-23.514707345763,https://scontent.fgru6-1.fna.fbcdn.net/m1/v/t6/An8QkPZZtTpb0NbTqvDo994cGHMbm0Qo8tvLtL-MsYxruWy9CE4Im5FBUHtvNemL0Obw2lLvMjlNaIouP1JGCsjlznGg8dL8hmo6fAhKlsEwBrnpau0P8rY6qgui1cxRpDBQIx5KGOonlqrA4NvRjw?stp=s1024x768&edm=AOnQwmMEAAAA&_nc_gid=m-ar5jfvd3L38Ugt_jbFwQ&_nc_oc=Adr9NoOv0g3kC-MZkYd8t5_VFE-lhB5P1C6KHUqw_3XUccLZYxVnkySrtQmoA0Nnyus-z5qfFhwq3652nV5a3X1G&ccb=10-5&oh=00_AQFOWUE71GGzQ27LTXzVyhpsdH43qDujXn0VCrNaFghK0A&oe=6AA47743&_nc_sid=201bca
738123966857178,4oormcsrucb7t55y3g4lim,1539877322165,297.82531738281,-46.801406371597,-23.416687689837,https://scontent.fgru6-1.fna.fbcdn.net/m1/v/t6/An_muOmyWrzxFZpAXxL6GzCIpXEIoSSvzqDaQwNe6oSfF6tt9AGDwq7tF7ZQ63YXU0QjP7q-aEeALiOmkjdNbxHZpc-wUCj0aywd0OLcILkRLbwG2bcWLJ6IDgm-R1AJDzb2T4N-zm-l40i4f9iKGQ?stp=s1024x768&edm=AOnQwmMEAAAA&_nc_gid=m-ar5jfvd3L38Ugt_jbFwQ&_nc_oc=Adr5ylgibcdRVkFJwr7e5MQHiL5a_VyGgKbOcAwq7kahrzJ3LvpbBLPDH2mzUN7XFHBw_OFvFlG0W31Z9nMFjmSf&ccb=10-5&oh=00_AQHQN2f-M482qXlSY_XXo1ur55WLY7YsbrXC5WpJ-YQviA&oe=6AA4919A&_nc_sid=201bca
1210508589387211,4oormcsrucb7t55y3g4lim,1539877233153,351.30065917969,-46.787500330206,-23.426679235181,https://scontent.fgru6-1.fna.fbcdn.net/m1/v/t6/An-7Lo4y1y5_PzT7metBgKDrikh-4rY8Z25BTGQKrMgHbtcRNtYIf8SzbEGc0ww9VSnE3Eb5u8T3M6btSkoOiwj_QRBXTUQWlL6e6Or2OhLKdcCG5B_cWtTKBcJJywaCNCgdrvdXKAeNBpGau4S25g?stp=s1024x768&edm=AOnQwmMEAAAA&_nc_gid=m-ar5jfvd3L38Ugt_jbFwQ&_nc_oc=Adp246garI0QVbLCQ0OwDDueZob8FLtm2F2GoudQEWe3X8yCfxNlmQHbr_Tvz1mEMLXAPasyZYCV6_mvVdD0dmXk&ccb=10-5&oh=00_AQHuo7ccmH0en4H5j11RETVS-kk2m1WbigzsAsBZxsHdzQ&oe=6AA493B6&_nc_sid=201bca
1565524067164993,4oormcsrucb7t55y3g4lim,1539876904134,343.88354492188,-46.767097876516,-23.48939989014,https://scontent.fgru6-1.fna.fbcdn.net/m1/v/t6/An_02JUjP7esKJdf4tndTfEwGIFZXVB2HXjjqZ6CQm8Q8SExpBTr-zadUCx32ZBcpOcwsqBONRUUVpt7BRuaYn5iAuzAROUiulM4HSiIALpR9oro7uJ19wknl5-dFqWOmTUgX0Ggo9_ozJ2RC3tnZg?stp=s1024x768&edm=AOnQwmMEAAAA&_nc_gid=m-ar5jfvd3L38Ugt_jbFwQ&_nc_oc=Adr-32NJ41ScZ5OYSkAeU1KuoicZPhNpMEkcZuNVK-BqVsrPJnWWbOQ1H0vSQizL8mlnL_moLhyK__cSFfuswOcy&ccb=10-5&oh=00_AQFRTXF-HM4PggmTMnsjBmQg90q55gUZbZRq2hZ1HXIzTA&oe=6AA4609F&_nc_sid=201bca
478925836724250,4oormcsrucb7t55y3g4lim,1539876909148,346.60632324219,-46.767416582291,-23.488296898651,https://scontent.fgru6-1.fna.fbcdn.net/m1/v/t6/An9TwiFtHbTx_FqAMw5t1eopKIEzlernXaeMgtbs9IynHBJtMUE-s7j7pl7giRRb2kJwYAXpgt7b8Sn37IM0_CtSEbJa1zMuNLvTd6ypDzmJIFlUMGg1v6N4yCkYdm7ADFkhB0wRAs3dUKTL33xU3A?stp=s1024x768&edm=AOnQwmMEAAAA&_nc_gid=m-ar5jfvd3L38Ugt_jbFwQ&_nc_oc=Ador4XmtK_J7xsHBdCg6ANFDMglw_6bU8qVQ5dFK7t5WK5irM6fQtsxooCUwp32MX85ROeb0-bMqqZPezCBMDVso&ccb=10-5&oh=00_AQHHYpVQpWB_SqE54rctXde35RvJo34XhefyGG-Co_fCbg&oe=6AA480A2&_nc_sid=201bca
803276460580351,4oormcsrucb7t55y3g4lim,1539876426187,359.14672851562,-46.747806181362,-23.527279195488,https://scontent.fgru6-1.fna.fbcdn.net/m1/v/t6/An-ncUgumBVOfLbu6WgZzHmonPi8uOQXUAbCG0ljxYf2ojoLC9fLE4YW3owq8jL5kIcCdP3Sv5fpoxYB31NeDUIgR2U3btHX8eSacLn63dHFWkYLS146hyFy1DZC9kNHJXrcJqBYS1QXbDHFNsx32g?stp=s1024x768&edm=AOnQwmMEAAAA&_nc_gid=m-ar5jfvd3L38Ugt_jbFwQ&_nc_oc=Adqi5eZ6OnrFOaVdFI_g_uC-Jla-MiWuyWRnlHSSHA1wp5-JTwvfc5TY2HrNiWj9aQ3qq_o84trRJf_OznS8bTCa&ccb=10-5&oh=00_AQH0UZS3Cow_IUh4sPbtyxT9hnTBJi4ym8e4ZCfRSM1Z5w&oe=6AA4840E&_nc_sid=201bca
146013367497973,4oormcsrucb7t55y3g4lim,1539876442182,5.7791442871094,-46.747687452688,-23.524282754923,https://scontent.fgru6-1.fna.fbcdn.net/m1/v/t6/An9PEOg4UO5tXVwSC7kjPaqGHPxb5C6R8AbD7aJhSNs7njiyquXorHeKPXbYCxVAecq39CvhovoAITgfOtaaUnA_uj9hoOym5Al45MEb9vDVcHLILlSPLdbcDAfAEmSsh8D_o0cOnv5f4gvU6FzGj2c?stp=s1024x768&edm=AOnQwmMEAAAA&_nc_gid=m-ar5jfvd3L38Ugt_jbFwQ&_nc_oc=AdrOgqm9kTjIQMK1LGOz3jqLrh2o_PBSuc0H2fiW5r2izUgpjnfZ5ZQ57m3KoMDvrs0W13KjMEezsNwFi4G3ZBNK&ccb=10-5&oh=00_AQEOsleyO8O5__K96SIooJ4SrDg__xUUM4WrO744pZnODw&oe=6AA46203&_nc_sid=201bca
490667995584840,4oormcsrucb7t55y3g4lim,1539877161152,14.812530517578,-46.786197782115,-23.440728948971,https://scontent.fgru6-1.fna.fbcdn.net/m1/v/t6/An-Bw9lKMH6zYmb49IB2ikoujGHUishTx-c2CjrX2oVeKAU4_MAuyvSC4wcv6XzHS_ZzRZyY5-UCLLfJaaZM_rhR2T8Bm1u6UrCiLTE53o3RexrHQmAtZzmu7ky7zZtguLYpmZvAdbxeIigjrqNbqg?stp=s1024x768&edm=AOnQwmMEAAAA&_nc_gid=m-ar5jfvd3L38Ugt_jbFwQ&_nc_oc=Adq_sNHecEqNlmw3jQk01rgqsMWDbSZRMOaTPQhOwaNKlB9HrGH_YfdE9ujUqK1cAWXm86lxAsyU6rvocUBnQlf_&ccb=10-5&oh=00_AQGLnevnc2QnxE5J9SA9x_7HBLlz_5yQ_69acYYDHcE3Jw&oe=6AA47550&_nc_sid=201bca
508501880278618,4oormcsrucb7t55y3g4lim,1539877092148,326.82531738281,-46.785487612439,-23.45532488712,https://scontent.fgru6-1.fna.fbcdn.net/m1/v/t6/An_aXcoHIj3MMBmw9hxq-6yIcTbl3buZFP5sYKOjFgebLxFIcEvH2lJ_7xxZNVwXuwhrHWO1wgFUk1yGIKOXaayMziCXjgceI2fTbCMYI8_Ib9qbbQYz6YLjrtcerCt8EV56l_2B40y1MGfCcvppNcA?stp=s1024x768&edm=AOnQwmMEAAAA&_nc_gid=m-ar5jfvd3L38Ugt_jbFwQ&_nc_oc=AdoF5nl738pSPWUEh-pLFdAYrs5N4xLwYmYrnbJ5pKuv6_NZHSmsZLXIBOJMOY85-9HZ_VHjgMFsBv4wrrtY9H0y&ccb=10-5&oh=00_AQGlNbtx29E9dL0NWgNQyUQ7ovcX0BaRwDsYq3eYAr-wSg&oe=6AA487C8&_nc_sid=201bca
196171175666210,4oormcsrucb7t55y3g4lim,1539877275157,298.24591064453,-46.793410644149,-23.421118107085,https://scontent.fgru6-1.fna.fbcdn.net/m1/v/t6/An8-ELePw8fbnga1qG8QEBvWOaIpPq0lSJP-7A-UdgfyAf9QBmk7kboS7kk8ACHYRQj8O-4BXT6-xcaRyEYeZtyYG7lZ-WX8URif_sSUggYCfn4EZxc03p2YGPQqHR5wp8hKe5XBIMZH0grB86ZxL3c?stp=s1024x768&edm=AOnQwmMEAAAA&_nc_gid=m-ar5jfvd3L38Ugt_jbFwQ&_nc_oc=AdrV6LGQNEAwpgmKLqiNiPq_i76vjlXrn8l6CCBZcUgsHOEsf2StoTxGSGKqGQGY2vYyvEZ35aJVKmUPREYZmUx9&ccb=10-5&oh=00_AQEbW154TLTbsFhQhZcVZ0ziERaeCvmuyPGJIhO3AnGioA&oe=6AA491ED&_nc_sid=201bca
377853140211845,4oormcsrucb7t55y3g4lim,1539876833125,352.34722900391,-46.754701431902,-23.496320575817,https://scontent.fgru6-1.fna.fbcdn.net/m1/v/t6/An-mESGp5Jfk00LLtB1VXeydLdm1S0EXIPFElLAN6V23RyuEfc5RaqRTWXnOdrOyHzG6sV2tkC959mOjaXfeiSxmgfJlVa5U4iP9r0p3jQGJ-Qs_EjGReLDLlbMMNB8NN2dFlHmMRbPjeF6Q23M6zg?stp=s1024x768&edm=AOnQwmMEAAAA&_nc_gid=m-ar5jfvd3L38Ugt_jbFwQ&_nc_oc=AdpNe2CJUriI7R1gif3Vk9jNJtLIkKGIpiJM-JWuBnMkoNIzuNw55IzYLpAHUnWEbeCjKbSo6MeM_nkTEXK9nBci&ccb=10-5&oh=00_AQGZvnynWIGtVjDs6Oxef8HNC9J_YlzOn0JM7itjS5gvTg&oe=6AA48386&_nc_sid=201bca
563984614582029,4oormcsrucb7t55y3g4lim,1539876432177,2.6600952148438,-46.74779172939,-23.526116174755,https://scontent.fgru6-1.fna.fbcdn.net/m1/v/t6/An97dMtMdAy4frNItzoyfdrH5ft_gtwch56PUpsMffcMygrJ6KxIuTSUb961LbqJuvjfBsYZqwgHhTH2MaV2vavVFG07ccEK8MpGGU0aTqv5t9FpqiTe_rmuLgWSX66W2ZVUc6qgsH5NswhoAK39GA?stp=s1024x768&edm=AOnQwmMEAAAA&_nc_gid=m-ar5jfvd3L38Ugt_jbFwQ&_nc_oc=Adr2ayyMcf0sbRMUhNcJITtDzwL3xVEElxf38etfxHq88SKGnUxsfaJOS4YJH2iD1-DWgGvoItPaczJL6Flc4pDC&ccb=10-5&oh=00_AQHUefO_IZ4vc8mCBJ_EbWBy0XQee5YNudkGfwutKIcWIA&oe=6AA47998&_nc_sid=201bca
285797559862849,4oormcsrucb7t55y3g4lim,1539876838146,320.78924560547,-46.755246296892,-23.495379900676,https://scontent.fgru6-1.fna.fbcdn.net/m1/v/t6/An8szACF-9V13cWYHXSK2muX0x47H663v8r38TBSPREMNsliDUHbodHifFEYe6c801q_-ZRDwkg1kkxZzwNeg2FUGkfHquUpK7ojoxM5WGTWYJVf2oL3C3kyIXBegJ8amP7Lf2aCIUXAFKblyFiUSw?stp=s1024x768&edm=AOnQwmMEAAAA&_nc_gid=m-ar5jfvd3L38Ugt_jbFwQ&_nc_oc=AdrdFbmAoVptpWPeyrjxDZkARBBMnntAVDSr3unnpwFWNQ6nUmY8mD2_vUhqdZhqB4aiQHnZ4gilk5x-0b96aJA_&ccb=10-5&oh=00_AQF7M-w-G9EHT9JF9coDq56sphdYgzaUBuz5-Mc09StUpg&oe=6AA47114&_nc_sid=201bca
478977503309186,4oormcsrucb7t55y3g4lim,1539876396104,329.61700439453,-46.747403319533,-23.532963040945,https://scontent.fgru6-1.fna.fbcdn.net/m1/v/t6/An8qsRU32VgaCxwpoL2D4QX5qzFof_pplyEbh7-gBLyASOnmYowq9Mu2mYWfjuTNUKCYWZ9581YzVNsigkaNdrlV2MIoesagq-SLpvSQ7eb1yDqZRKULzPrhYewR7aE4Y9LWr8XByvAQsTgIWImfTQ?stp=s1024x768&edm=AOnQwmMEAAAA&_nc_gid=m-ar5jfvd3L38Ugt_jbFwQ&_nc_oc=AdpFC8e522AXmOtSd7a3AbqA-rVIi40nrGEfus_bpUSEOpOHgfkNWG5gX5GMgebHQpKIfhZybrWwYtwDN72esB2N&ccb=10-5&oh=00_AQFNFW_oQKs0OtCjopmVlgSVaiQpLSqHGTqje7hnxEBTKQ&oe=6AA486C0&_nc_sid=201bca
182021177127670,4oormcsrucb7t55y3g4lim,1539876749139,276.4541015625,-46.74264044102,-23.507669281929,https://scontent.fgru6-1.fna.fbcdn.net/m1/v/t6/An898KFvYrFqrh7DXyMiWRA4ASJj-ViT7H0JCi7ABl2utD6opByTWxf7D50SArSqI935Z6-U-KneRFSCOmma007IZb_4RZ_goTyhULvNwpAVmHNZaTEZkksYt-dbHKorXqpgNMwQpq9jqU-uhRwf5Fg?stp=s1024x768&edm=AOnQwmMEAAAA&_nc_gid=m-ar5jfvd3L38Ugt_jbFwQ&_nc_oc=AdpdqkHbAfEf39jGBr2MTPnUOdmNbx8QBEH-inNXvMBxS8T8B5vrM1ZX4glhcaXMrYPvr1yaLgedtYE2UbZ7U_3w&ccb=10-5&oh=00_AQF06k_zoQ_MQrkj2A7V9hOQfVL6JeW4_YBXRdg80nlPCQ&oe=6AA46C3A&_nc_sid=201bca
296380952225858,4oormcsrucb7t55y3g4lim,1539876870146,266.99005126953,-46.761757395932,-23.49431293192,https://scontent.fgru6-1.fna.fbcdn.net/m1/v/t6/An9n8PUsrjScLVVtM15NyVkKI4QoT7DEVrPNt1YcuJKtxBs2ENdHNqgfPPlTJg1dPl5Fi4P2t2SVwMR5CaPYpIy42K7NVrZpVWNHZ6t3cup9w3OPYpAhILOaSx36tMWpgzXuR9eNUl0W5XzzeT2alA?stp=s1024x768&edm=AOnQwmMEAAAA&_nc_gid=m-ar5jfvd3L38Ugt_jbFwQ&_nc_oc=AdrEdy5QgkCmcd0rQ4JXpY77RBBzh9DPa0T6wV1LSqh6tNN-h3o2rIJNevY600fe83YOkzFqBP3whAQmMX7XGNsf&ccb=10-5&oh=00_AQHOM3G_AIEuhMXZP9MPgv_U5xjoUL91m7RZlZz03Q1g4w&oe=6AA4916E&_nc_sid=201bca
375782890434330,4oormcsrucb7t55y3g4lim,1539876398101,336.63714599609,-46.747559664869,-23.532640180445,https://scontent.fgru6-1.fna.fbcdn.net/m1/v/t6/An8HlyqJMGJB9AbHJsVYugvcJ5-6Fi74fr7uvZciWBH7ZMDom2nvHxDljOpE2F2pT8523SArzB10OPyoxkaZEqPY4sGxSZbLodp0uL0rx1vRHi-nDL5rTx-J1gp8Mdveqzl7JccIT7ler2T2ctiOXw?stp=s1024x768&edm=AOnQwmMEAAAA&_nc_gid=m-ar5jfvd3L38Ugt_jbFwQ&_nc_oc=Ado_coggDu9r3OQL5_n1wtdK8iHylskI_SL3iIelkRlTsMSamQJhu_tz35g22MybS9d3I9_4hWDxngq04sRzruNw&ccb=10-5&oh=00_AQEteblDrQsK7cPDXQJPKPPolvmWw5FEuvaZ4y43mxDxkg&oe=6AA467EC&_nc_sid=201bca
812066989698749,4oormcsrucb7t55y3g4lim,1539877058174,320.60626220703,-46.780263457285,-23.462249053807,https://scontent.fgru6-1.fna.fbcdn.net/m1/v/t6/An9nW6_Gcwu_jgbgMLoLtWF0tYmsbCbw4ydyW8NbVrewemOof93hGpseFBM9lmN9H5DXe5VObq1njoAejV_VYHtxp-BQHrEgsZXRNPqL7N3LnvPCvnVcNTupv6IdmK4XO_USn1Ar--komjzHWSoM1g?stp=s1024x768&edm=AOnQwmMEAAAA&_nc_gid=m-ar5jfvd3L38Ugt_jbFwQ&_nc_oc=AdrkN1uePiP8p0P1fvjng1liHqnRiUviWKrOOJPeUBKxGxj17v0PC10nD6jlWvIA9AJ0R5k0XrJTtla8oBYbpuT7&ccb=10-5&oh=00_AQF3v4_LAn6L0TCmi9o7ZT72OfM7deNCitsHKyrINT-Qrw&oe=6AA475AA&_nc_sid=201bca
840535720230209,4oormcsrucb7t55y3g4lim,1539876920240,330.32739257812,-46.768563644929,-23.485964709507,https://scontent.fgru6-1.fna.fbcdn.net/m1/v/t6/An9d6l7GprUDrxHpaEFJSLEFkI3tjTyl8j8ukkfY2SzTM6_GIvLVtaUdMCPbJIMuSlWAPw-DIF-_DId0povtOypTVnQ1fyjZYicdFDkK0EGVBA3Yu5MHidoKbJxAV7b_iNOGUIeZ9IBOVI_3GZ84mA?stp=s1024x768&edm=AOnQwmMEAAAA&_nc_gid=m-ar5jfvd3L38Ugt_jbFwQ&_nc_oc=Adqp2UbDh4mXh2_-V1HQ6xbMCb0cCseewrkcHzRJMl2rL5X8jcDgV0LAdPRgL_apWRT4LIlkQwgVOuM-e2iAnPXt&ccb=10-5&oh=00_AQGef2DeUnq2Ea23xEIZpO6Z_N5qv_5oHlmGztvQvYbrRA&oe=6AA46DBE&_nc_sid=201bca
290407086100542,4oormcsrucb7t55y3g4lim,1539876417179,359.63317871094,-46.747842277559,-23.529057831309,https://scontent.fgru6-1.fna.fbcdn.net/m1/v/t6/An_VMqwuFK1A04_ZOxEWbY-5NC93s6HphBdUjKqDQx7OXTADkrl5EYtXgbH5gP94nnR7c2aZBTe8KC8Yv-k2J6qXoimDhmzhiOj34ziiM6rPz0ZZtJO4fUPX4IVGWKdFXh741hqA12EneA9O5gp2zg?stp=s1024x768&edm=AOnQwmMEAAAA&_nc_gid=m-ar5jfvd3L38Ugt_jbFwQ&_nc_oc=Adpg0uDawt3EAPf7MZtg9LJg_ic8cvZzi1y4-n0vfQGU1XnRbwDL1xj1tE7JFpU4PEsnvrCdnbNKZ21d_WMEY73L&ccb=10-5&oh=00_AQFWtaa-fUz-q_5BFPe0uvMwiCttbnIqL2Q4l26khwJpBA&oe=6AA462F2&_nc_sid=201bca
942568876560523,4oormcsrucb7t55y3g4lim,1539876486172,20.099609375,-46.746908895708,-23.521625612614,https://scontent.fgru6-1.fna.fbcdn.net/m1/v/t6/An8GHaBuOxJ5_X4Mya7H1EGm8hNPrmOJSxP_oaItpUep2Il22DGoOMnxcEAtEN7L0V-5jvYyRDU8yY4NjkpMLEP5vAP0E3-OEXyr_cM79Kt1cKIWFTvUv-hhKrorkNnQyeanx3iQcGFR3T_4_r_xnw?stp=s1024x768&edm=AOnQwmMEAAAA&_nc_gid=m-ar5jfvd3L38Ugt_jbFwQ&_nc_oc=Adq9kEEZTazrqfkqzGh5bOocx6DeugoHgWHrXJZxj9ogWhVVwY_fgAT-NAP9F-YfhMvIOMuINAqGV_7ZY22jgY3n&ccb=10-5&oh=00_AQHKJKebzGIFdMdrjDBXmWbmayKhkeXaBbAuIfUSISvsIg&oe=6AA496D1&_nc_sid=201bca
2869258219956736,4oormcsrucb7t55y3g4lim,1539876574149,91.925415039062,-46.74093212737,-23.518271402056,https://scontent.fgru6-1.fna.fbcdn.net/m1/v/t6/An99BXWL6cEXArLIuiHDXv-q7DfuiKyYmRED7OR8WnaLq7qZoJC4ktOzhnXO0n84hDIJtq-_J4yjXna-pfb7hMEmGgblxSe8wZ3va73CAuefTOH6Lp0XKsmuFD7Hd5CxC-QBNqSz4Cu4wS2Mmu7ZKg?stp=s1024x768&edm=AOnQwmMEAAAA&_nc_gid=m-ar5jfvd3L38Ugt_jbFwQ&_nc_oc=Ado73-oVt_N09NA3RqQfNFGH9OLnpwv8qfRD8a4Vyu4nWUqiP108I3p6HWs_rdOKbXjqcTTnYi-ZAoY88VNruvTg&ccb=10-5&oh=00_AQEgoyK3WbruAoergSeV5z2H16dC0N1PVzKrKbdHZVvFHw&oe=6AA4729E&_nc_sid=201bca
328300178729758,4oormcsrucb7t55y3g4lim,1539876438187,4.0360717773438,-46.747782861415,-23.525012927837,https://scontent.fgru6-1.fna.fbcdn.net/m1/v/t6/An_gCeuxy6R0ceuvPn6P-7gxQELFrAdh8l0nr9ih90RfsHbSQ-Dgun8n3G3WHb9zLOywmEB0CaPTT9zsZ9FceOJe0ZsfINUIw1wZikdVrpEGKwYY79G_p2opKHAjGrlidHhxoQiihRUtEIPI-xiGcQ?stp=s1024x768&edm=AOnQwmMEAAAA&_nc_gid=m-ar5jfvd3L38Ugt_jbFwQ&_nc_oc=Adr98k2wkzyl-yh40NYcfJ_FKXNIzL8-mufkw6pUnTkpM1tK_n4CLN8uDNwOdO0VWCrogbA49_5bJEU_yvSH1Rhv&ccb=10-5&oh=00_AQFf5gdbiY0ZxlLYzqM_x1HFoWLE6qMfkww08_E96eerFQ&oe=6AA48FE6&_nc_sid=201bca
1033610263838409,4oormcsrucb7t55y3g4lim,1539876605148,92.847595214844,-46.735721614805,-23.51850679543,https://scontent.fgru6-1.fna.fbcdn.net/m1/v/t6/An8D7cegAh4uqTLKe6bkgL65Ho-PubUYb9ELDAMb_M3X2Cmk_j-49Q2CXvdSzH9THjWk4wWGofo3RYhzjpsTFWjo4PhKob86gEpBOXRty-lZJtXdlI-5kDYHdQCQHUPz7ZHG8CgfGX8FReVmH_K8bQ?stp=s1024x768&edm=AOnQwmMEAAAA&_nc_gid=m-ar5jfvd3L38Ugt_jbFwQ&_nc_oc=AdoZOey4XB5nyq2qW-KjLOMxH2pjtNWVTGgsQu0NKnE2lel2Wym0gmnFGEUt5Y5QfYxtQsbkJkZco6bFnwv2qnZJ&ccb=10-5&oh=00_AQF0aR1kJHhPL0jV227bmZbpx05lI-YRKP4AA97qNuBqqg&oe=6AA48973&_nc_sid=201bca
287954659710759,4oormcsrucb7t55y3g4lim,1539876569139,97.487518310547,-46.741673327589,-23.518219756566,https://scontent.fgru6-1.fna.fbcdn.net/m1/v/t6/An8XP1WGNvrgR3QYykOBu6NIaDyJYwYzdGVUiMVzW-_tUIcD9QAZNaY79VmSz6IjbFc1FSJB0UWu69ksbYNLgKxapb0IrxkNeCLPa86uxJmyxdYPGiueABNA25VVQ1eaSmrpuhsiJfLv1FvFVQ_CRQ?stp=s1024x768&edm=AOnQwmMEAAAA&_nc_gid=m-ar5jfvd3L38Ugt_jbFwQ&_nc_oc=AdpjvujNZx4qmRMTo5y2zVz1okf9NOkYJRcb06io8VZgIzpRTUX_CL2NhLxAx55rn5c6Bnt5c66-D8nwLmYaYLh4&ccb=10-5&oh=00_AQETUauML1NyT7lyFypBTHf4w596EN9ezBIr2UavGpeemA&oe=6AA462B0&_nc_sid=201bca
296668958582829,4oormcsrucb7t55y3g4lim,1539876440185,5.432373046875,-46.747739991655,-23.524646894459,https://scontent.fgru6-1.fna.fbcdn.net/m1/v/t6/An8ZHNYow6gM0IoYicAiPggZauSOg93VsUKXR1GYiretHJmizbpGazwuOxcipOP60xz8wtaIy97KFL8rMC2ywlM3JEdxjcTVylX1n5l6-zmRoioTbwAluM7L153d8nnpDPU_wSvqz97WEpfauwgc7A?stp=s1024x768&edm=AOnQwmMEAAAA&_nc_gid=m-ar5jfvd3L38Ugt_jbFwQ&_nc_oc=Adrik1_1T4OrlBjsqS8vr64RVN2fwlnzypMTYKY8aHWKbSMjvwwhM_ofbRENNc4mi47YUYxHTeEqI0OaQL1WtE0x&ccb=10-5&oh=00_AQGycwJmUuI-fV79loyaLzvb1vwQlgeCNMNHIIudYaRH_A&oe=6AA47C12&_nc_sid=201bca
1446232902378923,4oormcsrucb7t55y3g4lim,1539876652117,35.748352050781,-46.727441322499,-23.515962619247,https://scontent.fgru6-1.fna.fbcdn.net/m1/v/t6/An-s0Uuf1_G7RhLci9UOF4BqumFNVV8c805Svyz-PX9IgV17Kl9kTW6VQeLRcSFYe3k7yTzTY1t3VQrKIWT9ThAGK5Cx9gKvk47oXaE0egC1Jte892XUdTwGdU822JlXIPPrnHSul7TnjBRWq563IA?stp=s1024x768&edm=AOnQwmMEAAAA&_nc_gid=m-ar5jfvd3L38Ugt_jbFwQ&_nc_oc=Adr4hm2u8xBZ5vDzyYXSs6vfy07fbC66tqkVEgRw1KPsposgv--gRMk019-wZpGNkioxnNsn4sYkhR75WVMMyPdD&ccb=10-5&oh=00_AQFEM5AmLMMIefU3-uxJuxSuYK9FyjSa5xM87C7GgFWIpA&oe=6AA4671A&_nc_sid=201bca
294937305451324,4oormcsrucb7t55y3g4lim,1539877393163,270.98266601562,-46.816277033984,-23.410384031158,https://scontent.fgru6-1.fna.fbcdn.net/m1/v/t6/An983bBh-5JuUQ_KFYXVgaLglVk3S3enM3ExlpjZ1GSGAmm3W0vWf-_DkfNaRO16PrG5IgXLbehg7jKFcIOxf0TXPHpWizNO6qsnguSQjw1S2hkMulEnEHvD1hSk-gmk6tTqTxbwUYKpDHd5qJBdbw?stp=s1024x768&edm=AOnQwmMEAAAA&_nc_gid=m-ar5jfvd3L38Ugt_jbFwQ&_nc_oc=Adr1rtYJp4ygpEogfk0traMjIUGfPqyvCjC59Vc_nIfhePIlIg9R46AFlbFvAaMA-MdXLYVVU1DUmBwlVXVJ_D0m&ccb=10-5&oh=00_AQH36dWAKSWmu8FYpui2FXUzVDRguPVWSRBKL4s_iWhafQ&oe=6AA465A5&_nc_sid=201bca
296627502092971,4oormcsrucb7t55y3g4lim,1539876861132,264.52563476562,-46.759849372155,-23.494140236784,https://scontent.fgru6-1.fna.fbcdn.net/m1/v/t6/An8gFxGwhhs9A-OqJfhVplTr_I7MMUkIh8-ji2xWmBGHrH2D0M1IuhBsoPBDYl7MaMW8IAywrpMxiXCq1tOkqV_gSebDbYb3mjavzedam0udsKQ7qaEKkgDOQ-5wCma2sEcRQPwBc5WxPadt35jydw?stp=s1024x768&edm=AOnQwmMEAAAA&_nc_gid=m-ar5jfvd3L38Ugt_jbFwQ&_nc_oc=AdqdTcLuU1bi9DaAksr-7OfmapFkzinHWsxnnLmHsj4pRdkP0Vay_DonG0E5VTilptfOT_jrpmTgWaEF1cSRwfzK&ccb=10-5&oh=00_AQH8SAtf8qUhYqvJ_ccg7lOGig9bLClhJqLExdvjn2lfyQ&oe=6AA487C6&_nc_sid=201bca
766021540770229,4oormcsrucb7t55y3g4lim,1539876612142,86.396850585938,-46.734462897646,-23.518515625444,https://scontent.fgru6-1.fna.fbcdn.net/m1/v/t6/An-TpE0UIjJMgKLZ_b82GvR3_zvKHALxImP1hmV5Rcu9sdnOURbVQfIhR0YHMYUMIBsNLWooUp4FlTZWYq5FtU8vC1x9RzhIOQlKqT6N5mx0cQ_2TIvtEDnSoC-qlOa2h_xodsJAOmk3Ml0A_ecRQw?stp=s1024x768&edm=AOnQwmMEAAAA&_nc_gid=m-ar5jfvd3L38Ugt_jbFwQ&_nc_oc=AdrLv5Uv__SvgmDel0UYVmozAvGm2nGanxIkRhnXkQFwzSsN83sMAUviXwiyoGQ95YjcLQIMmnpA20PJamtbm8O7&ccb=10-5&oh=00_AQGAmb42KAXwtpa2zD_bE43SC4GOZxlPcjQjZ0RaBX3ayQ&oe=6AA47BD8&_nc_sid=201bca
2923398351262693,4oormcsrucb7t55y3g4lim,1539876443185,6.9272766113281,-46.747665293311,-23.524115525206,https://scontent.fgru6-1.fna.fbcdn.net/m1/v/t6/An8YiHJKI967aSygOYme5rDgmiVpC2qLVY6oReqfov9wobOO8lY0mCBfdDF1PvLlDPsSx9B16YCyqhlSO6oKtehtfeLnVUH7D229MIdVcUlLm-khP3Yc1k1-kGTj4_0EU6iL2hGGo2m-AHqeJyFeFA?stp=s1024x768&edm=AOnQwmMEAAAA&_nc_gid=m-ar5jfvd3L38Ugt_jbFwQ&_nc_oc=AdoV1UNFwXJ3yekDKowfr8kgB8LGXzFEh8SZIunAkVaYqISg4tREsam-_B_guY2KVVKf9KnxKOIRB90_5n9jbGBx&ccb=10-5&oh=00_AQGvHrG4FNLpittrwjPtxIgZamrpzkg2j2gttZVrltVRVQ&oe=6AA48641&_nc_sid=201bca
473404710592134,4oormcsrucb7t55y3g4lim,1539876783130,295.45104980469,-46.750585787434,-23.506752551525,https://scontent.fgru6-1.fna.fbcdn.net/m1/v/t6/An8uz8DfXA29iQVDrpEX6RJpx1L7OPuFXl2eW338UzNIFZpw4Vda-HGhrWJNPqvGC2_1_uKyZfvKHV_qFWRS0A_cS3Dr5jA_u_MiPBL7DO5xfHfLe9r1aiOQoU-KofugULNDoF4oggMLcakQvAQfMw?stp=s1024x768&edm=AOnQwmMEAAAA&_nc_gid=m-ar5jfvd3L38Ugt_jbFwQ&_nc_oc=AdrrKYHdYoSGM1_4DogeLslYmeJHchWE8oyW-S_NeGI5-XHZGWoKYEppu_VIjFUcwLriZtcjLes3Ce1XANcglBAp&ccb=10-5&oh=00_AQFkOGZNtmrkrdcwwQbmjrY6AFDf89ss7A2yQWPw3_90XA&oe=6AA48F40&_nc_sid=201bca
872186166663651,4oormcsrucb7t55y3g4lim,1539877162146,13.616607666016,-46.786138316774,-23.440503719487,https://scontent.fgru6-1.fna.fbcdn.net/m1/v/t6/An-sglZvx9iUJ9bRgDmb1AWNryLoN5q6ZrEwYp0PRNUVmBG2YkoNQmV7Eu7qk2eHt4GHVwZeUGDiJVKqIF0V75YcR1LmQmUAxuBGotPWYJI8JhKlRBs00ppQEm8bS8au_mvQfBmAca7nZm2Lq4NM2g?stp=s1024x768&edm=AOnQwmMEAAAA&_nc_gid=m-ar5jfvd3L38Ugt_jbFwQ&_nc_oc=Adow853Kkc9b59G9eV-P_IqCEcudrSSRO5zzYvkO_NTRkYd9651f-SDEA5mEavjI_5EXjZYDK-Nepf1t8GFLscC6&ccb=10-5&oh=00_AQExaiUlCw2vWtsEuzMWVhASe0MM5AL2mpMUv7ySRcwn3A&oe=6AA48539&_nc_sid=201bca
1424860944521001,4oormcsrucb7t55y3g4lim,1539876437181,4.6810607910156,-46.74779692349,-23.525195658271,https://scontent.fgru6-1.fna.fbcdn.net/m1/v/t6/An9AZswreSc5skSWdCRZhVC5olwwgO0fPgqrIoz1oTtF6AOagaYDDiXZOmDZYvp9WzMcqW7JVRX9nBlokLIPNVzAv-AYlbFHxVkZN-Y_uJKni7k4rq6G3aBBmzr40jtFyynVsYY53NZZXn-aJzA6MQ?stp=s1024x768&edm=AOnQwmMEAAAA&_nc_gid=m-ar5jfvd3L38Ugt_jbFwQ&_nc_oc=AdqQg0gw4IFLl8f-SFTrf2kUl3a_-wnps-dPTNvqEeXGFCz6NU4pbyayWGx2dFJN8Tub1RLO50os0Rnj4f7zfOm1&ccb=10-5&oh=00_AQExXQcOUV7n1RRQ2NSU6BJOyUPDa73-bX_aznyj_JwFJA&oe=6AA47516&_nc_sid=201bca
294940082286920,4oormcsrucb7t55y3g4lim,1539877380157,268.22564697266,-46.813420083451,-23.410458152349,https://scontent.fgru6-1.fna.fbcdn.net/m1/v/t6/An-V1Qm0jrfaLUpN3_I28forik84k8hmKzbpXSY2DoNBgI_zexMHYfTtAC9J6lNT66DL3QjbmsymL_KvZdbsKwSeuJ0umxU4lNpcpxbnZRvETRTinatVZIS96YX2eHgJRzytG0tYJwpmPNAOoXgmpQ?stp=s1024x768&edm=AOnQwmMEAAAA&_nc_gid=m-ar5jfvd3L38Ugt_jbFwQ&_nc_oc=Adq21yMwF7xKXA8XVlD7DYA2tTVaWo-y-bpyPaP7l-nqZ6HCsYCkJncEmQ55VemPWzy0y6D8sfDoVgnBVQodSFcP&ccb=10-5&oh=00_AQHdYObpKPMyMaW7VyW_HpW8PVsxQ8IexLtzPsekd5kjbQ&oe=6AA48698&_nc_sid=201bca
502681477441445,4oormcsrucb7t55y3g4lim,1539876447180,13.759735107422,-46.747567262211,-23.52360280487,https://scontent.fgru6-1.fna.fbcdn.net/m1/v/t6/An8W2dYyHrWpTxBq0EWMl9BnZwgZqwVDB1syJWiIYYCzl-pCLzGGkrZqKqsw9OnI5kmZNooGfdNI9l08Z5hXhcLXZUVvZue_FFuUH5ZfPytXN7rHKn1YYO6ECCCbSt5VivIyk-ne-on2yaDa8mDu-w?stp=s1024x768&edm=AOnQwmMEAAAA&_nc_gid=m-ar5jfvd3L38Ugt_jbFwQ&_nc_oc=AdoWU-BuDEGW1RHAhTZKkNqJltI62gW1z4vaWbSGFXaDSNp2LAuxEDPTwEo0hpye0KVWt3Lzd4bNEFcEN2m-KbEG&ccb=10-5&oh=00_AQHsvMu637giAhAL9HrdtS-4-TPPUqcBpdyGh_MCLDYRXg&oe=6AA4642C&_nc_sid=201bca
370335807707759,4oormcsrucb7t55y3g4lim,1539877072194,324.76733398438,-46.782406897318,-23.459436882344,https://scontent.fgru6-1.fna.fbcdn.net/m1/v/t6/An9h3HLsjelBSP2BFrBrGmfTgLNZm-RHVlm_VzxrTTQz6_LrsQd1tvxU6DoUlruc-KVDyCFXRmO_KbVVNf8vVu7-9w9kdwfA6qpUGD8NJHhV2HQUNuAiV9WT_COOmCxczpgW5O_JAqKIf_ynDuKZrQ?stp=s1024x768&edm=AOnQwmMEAAAA&_nc_gid=m-ar5jfvd3L38Ugt_jbFwQ&_nc_oc=AdpmiWF1VMFqVi0isNvNS2sNOj9DAFA4yMWm4w9SGWFN2ErsOFzrPPgvME3g41t4gtxnLe00v3fnmeyGxCeh1l2h&ccb=10-5&oh=00_AQFNyf1c-96DOB9TVslxrr8Uo9Ih4jyM8Li8H25KiqUhkg&oe=6AA489E8&_nc_sid=201bca
794723727815796,4oormcsrucb7t55y3g4lim,1539876966174,348.06640625,-46.77006500063,-23.476274474566,https://scontent.fgru6-1.fna.fbcdn.net/m1/v/t6/An-cLBqTO7MSxNoHBAWAcP7u8DyeNDc3oAoHuk33YAhQAsSkTSjEeLrNEx88v1Lpx38i_USceolhu8uBDOgDRnAWXtD-HcqCZb2anpGTtqDHA4cnC37ECcLqbBHnnlP33_ZTMB7cJ9Cks5P4ilmGhg?stp=s1024x768&edm=AOnQwmMEAAAA&_nc_gid=m-ar5jfvd3L38Ugt_jbFwQ&_nc_oc=AdrC5oEDFahCqlydCHoyBwG7cfACYUecVxNMVHEnZwbOir5r30K2OZEirciXIccitYjiwSU5kEO53WPo1BPdW9hy&ccb=10-5&oh=00_AQE29wu77JOOPmjmk9ruHgbhJEJNpvEd3Fgk9nMvxVktMg&oe=6AA47B8F&_nc_sid=201bca
4038535166207453,4oormcsrucb7t55y3g4lim,1539876386695,319.58984375,-46.746285462057,-23.534299456328,https://scontent.fgru6-1.fna.fbcdn.net/m1/v/t6/An_f3MhHvMRON5CdtIxI8DW6JABHqJbgMG7fNKFMEisGNo0gmVteWyo9-YiCX8V6jawF55ewqXaRSZ9HwX6ZeCmfsLTS4016sr21JPDkO79DR4_ZeJ6_VNebonvFwOt45SLSHTVfetD0UHRRAq7tzw?stp=s1024x768&edm=AOnQwmMEAAAA&_nc_gid=m-ar5jfvd3L38Ugt_jbFwQ&_nc_oc=Adp_C88X6Mj4at4aJTmqv0J95ljmuRGeUXm8JKlyWdYeFT7N1LDZ89sVqGNqM952654LaiwJLjM6TMnr4jrDTabN&ccb=10-5&oh=00_AQGUtrVhalxtWXfjunqYslnI5PEqWUIE-lOlXjTH5TtK7A&oe=6AA47670&_nc_sid=201bca
508221867041176,4oormcsrucb7t55y3g4lim,1539877097144,335.46209716797,-46.786128582791,-23.45428180943,https://scontent.fgru6-1.fna.fbcdn.net/m1/v/t6/An_uAi4uMRbOSNx7t5x8-mJPNXLipS_WETsStk3dQI3S31cAjcnMac0iaRBQYFVYfXFa_YomgZ8DgH8lrDD2KM1LC3tpFTnZA9N_CU0RHzz_N3YfH5_7USecFtyAykfcp77V9uKfVBzxiNZvS9dafQ?stp=s1024x768&edm=AOnQwmMEAAAA&_nc_gid=m-ar5jfvd3L38Ugt_jbFwQ&_nc_oc=Adr4BM44ss9ZtC7CNDbC9YXGChz8o86VlwKYUC0oRk5cOaA0r2imlL-OLCK-BJDFo6ArL2w5jEfcXkEsMz6HHBbq&ccb=10-5&oh=00_AQGYHvmLUP1QH6vhr-gk4PnbgHflYN067xCJWDusROTsPw&oe=6AA47596&_nc_sid=201bca
4235074619865030,4oormcsrucb7t55y3g4lim,1539876427183,359.99279785156,-46.747806207908,-23.527086575858,https://scontent.fgru6-1.fna.fbcdn.net/m1/v/t6/An-JKEDyIbW-RYjpqJa9VtHZv2kxRedt4uwWciUxjmWf2dymuKy3ONnZ3thLDSn5aNcYqfCLONCgSVDdkBteWSNbJWodGpgvc6Bw_57xQytKzfA097SiqyjAhIhpHWJ_rRzJ_-QMz1OQqdUQ-4lxnQ?stp=s1024x768&edm=AOnQwmMEAAAA&_nc_gid=m-ar5jfvd3L38Ugt_jbFwQ&_nc_oc=AdrrwH9QnfpY1HpEopQpwQjwTrYXQbvdYyEUqDoJR_jal4OuatSYfOdrde6A7cQOc5eSbN5YCWo6jN0QaFi-nDmT&ccb=10-5&oh=00_AQHQeAXzV42L-2oQwkfyYxa9nbGO3vAz5aWw_6EYUUFxQQ&oe=6AA48A1A&_nc_sid=201bca
302130031404021,4oormcsrucb7t55y3g4lim,1539876850169,285.40740966797,-46.757439200931,-23.494084152613,https://scontent.fgru6-1.fna.fbcdn.net/m1/v/t6/An8xZ8hAUNr8mGgAnKVWclAINgTswNCZ6J4xTFGVnzY2lRVI4Dv2NfC48HQFhcqhNARpwWOJH1_DiuOI7tr5DQ3gfUV4m4VEChUtaE8xOAiep5ydz8FcXDfcp5BuL507LERHjYeXmI7xG3DvCUy-Sw?stp=s1024x768&edm=AOnQwmMEAAAA&_nc_gid=m-ar5jfvd3L38Ugt_jbFwQ&_nc_oc=AdoEthbdIvxp9UlAdtWr_ljOHDdUoezH1gapf9CM7zj65nHR9dvzBiAByFHRHvbZYgfkd5jQa1JtLEw0W2JTEh-z&ccb=10-5&oh=00_AQEs3MuQrNo8GAFihEFQRsy6iw-TEhCfH3WM-vr6hJPXig&oe=6AA4613C&_nc_sid=201bca
944804342985250,4oormcsrucb7t55y3g4lim,1539877352157,315.86450195312,-46.807695273598,-23.413349737762,https://scontent.fgru6-1.fna.fbcdn.net/m1/v/t6/An92jVvrMUsydlhUPlHraV3VZ9pbvd6F33atzELQQnQdaWeJSWWmns2JKCu7l6wQM7B9FIz8Ec2fq4c1LGWvtWtVWTnrBPFn0j66AGoTzzHHyboFQmfeWNyx_0Yruz1BC70FHj2QQjnov8QJSaedUXs?stp=s1024x768&edm=AOnQwmMEAAAA&_nc_gid=m-ar5jfvd3L38Ugt_jbFwQ&_nc_oc=AdqXIh_rm7TRLtK4vHDaUsNvCWycPEqyb55w9CWVSpt0QZL8OsgoVT5HAUMhLq0IOjyxdkixq2DeTRbtzjEKeDsc&ccb=10-5&oh=00_AQE92hyu_nMfoUohVNLp7SIww38KRhHA1vtfaY520g4cZg&oe=6AA474C2&_nc_sid=201bca
1457463101276369,4oormcsrucb7t55y3g4lim,1539877252160,324.31457519531,-46.788595930032,-23.424128721432,https://scontent.fgru6-1.fna.fbcdn.net/m1/v/t6/An9NO69puC2TAOiJKt0SRaEATP0AYK8EIf_x96g3Kn1G-yVs-sF-L96Nxem4oTJSKxtQHTCbegr7Iv3cAEmYfwsEaek0uwY3gWKBSCJNW-8_NAQGk5D0wohRbqFeOLdrSJJpkfjqf9DPoYTkPRhKSA?stp=s1024x768&edm=AOnQwmMEAAAA&_nc_gid=m-ar5jfvd3L38Ugt_jbFwQ&_nc_oc=AdraBf7B8r228uEEk7JlbCJ6fdnK60RDYIrHhtjmMjgwdnDkkmC2jcn-LzKBnOU3DwOok4zQ01CcYUo6lQHbxgIO&ccb=10-5&oh=00_AQE63694qcUo6sPTR05Pu-e8tTKlu-HQyUca-dLuQ0x8ew&oe=6AA493DF&_nc_sid=201bca
5588149134593391,4oormcsrucb7t55y3g4lim,1539876389098,326.48944091797,-46.746529884299,-23.534017480703,https://scontent.fgru6-1.fna.fbcdn.net/m1/v/t6/An9nVnTJZQjWi633Ur6JrV7V79j-RQqlmKucZigocLwsD15L5Kaust5fgxsxBbYFYJq5P4v7ApUYK2tHRbIwFkAYDn-ZganYyx7tI3QeQEgDlXZOmeunFmnzK_sLy_U5XoJkP5Wvzk_Lc1-y8w3njA?stp=s1024x768&edm=AOnQwmMEAAAA&_nc_gid=m-ar5jfvd3L38Ugt_jbFwQ&_nc_oc=AdoiZ6W7qAXOwa-kDc3lIG1O8ikdYUtk83gBwkb-w5iJAZQln2NlUcz42ge2DE6pxBhbZXLy05FGOsV4EXaBVVMn&ccb=10-5&oh=00_AQHyFllA6XtMxPCFQzUtb07tny0UhOBabhKiX7dRg7Kpkw&oe=6AA47D9F&_nc_sid=201bca
800762580545176,4oormcsrucb7t55y3g4lim,1539877305157,298.86669921875,-46.798791095095,-23.417968798585,https://scontent.fgru6-1.fna.fbcdn.net/m1/v/t6/An-z5Uj0axqbh5LpRnZFRqX49V7Efc5Li-FlUwXKi6J7425qQFgrzFD46Z6LIUh_rKViMLQ04Ki-OcG5DN4rmMmFjK7Htq6MJdNwlP6C9qnOg2xl5hmdgtYT6NvBc0YSbFB2XnickA56XOUQcvTMQg?stp=s1024x768&edm=AOnQwmMEAAAA&_nc_gid=m-ar5jfvd3L38Ugt_jbFwQ&_nc_oc=AdpK-C-KtX7Hl2NapJUSsd8VxMvqXrxdS8t136cwei3BBara9HBiO1d09TL3Omi3mm2b-ikPBtsQyFkNh83ldfFa&ccb=10-5&oh=00_AQEDi3_a5qqZsxCmXvUq2zwTw5tPxBnwkUcNwqePSflSdw&oe=6AA46AF5&_nc_sid=201bca
4299898553389377,4oormcsrucb7t55y3g4lim,1539876435175,0.9613037109375,-46.747802503424,-23.525551981522,https://scontent.fgru6-1.fna.fbcdn.net/m1/v/t6/An-bOPneiyKqQBJH4cSQJUTQ1JQpxlzW5ydyy6unDyKRPqopJNz2n1ExkSnEEBNjTC-g0HCEcaOiEDjeZzVhDjSfWNZJ7-FLifFuR3Fnug0pNV7xOBz82koAAvAW3U2CP9i-L99n9Ky2-ymjmwlQeuU?stp=s1024x768&edm=AOnQwmMEAAAA&_nc_gid=m-ar5jfvd3L38Ugt_jbFwQ&_nc_oc=AdrvvwOZiSKH42ph97rB1_BUpDCi33OYVOvSaA913LDtaXcZ_RC-qmFWRIQyj6zsKowd778LJNS2uyvY_Qxs249M&ccb=10-5&oh=00_AQGuuxRABVMkFxfeZ3w9u9kf7mZuvGjrWs_Z5PIAxsiAZw&oe=6AA4625D&_nc_sid=201bca
476209750468279,4oormcsrucb7t55y3g4lim,1539877089144,324.42590332031,-46.785063227627,-23.455895774866,https://scontent.fgru6-1.fna.fbcdn.net/m1/v/t6/An9FTnDgJjcmgPEt3Ag0klc1d-iiNMrVWBEDeLtHm1O7bXX8LvDvY1hsRGbNiA4tHsxzkZiBd-m0gsBzqPLitA_BFqC0rNDF4r7uYADMbNomgHWNfRabDhXWI0X7ybqvMB0Pvo3YXeXOCxrZWWtd2w?stp=s1024x768&edm=AOnQwmMEAAAA&_nc_gid=m-ar5jfvd3L38Ugt_jbFwQ&_nc_oc=AdqIMC753AwTVLoWzb0Mdsq7R8zbBKfkkIoz_yidMQGWB6V1Dwy_zAw-wn3O4WrtWIiEpK1I6j1IahdWQCR-kPc8&ccb=10-5&oh=00_AQG25SZen0IzYJaOGsYBo2CWN8sBTmTqoyyzBS35Wqv5TQ&oe=6AA476E7&_nc_sid=201bca
937399230211993,4oormcsrucb7t55y3g4lim,1539876419174,3.3021850585938,-46.747814276522,-23.528638068516,https://scontent.fgru6-1.fna.fbcdn.net/m1/v/t6/An-qYcfpWWlFWqH6PrlOEK_LcGGFO2ZMNQ5JeXyUQtsq7OWOkw2yLzuTQRX_U1-iCqYlFb1koWkreTRGAHapCTTuJqfiS04NZfA0Tt4bkeA2Rl6Ye-eIRnViMk8EOZuzuTC_yX4nJIN0b_x52uQq9w?stp=s1024x768&edm=AOnQwmMEAAAA&_nc_gid=m-ar5jfvd3L38Ugt_jbFwQ&_nc_oc=AdqVS-Xo4mnCs814OTyyT5K_DxWRNeQJqVdjEYz2WZanmn1S2m3t_kwpaPuegizxsuvdnj8v725eDm0SJqJYHnJY&ccb=10-5&oh=00_AQFZ6cAoLdIAPZpQTOj-wNWJ4YNXuI70l6y_gl9hF4kDEA&oe=6AA4843C&_nc_sid=201bca
3798783093584578,4oormcsrucb7t55y3g4lim,1539877083154,323.55261230469,-46.784156031446,-23.457085521053,https://scontent.fgru6-1.fna.fbcdn.net/m1/v/t6/An8xiuLacCYOaMBIMJcl39VmJglIZk_A2KvC2v7tu6Oj5rniQfdEmTT0Brpl1m2tBwp0n3iq4seNgoYdvJSawD5NHbNnAKk6Zx52wmMh_mVUIxHklOmZNODKtcJM5PWwmqPp0EB3_VVoE2fAUzbdAg?stp=s1024x768&edm=AOnQwmMEAAAA&_nc_gid=m-ar5jfvd3L38Ugt_jbFwQ&_nc_oc=AdrlZnXgU9X4IgThq8gm4TJo2Bpg4-kyUDsT1uayMH0e3n-N9lZC3XHqIIfYAohGkclfaIXOFL3L80pQtbIC6T-d&ccb=10-5&oh=00_AQFLhSW87eGrqyPdvWz2VznyFF4lK2TjPlpFHc7if33PTQ&oe=6AA46110&_nc_sid=201bca
5441973615875676,4oormcsrucb7t55y3g4lim,1539876558141,72.230407714844,-46.743486282887,-23.518403836093,https://scontent.fgru6-1.fna.fbcdn.net/m1/v/t6/An_sCHqwoxGDenH2feo93uKTay-CUvS7YZ5AMkoPey1EdXqRfFumYKg3Klw7zxxKyDH5v30a46VbkOJBokPd4uNsGCR31oj0UpGX9jdEQi6uPQcD72CFT2YGHwL0absdtDiJM-X1QFqG9BimgOl6jA?stp=s1024x768&edm=AOnQwmMEAAAA&_nc_gid=m-ar5jfvd3L38Ugt_jbFwQ&_nc_oc=AdrefcfFWMVwsJSUzeXbXDLE1nYdGg2pzD9QBlYvS2s6P5rsvEnO8hfddLt_EU0-ccNwMD2Yfd8kcMYqxI1fXTXO&ccb=10-5&oh=00_AQFSiW69-LcHr1_h0hvS6eCZfMaX8-sKWnDcn1I2Bosp8A&oe=6AA47F71&_nc_sid=201bca
161009846027807,4oormcsrucb7t55y3g4lim,1539877230150,359.30334472656,-46.787442007558,-23.427005656908,https://scontent.fgru6-1.fna.fbcdn.net/m1/v/t6/An8aImvPno5Atwly_bNUL1TeH6GAfcVLyWvNzp6ALNsZyxNROGganR7lL5wRk1RPmXRba7lmknGqcasvhsOTnHMuj3WGB-CKWqQ1Lc15S_uyBNYm57tR-3TpqE5SJw38rCNR545EVVOoReIe3NFEow?stp=s1024x768&edm=AOnQwmMEAAAA&_nc_gid=m-ar5jfvd3L38Ugt_jbFwQ&_nc_oc=Adr_un3QyfbKqP6Lm3kFnzZepLjS-LCn8Q2duNCTDnviDH9qJNgkJrmaVZr5Nq9KFc_m_oGjpXIDu2dOYXmHKX_A&ccb=10-5&oh=00_AQGVgGhdeVpStFxw4CDSXKuvoTxCYg7dKK701sCRciSE_w&oe=6AA4883E&_nc_sid=201bca
164015935652698,4oormcsrucb7t55y3g4lim,1539876414179,1.0733947753906,-46.747840757182,-23.52967017721,https://scontent.fgru6-1.fna.fbcdn.net/m1/v/t6/An8bFvkon8UuPf3oaOizzXjgnL41Gh7pYXQGwqa6ZmIVI0sq6Rk-Kh0mRLawHvJ9mPmREYRIGEZLaM0SIPApOWYe9BTLVghQUnvNt6-ZEvLM0NOK62U33ekVYCs0AM_1oS4CoP09G8XdyIjpgWLdldM?stp=s1024x768&edm=AOnQwmMEAAAA&_nc_gid=m-ar5jfvd3L38Ugt_jbFwQ&_nc_oc=AdpykEMMYwJWFJ2GqMHwGbHT79m_i0O_fyVi6TrejqiJ15I1MT88ZiQ0WCNBjMWqELPPtzP0h2m46CVCCc37vfS0&ccb=10-5&oh=00_AQFmYFSmWUL9jcCdhrME7YPz0ErI3CRSaKxJOLhS25e__Q&oe=6AA45F10&_nc_sid=201bca
399031324417990,4oormcsrucb7t55y3g4lim,1539877068182,325.29724121094,-46.781767536353,-23.460263592601,https://scontent.fgru6-1.fna.fbcdn.net/m1/v/t6/An_sv4-wOePHdRxDI2KU2MnzkiaVLOCi4Q_PFF7wIHSv6eKcyZq7q_QQYVdRbhQ6jl8EFabhgk7rnhF7tleNXFxmv2y4JmLp0TnxROjkwuI6SESu0mkvcg4dP91NbCtcNiqvk17R1L7L7PZ9j03G_A?stp=s1024x768&edm=AOnQwmMEAAAA&_nc_gid=m-ar5jfvd3L38Ugt_jbFwQ&_nc_oc=AdqmmiWRX4_b59vC70h0uGBKE7L1-1RP-GA8FImCCW64sydTWjcSTEa7tTaqrpTvQ56lsWgNHHyNJawpE1RzE0fi&ccb=10-5&oh=00_AQHOGcmkH4J5o7fbET-nhrlD-S4qM5y8wY1QUzQ6G05uGw&oe=6AA47907&_nc_sid=201bca
520991602592961,4oormcsrucb7t55y3g4lim,1539877041176,348.728515625,-46.777801959868,-23.465342295049,https://scontent.fgru6-1.fna.fbcdn.net/m1/v/t6/An-l1a4iqqwoTqyS02_NEHWlzO_tCbzbetoHFVZw3J5FHR2BZMTO4kayGLra9AV8FbnSI4Biu8GaWguevm24mwWY7TdJPOO2FZ3pZY8n0dIex74Itm-rKGp5c5GF51TGZEaU1oGuTXqXnFKzIIqjiw?stp=s1024x768&edm=AOnQwmMEAAAA&_nc_gid=m-ar5jfvd3L38Ugt_jbFwQ&_nc_oc=Adr7n14has9nxwbHYPwAwGHxLamIK2oqaW6uqUL1zBpo7VZSkZRyw7j-33dPdKTGkZD4Cra1xAnomdQRQmhg0fG4&ccb=10-5&oh=00_AQF2_CWSvuXMudg32zyAI_xNv8cdJqaANmoXDTXqZsCtnA&oe=6AA4807A&_nc_sid=201bca
2803487279949537,4oormcsrucb7t55y3g4lim,1539876876182,286.13525390625,-46.76308872962,-23.4941490347,https://scontent.fgru6-1.fna.fbcdn.net/m1/v/t6/An89wuXgLV0dtUWnLdRzQjxVlI-Wb8j_uoqofV8mzk4ejGqVTVfbmHLOvGnip70VxDOvRZE9jPpH_UmRqW2znY86hn6wK4K2YbkYcpEFe_pUgkdbLowhb-KF7M8p577XDRWw4QugaAqQ5UDjFUyO3w?stp=s1024x768&edm=AOnQwmMEAAAA&_nc_gid=m-ar5jfvd3L38Ugt_jbFwQ&_nc_oc=AdoU6TT2I7eHmJd9CMtg7vrflTFKiaxvqNhTNjus7Snq5j7qLzfpDAADyf7Lu5yAvVpCcA3iSEb6ougLuReO4Kjp&ccb=10-5&oh=00_AQFqvkIT276aFM7X-drehvFfahp7rx8Ujj7ZY2kRhiDIEA&oe=6AA492A0&_nc_sid=201bca
373827430633402,4oormcsrucb7t55y3g4lim,1539876986150,297.31762695312,-46.77349804836,-23.473347048669,https://scontent.fgru6-1.fna.fbcdn.net/m1/v/t6/An-jDKlh8ZZZFEoW93iK-VbejzvztYP7y8B1puU4KdWhFYfzcozwEC1g-oySjHV7NUzdyzuZLIVwS1x8vzxWc97s0GRsknc-bnfLzCOX93ZQ1x50Uz-17Y0b1G6GHUu-76J_Zv9-8cHdNJR2h0UQ9g?stp=s1024x768&edm=AOnQwmMEAAAA&_nc_gid=m-ar5jfvd3L38Ugt_jbFwQ&_nc_oc=Ado9X4t4faZpyvVIO9bcENOY_80lfM1bSR2GI6YkOlQoOewzBIlX861Bgkk6KreRgL3WLZnWRIXQZ8VNXsc9k8gC&ccb=10-5&oh=00_AQEPkhJVBdh8chHGISCIKztUmZ3YxykIp3CXggK-RxrDfQ&oe=6AA47574&_nc_sid=201bca
390667665399545,4oormcsrucb7t55y3g4lim,1539876802142,323.77795410156,-46.753501054799,-23.503570435108,https://scontent.fgru6-1.fna.fbcdn.net/m1/v/t6/An9fLv7ZKiYeWMtXe7m0fYr7LXGzfqt9RqCOsjy_JWgYiP7HNWQDW4kbkFHrZ2yf-loyVznH988SMkQdu1NQdgByCNlwqXeonL3NDyC5B7ggZv25LC_wMRn5TGHsXSomzyaqPgk1jOmBUvBb9VFNkA?stp=s1024x768&edm=AOnQwmMEAAAA&_nc_gid=m-ar5jfvd3L38Ugt_jbFwQ&_nc_oc=Ado3Hu0aGobI63UOq27AF68LXCWG7glznrMIG5bAaaWen38NyvdFc_PmUYkHT5INIvjVzSeS8WqWPswwVzewriYk&ccb=10-5&oh=00_AQFxsMlKmt_7aswXhQXvVkf_-DIKsgpvdbOFkMjOisQIUw&oe=6AA4902D&_nc_sid=201bca
477111153407862,4oormcsrucb7t55y3g4lim,1539876628145,82.143859863281,-46.731626162079,-23.518282794562,https://scontent.fgru6-1.fna.fbcdn.net/m1/v/t6/An_c86ZyD58osXfskj7QMa9EYCXtIQEg_VYrD5YniRHWACDp_E5UREIcmF74ALKwcFzs25K382-tQnVx-Y8AP8TdN8urXYaDGeAOnjS1xqNY4D1ly-ZXFjL2Abned-Ts3QqlGwE8d3mMJN6iddXzfaY?stp=s1024x768&edm=AOnQwmMEAAAA&_nc_gid=m-ar5jfvd3L38Ugt_jbFwQ&_nc_oc=AdojkgM_1sz16rtU6XB2tQfONwv65M6mLLogXj01s0C6Afg855TwtscyGQ-dnpah0TdGV1voXUxrmeV5GUdkfqys&ccb=10-5&oh=00_AQHlH9KBwx0Aql_HPY3ezI3tJvYvuoPuG8RG0mzx5dB-Qw&oe=6AA48B39&_nc_sid=201bca
488199192521558,4oormcsrucb7t55y3g4lim,1539877110160,350.63958740234,-46.786788561589,-23.451242550416,https://scontent.fgru6-1.fna.fbcdn.net/m1/v/t6/An9-gW_YOFQp2D51A8_xqGPVvO1o08ZKQ73GWBn0DZYDCrch_iCwIYNDxz6f4MgV--KJGC8pNNgUqA0ZaFE1NXTvr-mTbx6D5vZRk3TUSqPEBos08gZlAcGxs5II5o-ztuiDCjrzCYFKJYjvwm_1eg?stp=s1024x768&edm=AOnQwmMEAAAA&_nc_gid=m-ar5jfvd3L38Ugt_jbFwQ&_nc_oc=AdocyTGOQl9A39qZtJefqwxDyXAfqcccJSPnebLUYXUMMrc_tFUV-eYwg7cgVgoc5glRZpmeTXfOTOr7uzB1Dvub&ccb=10-5&oh=00_AQFhIMAHDnGvB3pcFG8CB3Y16dxWFRq98YoWGC3jL3mnXQ&oe=6AA48F43&_nc_sid=201bca
509454706752673,4oormcsrucb7t55y3g4lim,1539876448172,8.6766662597656,-46.747548374444,-23.523489321124,https://scontent.fgru6-1.fna.fbcdn.net/m1/v/t6/An-mhCQhAHpox09PCKHya8H_DbCHf3__ekZxdXpMk06ueEmm8gYhQSY-5ydYMgCtcpXsdLA8Ee7ojZgxIRwNriljz7-z9QLTsa2t3p_FvnhQF7g05NME4wauZefrFLiDFhWpMI-X8swissRtvJWvgA?stp=s1024x768&edm=AOnQwmMEAAAA&_nc_gid=m-ar5jfvd3L38Ugt_jbFwQ&_nc_oc=Adpc8U5lr2F_NjDb68QkTRhs8URUNbeR1ZgENolqoulQBlQMqwiWFtJxOTI4amGVYSwT8nX2AsAw5_1HDuHyYZQp&ccb=10-5&oh=00_AQEcpDz4pUkWSdc5tFG9andOfOSbth_TP3kh4z7ojl1Hjg&oe=6AA4903F&_nc_sid=201bca
4344386332246972,4oormcsrucb7t55y3g4lim,1539876872143,269.45788574219,-46.762191961668,-23.494328660331,https://scontent.fgru6-1.fna.fbcdn.net/m1/v/t6/An8Hp_j8BoHe2QuMZgM9-9LSJJ4Xrr3iCqlqXc60YLYCysIH7J2N_0XsC3I9pZ-7Kv_XvBMcurHEA3LHbqfXF-dXpZYkEZATBR0JjEjS61jp-8ruR54FlsuQ_AaoZ_U2WrA-rkJcd0B0iE4ChSMddw?stp=s1024x768&edm=AOnQwmMEAAAA&_nc_gid=m-ar5jfvd3L38Ugt_jbFwQ&_nc_oc=AdqrkdaIkt_O8I5cNIJ3L7co0Dqr6q-oAZ4QXmvs1jzONEAeaZ-VdtmWwAPDIv1kwvCALkHdoEFUW8UEJ11R0cP9&ccb=10-5&oh=00_AQFKFrmetyjeXN8Shm8jWcqrNYmtB_sdMk0uEGMepGikVQ&oe=6AA4823D&_nc_sid=201bca
2847248352196116,4oormcsrucb7t55y3g4lim,1539876800141,322.287109375,-46.753210961478,-23.503924163616,https://scontent.fgru6-1.fna.fbcdn.net/m1/v/t6/An_kM8PDToD1C_qfqVYIYLMX8y8X1JHqEVtZgT5XyxsbKcPUttN6vbMnHKS8RpKjlzcp-uY51MYaWcuElRTNhmhwHiaW6qP5NVeD217UNFNXntHFPb25KULSmJlrenMdHy-wW5o5-nQLYMD599n9Cmc?stp=s1024x768&edm=AOnQwmMEAAAA&_nc_gid=m-ar5jfvd3L38Ugt_jbFwQ&_nc_oc=AdoKirK-pb57i9yDF7MTqLpk2mJ9mkx-wnASgMvFyfITEHU06amrZaUoLdaIHD-b__7QXWLS0qO5ZWoQzCp7Uug6&ccb=10-5&oh=00_AQFL_erLuSYSakZjdFxtwOBPEGi9omLi3lKWlrNeTLyL1Q&oe=6AA49374&_nc_sid=201bca
3948472221873718,4oormcsrucb7t55y3g4lim,1539876401104,347.66223144531,-46.747730601438,-23.532126037202,https://scontent.fgru6-1.fna.fbcdn.net/m1/v/t6/An-VUmBLQgGNsPYebOeJEuCBUaeJV-ReMi35WEqebc5fNa-sY-Om5pLFPso39JtlAPEpALK_YV4DTtx1FJnalZaFaFfWVslGUddLs2nROXe_DQk6LCELcwsj-dfjtE8sOeZWbHqR4nxr0YgzIzkjiQ?stp=s1024x768&edm=AOnQwmMEAAAA&_nc_gid=m-ar5jfvd3L38Ugt_jbFwQ&_nc_oc=AdrErRp9uDlQ9URNUfvw0ZIsaUEW2rPlW_i6YjyhiCXfYmuJAXqfqbmRAWTX3Tw1g3NoKJfXbZzqgzzAYgbFoCfx&ccb=10-5&oh=00_AQF7FWTfR-oQMxOffeZwV5Nr8oejDGIq_3G0zqFZGwws7w&oe=6AA47D45&_nc_sid=201bca
135150281891699,4oormcsrucb7t55y3g4lim,1539876906137,347.34838867188,-46.767218484099,-23.488953248258,https://scontent.fgru6-1.fna.fbcdn.net/m1/v/t6/An_WjnUMclFGjgOUU4nR5aC1QLQzqkCrtex-m7RJoPszUmcnVQ_Q6NybYldeKFHJrzLClW02RYMaVGKFJn56g_C6wkUm4t3cnWLxj7cd9jkuhGO0yX4vwqLdWUE5xzTmYo6fFQwAZcO06MnLtkqwu4c?stp=s1024x768&edm=AOnQwmMEAAAA&_nc_gid=m-ar5jfvd3L38Ugt_jbFwQ&_nc_oc=AdqM_qDgaaZBjpB5bME9iVX3hKdytoECC7yqs3greKWtm21nk52fhwEv0YcE0BFMc73ApzWsDgtP2aiyzNf56Ln0&ccb=10-5&oh=00_AQFR_4bSEXKZX_KDPI9S8PYBNPILFsBinN0bHx89UgOgPA&oe=6AA4927C&_nc_sid=201bca
1076027326253485,4oormcsrucb7t55y3g4lim,1539876449175,18.872253417969,-46.747514719717,-23.523399049803,https://scontent.fgru6-1.fna.fbcdn.net/m1/v/t6/An80qiY1_jJtTAoA3GCMwYfA4Nj-MP8mcTouDu5c2qqtoYGP09Bqgr8GYKMhk9RlrEGRc5tnsUq-4pPgllen6iJ7Xu6NZ19J1OtliyI4Q7l2mFGamvWyHI4tsxj2jKYC3OSfs9y0N-ef-hq9-kcuVQ?stp=s1024x768&edm=AOnQwmMEAAAA&_nc_gid=m-ar5jfvd3L38Ugt_jbFwQ&_nc_oc=AdrZUdC3cfpCSQtrdNni-NCuRVCibrTOEYJxAQGuu-HLCtTo5IkyPOAhYqSRAVGY9iT9Zb71kfLHnq8CWDECiuzs&ccb=10-5&oh=00_AQEaFSlSubWqL3K-wJsWQiHJVBc0iIA9E8Id1Hl4K_QWow&oe=6AA48D5C&_nc_sid=201bca
142628834544171,4oormcsrucb7t55y3g4lim,1539877338152,300.63531494141,-46.804782196621,-23.414985367401,https://scontent.fgru6-1.fna.fbcdn.net/m1/v/t6/An_mJLmQS7coQwPb4smOvPUlznCUeKIHIcAzCbXaLOaYbeKofHATCk290FUclCf09yTDKzxHZzQpJNED9Gw0aGzHcXskAokUYILKSv5cAZf5qVBgZzcA1sWOylFojRjymdeBGoqnaBr16jTtlT-mgg?stp=s1024x768&edm=AOnQwmMEAAAA&_nc_gid=m-ar5jfvd3L38Ugt_jbFwQ&_nc_oc=Ado158ZHheSPTO0Jri0uqiZdUicSbZVjBVR261q_VFNAnBhDOEqzRSLeSU0-UCrxhHuIyeFf7vjGN3YX4C4OVMcB&ccb=10-5&oh=00_AQFEe7HbdbfkiG_B4pBOAd_I8ULVZLSbMp2toH0PZK7Agg&oe=6AA48302&_nc_sid=201bca
289431406151079,4oormcsrucb7t55y3g4lim,1539876413181,0.69943237304688,-46.747844829951,-23.529869474977,https://scontent.fgru6-1.fna.fbcdn.net/m1/v/t6/An-MwMyxkII8MnWvkyxj26aNKpQ_8LGWciXXc7gzZRilKwMvMKAxHo_RK8pk7oChtZCi9NdQi26B-GryXFskzsFceQsCeGKIVPj3soM0IfdoK25fOAaEjak52KP-fmJT62eeaTk-glWaa3s3OEmJJg?stp=s1024x768&edm=AOnQwmMEAAAA&_nc_gid=m-ar5jfvd3L38Ugt_jbFwQ&_nc_oc=AdpxLQDY1URIpe1A_4fTocZ15rfzB7MXXq3SB8gXGAMr0DwTXdSSQNIdiVxKcNXJbZ76792jBoW_4FZ0ul3-7tpk&ccb=10-5&oh=00_AQEm9mQuDqq4Vf8cERz54t84H6gRyr8g8BDD_23P2IyiXg&oe=6AA46064&_nc_sid=201bca
579743480085199,4oormcsrucb7t55y3g4lim,1539876700118,293.98095703125,-46.730684699861,-23.509090964162,https://scontent.fgru6-1.fna.fbcdn.net/m1/v/t6/An_juR8-Qgxu9GUOnWZYO55cMgIOBK3-FSxn_ocju0eMqEXuO5jghxCP357RJqSIzIk-tPhc2gJQM10xiCNIMWphpMFiuLmh6WN97tre0WbBIVY_KQbZp5kPEf4tIlelkOjxm3G7caaBs8Qcze9tnQ?stp=s1024x768&edm=AOnQwmMEAAAA&_nc_gid=m-ar5jfvd3L38Ugt_jbFwQ&_nc_oc=AdqOWKN9YM7RxfglFAGCMBW7IyG9rV1M9cWBheZng1xgoqiQobPzGxprmbml_n_gzXzn9bjiIjfw_sFrPCpGdBAr&ccb=10-5&oh=00_AQGn9HR3tnsmZP_Bd-Als4dBbXe7hrwmE0Yatw1q0_-LUg&oe=6AA4954D&_nc_sid=201bca
1483114345368270,4oormcsrucb7t55y3g4lim,1539876406129,355.90802001953,-46.7478464142,-23.531219096573,https://scontent.fgru6-1.fna.fbcdn.net/m1/v/t6/An8vEKSmthYm-jIZ6ySWffjLv_YHGfRndMmHWINGGyfV0nDCjnlPqeFUaUaHooQCSNTjOu0KRivvwLxuJxYDw5TbnuCYMcRGRAmBcKpoFnHTTrC-9UK78iNhy_rjRzkfY5G3D9BPxQN8opwMqwGa3A?stp=s1024x768&edm=AOnQwmMEAAAA&_nc_gid=m-ar5jfvd3L38Ugt_jbFwQ&_nc_oc=AdpCxmsmFkKSFxGCJzoZSkEFZCoKuFuXNfosZi23hhM3tXzMGZwDDVyKCcvnXHzK5Q-VkDukB6iqLN_QljttnJJG&ccb=10-5&oh=00_AQEcKRiMHch5RR3VSk6bxDg_DrXLofawBx1-NR-9J2z78w&oe=6AA489A2&_nc_sid=201bca
487628622689318,4oormcsrucb7t55y3g4lim,1539876404133,355.18237304688,-46.747817893741,-23.53158711953,https://scontent.fgru6-1.fna.fbcdn.net/m1/v/t6/An-QqKhLUIRPpF1MciSmzzzJjukaXsBdgVZRYOJb4H8hTxTtAQo7Yx3DF50bli59OHgLajHD_w9y2qgYa39LJyY7otBWFm_tFVmgmlXS3P0XuSHdSIs-L2Ch8vy5vyXfnBXFI8UEi-Nzx0yyRj003hA?stp=s1024x768&edm=AOnQwmMEAAAA&_nc_gid=m-ar5jfvd3L38Ugt_jbFwQ&_nc_oc=Adr3RSJtVVw0WHq8ddt0icvUg9jiEuC79JcDoQvUD3_5G93rXfIgEMmlVL9wQ9e3Ttiu6GnQckOuqKA3Y1vD7ylS&ccb=10-5&oh=00_AQFgLfA0Kiji4WnLKZw3i5sBa0xSobX24IX107VVoejQCw&oe=6AA47B73&_nc_sid=201bca
179299427405709,4oormcsrucb7t55y3g4lim,1539877324163,295.70727539062,-46.801826786115,-23.416526876044,https://scontent.fgru6-1.fna.fbcdn.net/m1/v/t6/An8v9uYGCoJhWLA-Na50iLmBOCAbVmkIV0xo7jxgxU3Qhl6ZOZTHZiqlF1PDabw2U6LY-olCa_0mEeTspf9CiZzSInROWzQ0lvAICi0ExQSQUEDYq9EJ1WTrmaIzqScyY4K5ByD6z9wgahPpIrjvZg?stp=s1024x768&edm=AOnQwmMEAAAA&_nc_gid=m-ar5jfvd3L38Ugt_jbFwQ&_nc_oc=AdpxWwm1CsKiT7C9Oxwu85t9uar8DVT7w41wFxx4B54W0brYeqNSTJKEKKuZAd439WTfsSvFVRkPOeIVFEx3t4k1&ccb=10-5&oh=00_AQGA5qLOTRUh8qcs56OiDqmgkcjs4f4MOA3Agi6r0Zv-AQ&oe=6AA47BA3&_nc_sid=201bca
306425737768410,4oormcsrucb7t55y3g4lim,1539877328168,295.96655273438,-46.802683833576,-23.416167937703,https://scontent.fgru6-1.fna.fbcdn.net/m1/v/t6/An8Izk7JMJEDdE-MhGDwOkHuBGazXZp4e0AO_xkeiheEsrtDOHc8OuHMcKDmgcTe2GtwzU7QiTvMLNf6sKuB63nn_CGTu-eUEC5PEPyarhbEF0P8eCtUaU4atuzXR-x3jcxp6v5Xm1a6XanDOEsQlQ?stp=s1024x768&edm=AOnQwmMEAAAA&_nc_gid=m-ar5jfvd3L38Ugt_jbFwQ&_nc_oc=AdrKbwvy6196-_DilSdyVqdQ96VJzjl6dRySczIxJ-OLnXJONsnySKrW5o_mEmcQF9FRbtnIkScES5Ep4DaccACX&ccb=10-5&oh=00_AQGdGUWFDygmnst1QUJs3RUNnRfbDk81WhvU_AkGn9RaFA&oe=6AA4877B&_nc_sid=201bca
583355032570311,4oormcsrucb7t55y3g4lim,1539876429172,358.97106933594,-46.74781159531,-23.526700925175,https://scontent.fgru6-1.fna.fbcdn.net/m1/v/t6/An-aA1f7eO7P6ilqZh2cOE9cQIMzMK-kJsHuThKW5YWA4RBFgwrh4gn8dq4yCYh99CvZjZnQkHu_BEACPxPK9pfGRnLGh0UgMt6PU5olQSJ0mjn64dte_PVa5Ic-VdkWqwrRSe0MYPObCWq6M5tcJQ?stp=s1024x768&edm=AOnQwmMEAAAA&_nc_gid=m-ar5jfvd3L38Ugt_jbFwQ&_nc_oc=Adp8xfGri1QhiyOmwbUU8DWwJ6qxLVB0UvQLE3Ak8RqE4geW-7FRj5_nJ37E3D9iAExlcM563vdZLggCb7CKZRjw&ccb=10-5&oh=00_AQFfkjpT7XPPvHwEjBugUzwU_wrZ67PkcHwfqSUPu2dUpA&oe=6AA483BC&_nc_sid=201bca
3001491723416951,4oormcsrucb7t55y3g4lim,1539876934177,345.97216796875,-46.770339025984,-23.483265737704,https://scontent.fgru6-1.fna.fbcdn.net/m1/v/t6/An9TU0_KmeyP3YchuCHrPwISn7KnkIQbWD1Sl_5XyfdPlY6u4GPr62llCgtevOQkhauH7KtlPrwy3KTI4GctRdaVK908evLMKhkM8a_kAyvsBNXhUbHkXTHKDepCdmUM6Jh9ZR3EZzvQJGDeQtLPnw?stp=s1024x768&edm=AOnQwmMEAAAA&_nc_gid=m-ar5jfvd3L38Ugt_jbFwQ&_nc_oc=AdrVw59RwvUXj2K2dvV13yUxjD_oMuuXAZVeS2VRSR79zfE_XNE2vwHCByHgrTWW8qPEsIR6Q_4uTvSYe1ZrZ3iP&ccb=10-5&oh=00_AQFi9Yx-7ae0CX6ZrKKJIZulfgLJR1m8-3E8WzLthg9eRA&oe=6AA488C8&_nc_sid=201bca
496129034841648,4oormcsrucb7t55y3g4lim,1539876757138,272.99206542969,-46.744593469866,-23.50763878763,https://scontent.fgru6-1.fna.fbcdn.net/m1/v/t6/An8D7V4CkCtGHvM2wH3vZoAKumo_c2CAtATpEhszQDq_FdqhaJcxQ_MZVp4EtAZDd8EWWfIFCJ4JgcM2rFsyULtzzjdgZbXkWcE6igvTs2gpQzylem5z0ZV5dBvMEdHbj8vTahnWxo7P-hahBvsGeA?stp=s1024x768&edm=AOnQwmMEAAAA&_nc_gid=m-ar5jfvd3L38Ugt_jbFwQ&_nc_oc=AdrpSWqF61y6Pjbfli9pK2OQ_yJ01Ldy-zYfmLD5FYqATz084itjwaRAec-3MzcpGbofyxRAK7UJ9_LDzkdsluDo&ccb=10-5&oh=00_AQFgfD9ZKbr3Nxdy3fHDP02KnguNbVJpzGQfgFRZo9y0wg&oe=6AA483C1&_nc_sid=201bca
759501378055411,4oormcsrucb7t55y3g4lim,1539876452175,8.0718383789062,-46.747435756454,-23.523129068719,https://scontent.fgru6-1.fna.fbcdn.net/m1/v/t6/An_FuPahvQnccPAWfbgQeY4RfNwBj0jIXSUhvVLyNuCDpk6gxegwkh0q-D4EJ03S6Iphxuhj9m9EWnuw3mGyF5qWDy81AC4_9ldxZn-8sUQ0i0VecbFDmKlzJxeoaNJ5hwFvkRVoQBAJLmi5ZrL-Eyc?stp=s1024x768&edm=AOnQwmMEAAAA&_nc_gid=m-ar5jfvd3L38Ugt_jbFwQ&_nc_oc=Adr5WhQX1pDSmATfi4Dob2qeS1Sh-KxGEDKgumIT3217_NG7CmGxzUWbFsR6gUGgNfTDEpzbPAl2QsPZ3noZ0oIN&ccb=10-5&oh=00_AQHlwk62F_yzV6WbvMt-epTfVWexQayTx1mEbA-znwbW1Q&oe=6AA485FA&_nc_sid=201bca
306603460874658,4oormcsrucb7t55y3g4lim,1539876458188,10.591857910156,-46.747308009514,-23.522639882892,https://scontent.fgru6-1.fna.fbcdn.net/m1/v/t6/An8t3_Ai6rLPHimAfLrriMjev9sHyoa1awaNrh6lWe35PTZbp8zNbuX5S3T-zSwEln1-vmr3kE-t6EhUgUnr7a4xDzcG1me5NyKJS4BzIR4yipIjvyM21CVXV0Vi90DfS5ELBFrkBjZ4wYQjEvJYBQ?stp=s1024x768&edm=AOnQwmMEAAAA&_nc_gid=m-ar5jfvd3L38Ugt_jbFwQ&_nc_oc=Adr83fFlLUiKSD6Xo-dNPJVZ1nJT-iYIS6OZqXnaeOSgJF3hkCEDltLStSl4zGQJsxHnyqPPoqRSukPbti6FPMOn&ccb=10-5&oh=00_AQF0tBfPQb5ZaHXB0MNQ0saBLCKE53CKSV97CPI8-Z7kGQ&oe=6AA493BA&_nc_sid=201bca
519280836120585,4oormcsrucb7t55y3g4lim,1539876834159,346.76379394531,-46.754757424337,-23.496102265095,https://scontent.fgru6-1.fna.fbcdn.net/m1/v/t6/An_lRgG4mBp44q86RbH2IKnj9Lq4abVDTPTw9cdiRkHGMSQk6VccHhcBrOphy3TgN_-LJwJrq3W8oD4r5EhZd_r-oLmBnPohcfMA8kgcGLyf7lLyijw0fJRBiRxohJ3x5HZ6EqSnsoZdOvKCFU0JZA?stp=s1024x768&edm=AOnQwmMEAAAA&_nc_gid=m-ar5jfvd3L38Ugt_jbFwQ&_nc_oc=Ado1DBo6C_3fvhuhs179rHsVV745Rk5wg8xhBjiK_DHo47THKlxFeFOKvoMIZwA2O-hLUo1mzQ9wYcm0UNfhNSi6&ccb=10-5&oh=00_AQEOV6A3S61dWwy1wQpOnzwXbsi4gKqrmfostMrnDNDCiQ&oe=6AA47DAB&_nc_sid=201bca
1987882981360689,4oormcsrucb7t55y3g4lim,1539877195153,350.05242919922,-46.786558648732,-23.433097624791,https://scontent.fgru6-1.fna.fbcdn.net/m1/v/t6/An8UtCJz7NnSGlbcJ31YLFiieyifp2fkIzu9zlmTOTmJ-V1tsBGEtax1X8Sp4J1AQuUbv7rZSWFq_4aXzCRkQ8cMbuQP_PcmTlCpjcaaCOl14-RwV6Za3bNk1yQIw0tEdEOhbyzdoAL50qER56YNtyg?stp=s1024x768&edm=AOnQwmMEAAAA&_nc_gid=m-ar5jfvd3L38Ugt_jbFwQ&_nc_oc=Adq6fZhhHZ1inSejSJP_2Tssbmua3I6IV4xaZb0MSMABQLczhdYh0L_SVnyGXD-z6VU0mNr3YFuEnDip_CmairR9&ccb=10-5&oh=00_AQHhKGV2ylyVOIbMNbdY1GtvAgOtX1Sb2fPwyh1foJptjA&oe=6AA47143&_nc_sid=201bca
153603143392311,4oormcsrucb7t55y3g4lim,1539876455174,13.662475585938,-46.747375737372,-23.522868763644,https://scontent.fgru6-1.fna.fbcdn.net/m1/v/t6/An95zwi7-QAwqVcCCcAz_UkWnaMyVLodiY-hC7Y1hUwHORv0-7CfI5CW4z9fUAhLCcnKuB_pld89cfQxX8jhT5_JiI1yg5DQoX0RMuYfVFFUexV8se5AdotMigPid_TLIQVb1qpzsV1IQhQG0u8Sfg?stp=s1024x768&edm=AOnQwmMEAAAA&_nc_gid=m-ar5jfvd3L38Ugt_jbFwQ&_nc_oc=AdofdyJoB-NQbgS77N4l63tlGu0Q952U3A25zD3Hl8bvKZnABI6ji7gP_uxeisRjqcSTrmBdcL9nnEU6tzCRu6YK&ccb=10-5&oh=00_AQF_naEbSs1-ya8h0byM8RmglyZDQHeMk9hSI4pvZG7jpA&oe=6AA486D3&_nc_sid=201bca
299579828301141,4oormcsrucb7t55y3g4lim,1539877154159,15.521942138672,-46.786464777969,-23.442211453007,https://scontent.fgru6-1.fna.fbcdn.net/m1/v/t6/An_rlIcd4sgjKBsvN5chvkDAnBFqyD83eeMef0PjNmqy3XKhQw1Nku2vND6H48MAyU7_ByhUEiRYBGK042s_p2A9P0lml4m2hAMm_x50B2C9sVt_EqizJk8AHRMvp9Bfsw9l_SAjqjhiGlph2pf04A?stp=s1024x768&edm=AOnQwmMEAAAA&_nc_gid=m-ar5jfvd3L38Ugt_jbFwQ&_nc_oc=Ado17sJh_IU_7jAJmhOVtYn4vPfxq8wrWWenYvXuYYkYotf4B-FniwO_KTCrXnWDoMC0ityJ3PtQDRMeShq2IXxo&ccb=10-5&oh=00_AQHTaK8oZjLnWnCdXGdoIC2CeVVXeQhMJPsN328pn7zoGw&oe=6AA46009&_nc_sid=201bca
465420074691448,4oormcsrucb7t55y3g4lim,1539877351150,307.88269042969,-46.807525022058,-23.413510758393,https://scontent.fgru6-1.fna.fbcdn.net/m1/v/t6/An_kcS3LjXeJYIa6MhuZjMqCgwOg5P0BZJs9m2M9q5v0HYTtqQz3EOKh0RPL3VMXNMkk2KMSYE4dQfZ_AveuERVJv_xEVxohXCfwrH3jUVXibhBkl7fzj_5FUymOv7wojg7WfizKfcIaoNU8aWEyCQ?stp=s1024x768&edm=AOnQwmMEAAAA&_nc_gid=m-ar5jfvd3L38Ugt_jbFwQ&_nc_oc=AdrLwY34lT5YSa_mvsH0eQ9kiRWXSdR0br6BH4JRcSV8Ikl-dkIUY_TWqAK7Gwiac4YqOmAYxEiw3fjpNfquDGSH&ccb=10-5&oh=00_AQGSunIhBrZN1ikkc1-RjVmpm9snF4rOP2Tcr1UEUtYTPg&oe=6AA46F9C&_nc_sid=201bca
957809104990040,4oormcsrucb7t55y3g4lim,1539877308157,295.27520751953,-46.799057735557,-23.417874004405,https://scontent.fgru6-1.fna.fbcdn.net/m1/v/t6/An-O7j5oPfJMz_OXGEjt4aAO6MBgwVvC_aARNO5IB5YozEFHjvfQ2LIhzI_uYuTTFkQkr4Ub1YQm5o0TFREf6xBM341KO_a6xz-ikVycP0yRtBcNd-V4a1B8Ea4SmZIa4N2MqoLAfcz2z4XXEVaMKg?stp=s1024x768&edm=AOnQwmMEAAAA&_nc_gid=m-ar5jfvd3L38Ugt_jbFwQ&_nc_oc=Adqr_4tzBtJdfpyTO-sLhlaM5oF3dnfCwtcJW3rdYWpUKQi0Dshauh9tKQiP0xTs9axwlzfocKxpq-i55M4bi2am&ccb=10-5&oh=00_AQHID49BYeBBM4XrMs4bpB5N2z9vzm4hPHN09j3fF3I9-g&oe=6AA47499&_nc_sid=201bca
1233456333776481,4oormcsrucb7t55y3g4lim,1539877294158,305.90405273438,-46.797279080862,-23.418937606931,https://scontent.fgru6-1.fna.fbcdn.net/m1/v/t6/An_1jpSNuiCXF87eR_4isC73Y6SHoJvFPWs4A43B0mScWxzH3XZOShNXLTD1uxbfRQIExgrwHIPBaSC81ANBW8vMTDSQtW0TDyp7a0xCZ_XxnSLMsMrttqWBEZU6goOeHmMZUt9kJdrKsx7iv9cOiw?stp=s1024x768&edm=AOnQwmMEAAAA&_nc_gid=m-ar5jfvd3L38Ugt_jbFwQ&_nc_oc=AdrHbhffwxdDeIlUU_VDzJsbVgwV-uMakFUl-fqx-ipJnGyFhtZAnPbPHzONfWUh2K3bZ8mdkm1sh7liwdZOzg5m&ccb=10-5&oh=00_AQF6ELJJWuqzVOh0u79SoDBHqxcDb_TffK2h80svAHLwLA&oe=6AA4956A&_nc_sid=201bca
148057823996936,4oormcsrucb7t55y3g4lim,1539876461182,17.909271240234,-46.747221768728,-23.522444779263,https://scontent.fgru6-1.fna.fbcdn.net/m1/v/t6/An-AqbqRjfOFtwak0PQYTmxPiSQqPFAGceXlOClsvghOXn9sFAXqwW3BxyrWcuGEt8D7hagvRO0dk77ikJfPr8-yfEE7M467o8nM14t1qgqDtvn6F7t40iYbqjxO11LuJY935763Bd-WNStrvL6ErQ?stp=s1024x768&edm=AOnQwmMEAAAA&_nc_gid=m-ar5jfvd3L38Ugt_jbFwQ&_nc_oc=AdqfPAYT3B36MwapLYntBA4QvytFegYNzxuailn-VeGX1bxrBoxePB8AHuSsVxcECwDWHsvLiitJ927pu7fM8mxq&ccb=10-5&oh=00_AQH9s4s9FO--9UE3ZMeH7CYIfHCKNf_D9HOd5PUz1Gf5TA&oe=6AA47814&_nc_sid=201bca
176704654241086,4oormcsrucb7t55y3g4lim,1539876564160,77.122985839844,-46.742487002907,-23.518194035796,https://scontent.fgru6-1.fna.fbcdn.net/m1/v/t6/An94P1ysts6dRiH7xcCCzPQ5-HGOuUCnuI-IykgXihqOBxqeEWcQUx_IGjt7sSqlE1tUel6nrk6qQ-tlfqB9Jh_1Bi-BWt67MVAsnCpS1rcsbEnlVNnYAtUi9qZ36b2wsUQEx4LVyZdd2a_FBohN6Q?stp=s1024x768&edm=AOnQwmMEAAAA&_nc_gid=m-ar5jfvd3L38Ugt_jbFwQ&_nc_oc=AdpwaeiO2JEk6dfjzzFbfzt07rQXOFTmq9676iCyI4TdeslDiqY5D_7zpzIOUHeeiTKPQWMEw04LlCe5dtZtcrPI&ccb=10-5&oh=00_AQGcvjtcaKxCj06_0rWkrnb0tIuwPfvYCYDiKe-V4K-wUA&oe=6AA487C0&_nc_sid=201bca
499894387867276,4oormcsrucb7t55y3g4lim,1539877250163,332.16394042969,-46.788327737873,-23.424482763757,https://scontent.fgru6-1.fna.fbcdn.net/m1/v/t6/An-q5q4RPvtSRdEO7VXPJ_1F6ID3uUVoDOth45HWNuCDk2i-9Kf1SA1rmLGz3_WfsNvTMs9zTe3mIw2aEXN2zrr0P8Gv1qsHOLPBjeBsRj98V5AtdK7-esXuWGs82opH5bfhFE8OrUE0uVn1_izB1g?stp=s1024x768&edm=AOnQwmMEAAAA&_nc_gid=m-ar5jfvd3L38Ugt_jbFwQ&_nc_oc=AdpU1vi2ieAkFPMhn6Ocv7UGZCjjFURXv4FHjTdqO8bU7NopHWW-akbEfedSYdRXe5cWcdhNBiZDQFOiWlHOjvbJ&ccb=10-5&oh=00_AQFdM04FgBLsDWc78Ygg00sNr7zGS1OkSYfiqOqxyTYvlg&oe=6AA4940F&_nc_sid=201bca
815950209346024,4oormcsrucb7t55y3g4lim,1539877179164,357.96783447266,-46.785964939584,-23.436747916491,https://scontent.fgru6-1.fna.fbcdn.net/m1/v/t6/An_9nUblBgp4eiwQVAqGq59QAPsnXh5dlzwdE10miAsNyik-X3xcL2JX963HfNHayOZtLIpTYVltl3-s0gOu5qpH8Z-i0pQddo8At-IIYbNk5St3oAgUjT1_-1p2ePlOyinvFIs_a_QZpnFoxXXkuQ?stp=s1024x768&edm=AOnQwmMEAAAA&_nc_gid=m-ar5jfvd3L38Ugt_jbFwQ&_nc_oc=AdoOfv7G7wSr2rawSIE1zn-I21CKLibDNS7pjf9tJlcvkL3T9ozoq6DTifqnK7xr-uqJrrCqcoyqUPc1feriX4jJ&ccb=10-5&oh=00_AQGMHwaMTAxp-FFy3WyD5hri2VmZ5yoRnKX_DFvNcdu3nA&oe=6AA488E3&_nc_sid=201bca
490078438710101,4oormcsrucb7t55y3g4lim,1539876459176,29.507720947266,-46.747266883438,-23.522573254051,https://scontent.fgru6-1.fna.fbcdn.net/m1/v/t6/An-hwfUi-HIHgL2Mn_mZTc8XYFDEaSlMNADsbEF0CBM5drNl7S3O8qV2686_ersQ5QJLZAzUAZDR79aReVMEKtKXp3tnURZoMj9-0LgI3UNNAAdkps1xmcNW5EnqsGqn9fCo1EuuwrenulqhbDwEUw?stp=s1024x768&edm=AOnQwmMEAAAA&_nc_gid=m-ar5jfvd3L38Ugt_jbFwQ&_nc_oc=AdpBVSg2aSmfBkhdJ_l16WGOu30GFD99AAwMKFZqvKd2kp0JL_b95M41_KnS81f2PJ3hZB6tzvrUyvgIJp_RqidQ&ccb=10-5&oh=00_AQHskGQyR9cTxNgBbnb-4q2Xxb5o8pHb19IEIG-X9hjUhA&oe=6AA48911&_nc_sid=201bca
491472385523913,4oormcsrucb7t55y3g4lim,1539876550145,56.611785888672,-46.74475141742,-23.519003056356,https://scontent.fgru6-1.fna.fbcdn.net/m1/v/t6/An9OkmguW-izw3Tag4_p_ksbQXbw3tFGAdRfpHRtPMsVnJHFyHyHDu0lWIzC1M5tOuktMSp2PWgkHEj1mbeQsnYVQScZcDUTUJ1Qd-b2yCWRv6XZtidgt8P0B7I5f7u4WPb6y-Rn6w806Csm8Gn-Tw?stp=s1024x768&edm=AOnQwmMEAAAA&_nc_gid=m-ar5jfvd3L38Ugt_jbFwQ&_nc_oc=AdrufrmKEk1J4xGmmOTdyWFuRL7FM_u5T3JJisPj542WxC54kllb1HXlcd-t0gwTxr-AMpd9U2A8kwfGq8BaQk9k&ccb=10-5&oh=00_AQHRkxUoBD_EGB0HUH5YOSRJ6zJ81LMRjMMoncO1UqMRVw&oe=6AA47D84&_nc_sid=201bca
811709069456408,4oormcsrucb7t55y3g4lim,1539876695117,292.16979980469,-46.729771330817,-23.509551313745,https://scontent.fgru6-1.fna.fbcdn.net/m1/v/t6/An9l5pLwndYcXJr1wYpa-ef_1zEt-Zh5fHDH9vGbRLX__S3bRcrhRshfJ_z1nfKtRiKX2xCBjzemKCS8a0mgh9VxLzy8XFv-Yg_uTs2B3LM8AuuuNPYmc-A8Jk7Oqz3qJ0CQrq2F4iSvZo3aNIMlNQ?stp=s1024x768&edm=AOnQwmMEAAAA&_nc_gid=m-ar5jfvd3L38Ugt_jbFwQ&_nc_oc=AdpQA2qMj1q8fqguow6VQvduv3OE5z0JwFdUTRS7T5K-bWjnYOLU9422rQm4QRc3ob2-isln1YJ1_WMrF-vd1kgw&ccb=10-5&oh=00_AQHuooG1gFNQjmnEGTJhPdAdfVGInGwR-HryeTHIxA_GOg&oe=6AA48591&_nc_sid=201bca
972454260225054,4oormcsrucb7t55y3g4lim,1539876480168,30.423431396484,-46.747038484444,-23.521988782826,https://scontent.fgru6-1.fna.fbcdn.net/m1/v/t6/An8jeHkGO0Mfwgl_BusatFatWzYHOZdBQ4pL8FsnvoV84iHnRveuUgo5dyZag2uYeOoQ_oscnP4-bkUV_vSXSrqhyfT8v7L4zXMOOgso1er8-xeN_P5wOBgXekzt_5RSPYf6sIDWTRM-PwHpky8yMA?stp=s1024x768&edm=AOnQwmMEAAAA&_nc_gid=m-ar5jfvd3L38Ugt_jbFwQ&_nc_oc=AdoPUu7LUSL9w1_X3hZayV9kllbDvsEOOV4uBapGT4rWX0UK0Vw_vLPxCVwNtgof9jslD5L33Z_ruGQmz4WRwMCR&ccb=10-5&oh=00_AQE8ApiEgZPhOf4udtitcXi-naLtj6Z8Nf_A5tImF6CatQ&oe=6AA49023&_nc_sid=201bca
310891094028592,4oormcsrucb7t55y3g4lim,1539876478167,44.104125976562,-46.747101921156,-23.522093688862,https://scontent.fgru6-1.fna.fbcdn.net/m1/v/t6/An-OIEjXqztqNU8InRJzBr8pqEwu1YIBIbg6NmqCH8IoiDEzv8tKiP2w1FPXnNeuhhmZ9ghNVV5HHftCedgl9YcPyQ-l-trbrZHXCzwZeECl7K9q7VE3RB_lLqUkqWvRvNd3usrWi2Mm8VVqTL_EPME?stp=s1024x768&edm=AOnQwmMEAAAA&_nc_gid=m-ar5jfvd3L38Ugt_jbFwQ&_nc_oc=AdpB9TOianXH2K88W1lfrncOjH1XcvIESap3Zf0mX-8afQGfOicyRjZpdtZqj4LZaNGkNg6gofaOYT6_6hbx4yTd&ccb=10-5&oh=00_AQHRiMvP-v99bTHDznnfIrZA7TjV1-PRueJCeewwmBR31g&oe=6AA48C76&_nc_sid=201bca
143336061046336,4oormcsrucb7t55y3g4lim,1539876484177,20.989807128906,-46.746941659378,-23.521716966761,https://scontent.fgru6-1.fna.fbcdn.net/m1/v/t6/An_mR5mltWCWWBxXB3XrEgoJ7zi2z1PI61FVfsCIB52AB5Q5ecgw_FQMeEHDDXPfLVqeGBotIq_tYVrmRQOVRzNB-hchfziLJ-Js0o3xBtEE0cwMtA5OvacpqnnbxTj_UsOjqFdzp47quR3WelvT4Q?stp=s1024x768&edm=AOnQwmMEAAAA&_nc_gid=m-ar5jfvd3L38Ugt_jbFwQ&_nc_oc=AdpPa1oCjkEB0fI8hF9WZNQuEiW8mF5FqlDrDD3hkiX-3JqM45llJEiWpKpQaNi5LQIE8QZj3EjD6-5gWLCJz602&ccb=10-5&oh=00_AQFQJYUMfZllAwxK4dlQgRpGUZu1V8wd_he7Wz78BGd3Nw&oe=6AA47516&_nc_sid=201bca
151394623660871,4oormcsrucb7t55y3g4lim,1539876554149,63.381072998047,-46.744167766247,-23.518694830519,https://scontent.fgru6-1.fna.fbcdn.net/m1/v/t6/An9X38fMiZaeT3Huj_gWwSv1OwT_hyyiIKKK44C2mxEcLWTxH2OsEmUfxQmEbNI-nBJhxiG8RFTp8275sfuHYUm8wcZUj0bEN8j3yNalghazFXELi1Wm3FTN-X2wyMyiRKriLkecPf0h18wor_rPl9E?stp=s1024x768&edm=AOnQwmMEAAAA&_nc_gid=m-ar5jfvd3L38Ugt_jbFwQ&_nc_oc=Adp9MaSe7mLF5wOpiVc7875nuPtctBjiwishOLEKPqFsxfaIL4m3PXZQ-qLFBppDe1p-YshpcE1We-ruZEaqC9HE&ccb=10-5&oh=00_AQE2O8FDHSO9eChDKUosC9NG3zbu7vB0zDdHJoCZaxQKkg&oe=6AA48187&_nc_sid=201bca
2620708558227786,4oormcsrucb7t55y3g4lim,1539876451151,16.788421630859,-46.74744966995,-23.523219022824,https://scontent.fgru6-1.fna.fbcdn.net/m1/v/t6/An_u7IzCI-UYvvOLYf5GaYIAtEZrFDuHJa4XCA2QKwms8dxGZ52L0gtG086lWNp0yauw9bHfPVPd4wFII6F--VhR9CtIUwzttBDri3g04upDjW8FVOx0JqCd4NVaGIIzn907DUWVxICalTJjmNUCOBs?stp=s1024x768&edm=AOnQwmMEAAAA&_nc_gid=m-ar5jfvd3L38Ugt_jbFwQ&_nc_oc=Adpot7Fq85FWmeChUJNeCmuyVrnCsR1Z25cbUuu9CgDmm2iUPg_nT1_3ZQs5wrgzUNcx96g9VlHZm3SUyZpmblue&ccb=10-5&oh=00_AQFGHtT8lOf0Xlb-ufHBz5zN-4zfBaMt4_rkJ4s7v9z-Ag&oe=6AA48899&_nc_sid=201bca
301275124927169,4oormcsrucb7t55y3g4lim,1539876494168,23.182800292969,-46.746875020429,-23.521467715785,https://scontent.fgru6-1.fna.fbcdn.net/m1/v/t6/An9q-n-Z0TxRQoQ1q3P6yLrD8axoALdFobPJnmNHajXPreYebC46kVKfUg5Cr3IoIkK2mK-tAJdKnYyMxrek9ty1WdKogZePTkBGCRL702vgAA6KNohsexcwz4a2MQvIaURenZgCetLEDjAoNjaDVg?stp=s1024x768&edm=AOnQwmMEAAAA&_nc_gid=m-ar5jfvd3L38Ugt_jbFwQ&_nc_oc=AdpJ0Nk7g0mtmfbDO6Pcv3fd6gHGmwMX47I3ATj1a5Bl1spbFwWPGRb_JHp7f3u3nhw2czVXBaKgeGOw_l_8GEhd&ccb=10-5&oh=00_AQEa-KdOtL5nWTpiAieOWs66N3XG7jHUpItlxOZi7CJ8rg&oe=6AA46B8B&_nc_sid=201bca
825540934725416,4oormcsrucb7t55y3g4lim,1539876774131,280.32745361328,-46.748701298408,-23.507246321093,https://scontent.fgru6-1.fna.fbcdn.net/m1/v/t6/An_s8m3OhB4EkQueykkS_8SCwVfBTk4eRuPCjVZeYIW1tKUBQX4mhzo0r0izi4VjymT0kiFijJ5tPT_ayReqkJldzXx9jqE6f652irxVnZkQcZNC2lhTGjojYWtbXWiO3SEr3RzEzms92NYGq7_pJw?stp=s1024x768&edm=AOnQwmMEAAAA&_nc_gid=m-ar5jfvd3L38Ugt_jbFwQ&_nc_oc=AdqYmtLizfHjWxnL-g57Crpp3pk6wMZYNO7MsVm8enu9dUUshSkPhhHAsIoBwO7YjeoJ7GtAC8OuTd52YbCcP0m5&ccb=10-5&oh=00_AQE2ow2J6S8lQ0kVPxhoetdpcudxs4W5SfYHw5yIPo5FMg&oe=6AA4893E&_nc_sid=201bca
1255016458234026,4oormcsrucb7t55y3g4lim,1539877160153,8.1898193359375,-46.786260406176,-23.440946217995,https://scontent.fgru6-1.fna.fbcdn.net/m1/v/t6/An-5PHCTkoS7rtMWuQl8TI2m-9d5XPedhEvaTQGMTHVxNaJdyPFTjZSLDmf02g2lxasUHBPlZp97Rcc-RCoL9zxOO277Wku7EHYqs4hA_Y69dft5Jx73FWgAa6T_pYx4XezDSDhilcAPCBxQL-yRRQ?stp=s1024x768&edm=AOnQwmMEAAAA&_nc_gid=m-ar5jfvd3L38Ugt_jbFwQ&_nc_oc=AdpZzvh1TUW506IfdE1NpgVFJ0dxqg67ienksXNmt4PNz0sanHKlgWkkSXlTbwU9NTXTbIx4p_j0uCesnt5eLwWj&ccb=10-5&oh=00_AQGjPFL5PMI4xXytTi08YlsFTQ6JM9a-6YyDi9x3CMrk7w&oe=6AA46DD0&_nc_sid=201bca
737365973626955,4oormcsrucb7t55y3g4lim,1539877332157,301.02258300781,-46.803522695557,-23.415698856655,https://scontent.fgru6-1.fna.fbcdn.net/m1/v/t6/An_CwigOQuL6kkHLTw6tYLwZlMaRk2IaylcUp5NlX5LAb8y4WjGDTP8WMDmft0cuXMg0gKHbh2ITY6dI3phVLlZ8QIbFllt0gbMBMczgYzhjU3NaW1D25-Hri3efHs2OJLeMb_U2D5AzB75LeRAtVw?stp=s1024x768&edm=AOnQwmMEAAAA&_nc_gid=m-ar5jfvd3L38Ugt_jbFwQ&_nc_oc=AdrlPq2KZhjxK5Al1j4RDm9V0bxekzfe69VKRpiWlUd0dG5C2M7664VnvRnMh_4gjfDQXYT29C5_ZqdRod5twzIC&ccb=10-5&oh=00_AQFGDHfgtXyfKpt3qVyQ9x04AoaBpXjz9PuZl5ngK9ykXg&oe=6AA47B1C&_nc_sid=201bca
959524137923803,4oormcsrucb7t55y3g4lim,1539876466180,21.8212890625,-46.747150622053,-23.522223209561,https://scontent.fgru6-1.fna.fbcdn.net/m1/v/t6/An_2EliNVhm5JZOMtNgmj9PfaoYenYcTEtT9L5wZbeGqdeIzRqqO3wAzsRvraCk4boy5H0wKUfE2k-RXgQwlyXHYKubnsWjoreoUSU23rzf4N48WFKspcRq6HWdtRu4_uFCs56hC_-fYVuF3PmnfRA?stp=s1024x768&edm=AOnQwmMEAAAA&_nc_gid=m-ar5jfvd3L38Ugt_jbFwQ&_nc_oc=AdrFcgfV_cfhWMitvAN13BxEEKoJRD0E7KGNPKqZa9p6DW0godefGQ6cr8_-S8u0yTb8vIgdzd08Xhb18vaiiR68&ccb=10-5&oh=00_AQGMAd026MDBByl0TxxJyRhxz0J_8V3d2tLmMEc5-Fho0A&oe=6AA489E4&_nc_sid=201bca
969413327202884,4oormcsrucb7t55y3g4lim,1539877227153,354.47729492188,-46.787391869666,-23.427380312527,https://scontent.fgru6-1.fna.fbcdn.net/m1/v/t6/An-eVfp7FeiagXnf0w6czQsVwKPXffEJzGax0T71lDRWF4MHSe5_N8liODeJm0JFFVNy9lGQl1v_DpCrAohYXwKItwiILUcM8-NTC-TBy7kShb0a7teSdsJ6Kpj8nqdo1viL3VlFg8zd7ZgXj4JfjQ?stp=s1024x768&edm=AOnQwmMEAAAA&_nc_gid=m-ar5jfvd3L38Ugt_jbFwQ&_nc_oc=Adqrj3LapuYWy06dCLxozrE0sbbibhaVmByOf6MuySBBk4UmpaOppvn66ol_o87udof5NxnrBi7imUOpz7KEyYc6&ccb=10-5&oh=00_AQGSniBXBZ8WWbXy8v22_t4Gby6KjO2sG3MNxO3fAE_joQ&oe=6AA48BCC&_nc_sid=201bca
235008058421731,4oormcsrucb7t55y3g4lim,1539876786179,317.25183105469,-46.751158399428,-23.506365432104,https://scontent.fgru6-1.fna.fbcdn.net/m1/v/t6/An8cU8-rmRKwAm8xuAofrPLqdArEEnkki4ilawBIhrb23bTK59exiArkDJrNiUM_8n14KwDwpJEQwJB89PLhS-_8hC5uoT4BcepSY0pWkAHYKL_w_vkEJ-Bl2hAFwGgnCd94u-GFxzCVFYk44Qpz1g?stp=s1024x768&edm=AOnQwmMEAAAA&_nc_gid=m-ar5jfvd3L38Ugt_jbFwQ&_nc_oc=Adq-Z_UXx3fI1KhAiTH2kcPtXrPB6NMq21928QXmP0Xr_PFnDq3PFa2KnWi-p_nrh8hNZd509D7N0upBfJxx6_IQ&ccb=10-5&oh=00_AQHkCiPvMTlZ5De1n35E2-4a9GwiSuJi9fPToTxDxenrVQ&oe=6AA46041&_nc_sid=201bca
289369346070435,4oormcsrucb7t55y3g4lim,1539876450173,19.905212402344,-46.747479868017,-23.523310798863,https://scontent.fgru6-1.fna.fbcdn.net/m1/v/t6/An_AoMP9RYPXbUKeDVPXa4WqeW4kTwkpLeZuff5uZcNXmOF1x8vNX9LdFdFpL0fcDx4RfKTRvMBjrQ8Mh1WjVsYld865uXmFtpGhaizpqpsKNSwY3sPTqUPPEoRjju4JofY8ZBrsMFHoL6O-lNPegQ?stp=s1024x768&edm=AOnQwmMEAAAA&_nc_gid=m-ar5jfvd3L38Ugt_jbFwQ&_nc_oc=Adq12lHJKjUU4BaBDQY6tqppPz5qYOwK6t5AIkS4yodGnMuM7qytylJz15UWqwvNibEHrnPdUYixZBA7f6ZZbJ1b&ccb=10-5&oh=00_AQFNX5DCMxHRxhledELdHFQJYClYafzU5H7NNA3jP4Qgbg&oe=6AA47ECB&_nc_sid=201bca
466524191264282,4oormcsrucb7t55y3g4lim,1539877070195,324.53161621094,-46.78208453849,-23.45985482073,https://scontent.fgru6-1.fna.fbcdn.net/m1/v/t6/An8NBADu5rt1i9qv4685pkcW_6-81gjKf3hxPPAKy5sPyNz0NejcbWRwyjus7VSeNSBQwrqbh7de-1vLg1hO0DsZPeyeKDp7C9NjELzAS-_zlBf7A7fAkIN-Cgx3ypEbnCmCY6gTJPvVjT5uUnQn4A?stp=s1024x768&edm=AOnQwmMEAAAA&_nc_gid=m-ar5jfvd3L38Ugt_jbFwQ&_nc_oc=AdppTvWApCWpVDn8ruHc_gBRuFY24aDfv7porzooNzjUecdMb4vm4_5uvl30gmjI82iolWmSg0msKJ-BRZ0qvrci&ccb=10-5&oh=00_AQHdXT2oZ4GuXZ5BXSpD67BqzzQqrQJwXTxjBQ75XHa7xw&oe=6AA47C7B&_nc_sid=201bca
2894720137439163,4oormcsrucb7t55y3g4lim,1539877210154,351.07092285156,-46.787015613628,-23.430014864678,https://scontent.fgru6-1.fna.fbcdn.net/m1/v/t6/An8d6RPvo3THc8kAwEvO6zmaYzCnmQbYSYAewaKJEbZMLHVTMzPlJzKQihBLTxOY1qwhMbAca6vQO9267uoV6lpOO6oz0vUEHUImyJuRxqyAC6jXS2afFuyoAPAOW-hsSRmFU4VEJI7Gbg5YNQhu_g?stp=s1024x768&edm=AOnQwmMEAAAA&_nc_gid=m-ar5jfvd3L38Ugt_jbFwQ&_nc_oc=Adp4bxeJJCoeMzDNqh18Ecd2zCI_QXfqM752xuWei0N31Stt6BZZCd0MsM1M4Tf5AmXs19qih5qkPs09B_Y9J4nk&ccb=10-5&oh=00_AQGIKE2kDNxRI_ft9BMby70YMCBW7nO_PRQi4DAXhRUFnQ&oe=6AA48EFC&_nc_sid=201bca
148502257240143,4oormcsrucb7t55y3g4lim,1539876731145,278.88818359375,-46.738189542233,-23.508116645567,https://scontent.fgru6-1.fna.fbcdn.net/m1/v/t6/An8XhhjGBxQ5dS_iKN-XvOGYMH5sWWl8LVwiSjR1mFVB4te9TG2frR_Zw1NCyKV3_BmG_LjL13Vxo2y-K2m8uLxTHNv7Zpmm7Jemc4QPe148_Nu4w5eBcw3JqpIVn0NuxOrsHhbRgM0_y3XVZ378Ug?stp=s1024x768&edm=AOnQwmMEAAAA&_nc_gid=m-ar5jfvd3L38Ugt_jbFwQ&_nc_oc=AdpvUTTbORjRHOlSzzmXtFoEiBxx9xXZfWsAD2FTWFuyWpwztWFVhfsNWrniG-l126MxQTO3w2BlHrR0cp1NmEuz&ccb=10-5&oh=00_AQEbUG6jRYF4M9Ic4oL8bG5oERVMkJJTZ290rqjZluoAbw&oe=6AA480CF&_nc_sid=201bca
307250167692517,4oormcsrucb7t55y3g4lim,1539876610148,87.014099121094,-46.734821662233,-23.518537420555,https://scontent.fgru6-1.fna.fbcdn.net/m1/v/t6/An86IMK49UB64Yo4d8XuReZbvrW_a7TZJsibtKK62meKbezcgZ2ZHudfMl0qysjFNgS6I3gdB_CcmWPM7TGam-Mz7Z0JUTzbP2DH2tJFujT531OiLEYkouq8daB3qfYLneWB8xYeI25yeDXZZ9j5Cg?stp=s1024x768&edm=AOnQwmMEAAAA&_nc_gid=m-ar5jfvd3L38Ugt_jbFwQ&_nc_oc=AdrabWGn1C8xFSVLL5re1ctPJDeFbu7vUuu-MM8b3WfaoVvwCpdlmBadPbmZhvkt4k3UYzaGIiXd3mjvYm1I2ZGb&ccb=10-5&oh=00_AQEGVGIfqS_FdSeZ-TY5wDKog0hSlIwSrioezNiOP-2SDw&oe=6AA49434&_nc_sid=201bca
801088457451683,4oormcsrucb7t55y3g4lim,1539876990155,293.98425292969,-46.774464438211,-23.472985544669,https://scontent.fgru6-1.fna.fbcdn.net/m1/v/t6/An-6hdL2gTQqrf2JkvlJTsbKVShlDgutKif9XuYW7eYuKrxV00iIX8mw2G5Rt9bQkn6c0v_FDgNrHLaYad_6v3fPTIDGvmse8jJWzw02jpZegux7jlOD6JMrAfAjQjgDd7REqOq_2VryTDD-940acg?stp=s1024x768&edm=AOnQwmMEAAAA&_nc_gid=m-ar5jfvd3L38Ugt_jbFwQ&_nc_oc=AdpR3I0zSSatCyDE9ULK3XZ-k_vWAg3Ikz4O2E0CIW81W4GYKSK6YOEuTDlECrJLQOG380tMp9L7gciZZg8jYgoV&ccb=10-5&oh=00_AQHhLEiKEoLcJIth3W20la-LKL8mR9f24e0PjCY7W1-5vw&oe=6AA47C0B&_nc_sid=201bca
805217330405129,4oormcsrucb7t55y3g4lim,1539876481161,17.110137939453,-46.747016029737,-23.521921899727,https://scontent.fgru6-1.fna.fbcdn.net/m1/v/t6/An9jS6HHnTMUTlOMgNAsj_HjScZqXnJNsWkxHwv3ckUil2Wr2Eyrl_kWlH-ZP5We9Ou-u_Q8hfz9v1DtF0mjg4urO44cylX3iaSBuudQCnxpluyUce88iZpvULeaiRTOpn9UEts-An6lq7P8m78i_w?stp=s1024x768&edm=AOnQwmMEAAAA&_nc_gid=m-ar5jfvd3L38Ugt_jbFwQ&_nc_oc=Adr-w12h0k4WmSuf2d-Kx45_Ft7lsXId_Mhsai6ucHKXwttzaPgvG9cFb8DspcV0h2yrpLjHEdKoIws3pYxLndgl&ccb=10-5&oh=00_AQGLs0Ol1ubZZc-baNDPzfKQeTIY29ZnwxUavz4VlrfpSQ&oe=6AA4780B&_nc_sid=201bca
936407873795740,4oormcsrucb7t55y3g4lim,1539876848190,287.64929199219,-46.757010445139,-23.49419518985,https://scontent.fgru6-1.fna.fbcdn.net/m1/v/t6/An9aHg3_5eNJcIJMRYWyfKo9a6hhM8p0Ihk6uH0U03Fc03rD02XTb8p-0KpYiBvRhFtnaf56JSzHiEDoTF3UcJJwsLFgRKzRTopUhqjlsd341m-Oenmq1ITPQaMIUuH85MZdV91wy-r4QwX9uUFqiA?stp=s1024x768&edm=AOnQwmMEAAAA&_nc_gid=m-ar5jfvd3L38Ugt_jbFwQ&_nc_oc=AdoKAB1AisT9yKi19CXrRvy5XeI7N9aLrL3XEOHHzs84p37qPKiJYiRmLbZfDgUDstDQc9yoACSNirLcLEFA-91L&ccb=10-5&oh=00_AQHQTHugIwFqNntcv7EEwEn7D5_W_JkZBwzg158PRPlhQQ&oe=6AA47393&_nc_sid=201bca
1430698230624866,4oormcsrucb7t55y3g4lim,1539876611148,86.024963378906,-46.734640952744,-23.518525906293,https://scontent.fgru6-1.fna.fbcdn.net/m1/v/t6/An_zqHvYvT6RxZa14vuKNdwTcMycbfCxBE48AN1pfD0I9V98Fl86ye1mxSYtjs9MJkNAF12FPO6fsmECAIs4pdm2ZzDZzHBjvBqnypfC8dnQWmsna_c2D7PsJCW_6o732yVdWElPgWYcvG3NQ2BYQ0Y?stp=s1024x768&edm=AOnQwmMEAAAA&_nc_gid=m-ar5jfvd3L38Ugt_jbFwQ&_nc_oc=Adr-_fN-8rupB4582BLukdMHwPvhqZ-BFWUe1bCqrzWig1MDhXEHrguC72gRjjDRuKcExzs1uXgZU-DSNhbI2cVe&ccb=10-5&oh=00_AQGKZcjlOPFqbIJOmAre1Xda26lgnFwJhgxYnxxaU9ZvEg&oe=6AA488CD&_nc_sid=201bca
288986729562538,4oormcsrucb7t55y3g4lim,1539876682147,328.40942382812,-46.727537912525,-23.511152468182,https://scontent.fgru6-1.fna.fbcdn.net/m1/v/t6/An-jTyl9HrQroNG2o7AgPjIZdn6mfQsG-Dds4JxLLKkk6gPv6M1dmx-uLMyX00ImZ3c_ERwCHlT_qvF-xI_U7wAFswOJ0APjLG6QKb5zVCqs7RKOxNuZ_EFRA_sSQDAoKfkHThWfV1_ErQdfgN2XDQ?stp=s1024x768&edm=AOnQwmMEAAAA&_nc_gid=m-ar5jfvd3L38Ugt_jbFwQ&_nc_oc=AdqlxhPO3aVDJXh-j_B6mu9Wkg4eac2GYOmgdK9cPoWI2h3G6RD-kYQ-2lFnO6hAleJ_il1Jxc3-9YxVpuU3Gdw_&ccb=10-5&oh=00_AQG539OfMlcOHXa92A3Koi-mkTy18dqaSk0zljk1d0BxHQ&oe=6AA48C6B&_nc_sid=201bca
311509013894476,4oormcsrucb7t55y3g4lim,1539876619143,86.367553710938,-46.733219364617,-23.518471356982,https://scontent.fgru6-1.fna.fbcdn.net/m1/v/t6/An_OU8xIvM7q3CiCXqdSTgRTe334F1nqOOHLl-6OW1eFWmLU11qPoPZ-n-ct9y9Olxr0vCNSgs1U8Yvnf6Vz9ow407_itFcPMKVObCUJMbSFEjC-vvbh7wm5sy_343TiD8Jt06oB0QKpdpG7FD7r-g?stp=s1024x768&edm=AOnQwmMEAAAA&_nc_gid=m-ar5jfvd3L38Ugt_jbFwQ&_nc_oc=AdrHnoUC_but4MfsaI_8Iai2w7daPatmBHE0WkuiVrZtXcNH45snLWbGGR3J7-3-R-H-qSIqgxfnnE9qJwN-y4lh&ccb=10-5&oh=00_AQF1q2PHYdgI1GzB3VyVdCuRxZ_l-EhGGkdeS9mtzkvK6Q&oe=6AA47D21&_nc_sid=201bca
314210453392832,4oormcsrucb7t55y3g4lim,1539877261159,298.64416503906,-46.790361408384,-23.422751922794,https://scontent.fgru6-1.fna.fbcdn.net/m1/v/t6/An-pqkhF5Qad33mqFkTm1qpfIxZ73Bij0cQkaYvDmcI3UEqlgx8bTylzpcp2mGpUZmTrcehcUYIupYAkaKyQ0X6byoEMwebDajctT1FZUOoiduIA-9_LOFKc0NhOtgxvApgVuoCLGTnvWfAByvgp8w?stp=s1024x768&edm=AOnQwmMEAAAA&_nc_gid=m-ar5jfvd3L38Ugt_jbFwQ&_nc_oc=AdqVM0i2XGpO6QP5iCKI4jNppPEbILJf6f4HIkUWitHblNCORFxOi4Ivh_qik15TtH7hVrEUsvtEGkzYiqrXAguQ&ccb=10-5&oh=00_AQEMAd6R6FM0XUQe3F0IvNLPF0_TSdmS3a3HpB2MXbx_0g&oe=6AA484A2&_nc_sid=201bca
947171746017863,4oormcsrucb7t55y3g4lim,1539876742141,275.20758056641,-46.740950201171,-23.507787216416,https://scontent.fgru6-1.fna.fbcdn.net/m1/v/t6/An8lhOPtVlGWqAKXAq30Ko6B2TrrgWpBV_a5W-wE1rWqTT_Bs3lRxgNB18jScfi7tRyjO5TLhxmnzE5ACmt2KN_h43Udz6GJQPXsxZWKbDWM2Bbi-a6XwqFhFoKM1Z6kgQ7QaBXGLobNlm7eYE3VRMQ?stp=s1024x768&edm=AOnQwmMEAAAA&_nc_gid=m-ar5jfvd3L38Ugt_jbFwQ&_nc_oc=Adpng6a7cJncnHJdSqPS9AnIW1swrCC_Ocx1IbiUhrCLS-ABiqVhGxSs2US-u4SDMoW5hYTaPyp4RnzQ89fu422J&ccb=10-5&oh=00_AQFBWkebSM4l0jBawbf_9i9X_igc7lDdVErQkSdYMK_q5w&oe=6AA46E3A&_nc_sid=201bca
1226706791116189,4oormcsrucb7t55y3g4lim,1539876821132,4.4626159667969,-46.754551548311,-23.499169500819,https://scontent.fgru6-1.fna.fbcdn.net/m1/v/t6/An-NzDgFW5nXUNSzOdbTXg8uw7hpvZKh7CbDmgYYkQxrGSspNwY-CglSEjxZQh0u-SK0clRaZNJ0ud5gaMPF6GvmWoQ1vIK82zRMCzuTDsJGLVg-Pu_sD3P0uNKaKtiHP_j9To2ab_LZRG0b00jEEg?stp=s1024x768&edm=AOnQwmMEAAAA&_nc_gid=m-ar5jfvd3L38Ugt_jbFwQ&_nc_oc=Adp_4XtycguTTOr9aXDtD13pwC7EIl61ROzbot6C5Gd9pTv6tOuNlhUBd62hfy5HolibW7jfPfiNKgYatsrv4a8N&ccb=10-5&oh=00_AQEDE0j6JqSkdWI3iKkUPXD5Jn5HzohZptW0DHgBB8wSIA&oe=6AA481D6&_nc_sid=201bca
1271334436595424,4oormcsrucb7t55y3g4lim,1539876488132,357.13494873047,-46.74690106049,-23.521567624961,https://scontent.fgru6-1.fna.fbcdn.net/m1/v/t6/An93MyiDyKfsNlxoqgOpI4maIpKxTW0Wx9z9JIna48Jn1Oh3VnwgmAJCYdsOXAtsO8BXqkApoKvDujv1aXEHGgn8J-cRa-UgREi8vpWxhW0ZKO76JqhxqR_ofnXzeFZDt19RhS70Lx2vs0OEQoHfkw?stp=s1024x768&edm=AOnQwmMEAAAA&_nc_gid=m-ar5jfvd3L38Ugt_jbFwQ&_nc_oc=AdphUTIDMxfJ3Cr95cKvHvzAa1iSRcWKwE4EQK5__5msHGe7-oOGxWac_DBsqGXYkxnmXkQ8Y-qr_bIFIMSwVGHZ&ccb=10-5&oh=00_AQH6Ee8rqjsXrjwTk_oXOCzotd-R-aDv4UZmtu_c7odNpA&oe=6AA4870C&_nc_sid=201bca
301518501654393,4oormcsrucb7t55y3g4lim,1539876745136,274.26123046875,-46.741658122849,-23.507732492826,https://scontent.fgru6-1.fna.fbcdn.net/m1/v/t6/An9GTvrPdGvgEN6dTxlQ--D1lzI8h_FYCJyKEKaCeqRDbd0Q0pr4NlgEopXjS5Y7jXCX_nh7CP8srmPaGJFxB3k_5ZZp6n-Aeqc7azqdkuI-n1aidXffB5pvx-mbsC7kE5qRcRphKSWTrC-tqGglwk0?stp=s1024x768&edm=AOnQwmMEAAAA&_nc_gid=m-ar5jfvd3L38Ugt_jbFwQ&_nc_oc=AdqK9cIm31m80rpfyrCZQU2ynH_rIw6lSySfFglVBtONB6pX9T7qqO44xMTr8ZFO0vt4dPAMxRcFoE9bBC9QpgYH&ccb=10-5&oh=00_AQGDcx-26y6EXx4RkgUOXNJhlabZRxO_au1jGE4ys1Kqcw&oe=6AA47621&_nc_sid=201bca
517495122723062,4oormcsrucb7t55y3g4lim,1539877147162,11.281707763672,-46.786766469997,-23.443597560785,https://scontent.fgru6-1.fna.fbcdn.net/m1/v/t6/An_bYxjFWab7l2UZGDCNJOCLdy0A-K-2J1IlXnh3EXsujS11TWb32oFqRHfgTDYP-znR7P6d88oy1Wj4_86EcO1kHTUqOjVb_0nb278_QzhuVithrNP474qItGI-ZcRX7S3dAh15aqzw6mPBpachTA?stp=s1024x768&edm=AOnQwmMEAAAA&_nc_gid=m-ar5jfvd3L38Ugt_jbFwQ&_nc_oc=Adqj4s560oeIAlicDU5WNpnAiHBJOoOfatRnLezAK4L8FYAky37WK8DPHvU4lzRcKamK-OIu0eFqqQAW7qtMnKBj&ccb=10-5&oh=00_AQEQ7QUT54xMmDYXk8yp2Bm5czZr3jkDtL0uIKVfyEN2-A&oe=6AA4706D&_nc_sid=201bca
2786775214921530,4oormcsrucb7t55y3g4lim,1539876511124,22.348785400391,-46.746585229795,-23.52086663925,https://scontent.fgru6-1.fna.fbcdn.net/m1/v/t6/An-9W50j3AnDqH__w3yTiaMkhVxijDdcvoJFuh_k5-Ad4lv2-yCMenckiJl83zW16ser9peiRVkH8dhpi0EbxkvY4dBDuotTs-1y589J7sE9RlAC64F5BVmGpSmv-vU2OtGc_fKdpvyCZKqKxjVQn7E?stp=s1024x768&edm=AOnQwmMEAAAA&_nc_gid=m-ar5jfvd3L38Ugt_jbFwQ&_nc_oc=AdrSr0VHLYpafBkVGLaHAj3dHpTrDiPD238pwHH7Z_H64KmpIcXfsAgAYz0bkXXcqiac4O0oB02zV7Y8Np7D7zJd&ccb=10-5&oh=00_AQExT0cZ23H_RICwQtg2DOYs1iY3SNzfTIF97sEqm2PIQg&oe=6AA47A0A&_nc_sid=201bca
517394612974201,4oormcsrucb7t55y3g4lim,1539876871120,266.06494140625,-46.761977177489,-23.494326796641,https://scontent.fgru6-1.fna.fbcdn.net/m1/v/t6/An9RIcpOOMeXOqksyzkppz3t_grVs7WN-1rKkjIRkHCcPNl5xWNA_OF0-8Alk_sUgYBLc4xDBobQpUrxpRU4RJb8MQS9C-AbrUZo7-F1g9buzsAVyco3gskeRyBO9jgxo_PYBayYtrXFQFZDZM3TqQ?stp=s1024x768&edm=AOnQwmMEAAAA&_nc_gid=m-ar5jfvd3L38Ugt_jbFwQ&_nc_oc=Adqfeoyr1Q43ioscx_p8ELTY4uArrkuIZC0DRce9Y9I2YPhkxeXcudlYSaB9b_guaik2dKqv1KnFjUFtY5tIVj1R&ccb=10-5&oh=00_AQHrJQZ3Obdle8r5HGFBBpWvO1mPkn4YnYf5IttpDqyajw&oe=6AA490D5&_nc_sid=201bca
886585965239562,4oormcsrucb7t55y3g4lim,1539876512152,26.063995361328,-46.746552018819,-23.520804380699,https://scontent.fgru6-1.fna.fbcdn.net/m1/v/t6/An870rMD1W9tMV1tnEFYZw2Zd96Reupg88IeMmjqZ71-F1VmlEzmsmKXCPlkPqnWmCb02RXaTGsQP3CNR1Oye58gmo3mQC5mjllANP41553wf0tvi9KVDSnu75gAKakrAzw9DRMRmGTj0fh_cYaKelI?stp=s1024x768&edm=AOnQwmMEAAAA&_nc_gid=m-ar5jfvd3L38Ugt_jbFwQ&_nc_oc=AdqE7P2kp-58_uAsmEaCJDhz9-hjxHlMvY455QfYcQxpRs_ElOPVz4Bn2dL1manu9jyPxan_HYjLloq-PAZ6p2pI&ccb=10-5&oh=00_AQFE7i2ySKyNeBCUyTQOAXo5fqXsp7NBLk1A8BzfTOlO-g&oe=6AA48FBF&_nc_sid=201bca
913241066138385,4oormcsrucb7t55y3g4lim,1539876681135,333.42834472656,-46.727434947682,-23.511305997449,https://scontent.fgru6-1.fna.fbcdn.net/m1/v/t6/An9mHoeRjBwknfrBn4J1FSVijIn_qKfAHM9bJMS00Zcgsxb5mWf339ZBFGVlJKLzV4bzJrPiF59gIoaGTLhQzlAJgKz8JITNPhM_FRG8bHw8kd1Ta4hX4-oNt1niO5ix4JMFeWq8WHuQI9SWkYV3wbI?stp=s1024x768&edm=AOnQwmMEAAAA&_nc_gid=m-ar5jfvd3L38Ugt_jbFwQ&_nc_oc=AdpXoWTEadwK2lyeP48ia1tvH-cAinoiQ-kHhk09z-vf2Teh4KLyJGINLz8Czxyak1VNlJKxuH2XSn7rtS7fXuo5&ccb=10-5&oh=00_AQElrIuPs6ODZ326d9Hw4UVIJRcKrJojNoB4AkMwBF74yA&oe=6AA490E2&_nc_sid=201bca
1404772509887569,4oormcsrucb7t55y3g4lim,1539877225154,358.00720214844,-46.787367286105,-23.427626081421,https://scontent.fgru6-1.fna.fbcdn.net/m1/v/t6/An9DULkQ7_BgwyBsqp0DUk0dX3b8y3HK9SQo-vxr8Q7p_GVQg_MZNO3Vh7CS_j3rknhhP2D6q7ayllSN-hFtMasoh93iWWhwXXX-xn5vv0pmPNpyskHOxsqTjyNbUVXZhy5iDJ3ZbQDu-MqFXCavjQ?stp=s1024x768&edm=AOnQwmMEAAAA&_nc_gid=m-ar5jfvd3L38Ugt_jbFwQ&_nc_oc=AdrkJxkY6XVjRSbaT2qywGC692UZEZX8NQcSvtv5kjNtDgD29T0eEDq9FlLuU3vS_7VMbEjKLb9K3vCv9WYzt2Po&ccb=10-5&oh=00_AQHzjatPOBtdQQOkE9PVkgIylyigFGoRPcIfz1zWtIHO6g&oe=6AA46CD0&_nc_sid=201bca
1624824364394048,4oormcsrucb7t55y3g4lim,1539876509140,19.361663818359,-46.746648898118,-23.52098540577,https://scontent.fgru6-1.fna.fbcdn.net/m1/v/t6/An_j2ZexWEEC4x5A0l6qfFrsPdQlwCXobBV6MyHxXNnc6os1G4vl0aBnA4DCE44wrR5dJTXD8gAbfdgeprxDY5UCSINjrvvGn-S1YFc80J_1Ac5A8U0orOFl3PKU5BFxW6LB3mWJdcZcmoovgWCnYg?stp=s1024x768&edm=AOnQwmMEAAAA&_nc_gid=m-ar5jfvd3L38Ugt_jbFwQ&_nc_oc=Ado83wyc8CWZxuso-FfawsSpbrr08yv7DKrhP8ZOi6t_csha4MAG4Brj4pV_1qET8x7xSZC5rmwhBirdh3fv9vY5&ccb=10-5&oh=00_AQGh_XU2b3660Z_bZNs3BMpgu1V3HGPXvYCkdpo654cjeg&oe=6AA45F9C&_nc_sid=201bca
287880256320599,4oormcsrucb7t55y3g4lim,1539876597142,90.643218994141,-46.737122731328,-23.518404676032,https://scontent.fgru6-1.fna.fbcdn.net/m1/v/t6/An8JqwOD3Ll9xLl5I4Zdrc9pecym5GH04sl51vsA0cSYhBGbH7oUeBxSOhYb3VLbDP4gNX_7SaRwUaX6gXQC3upnqNWIzdX7HLAYJIFHogSWuLWSI3u21G3c7LbWhCGURyTR2zGpus5Clkrutxg_9w?stp=s1024x768&edm=AOnQwmMEAAAA&_nc_gid=m-ar5jfvd3L38Ugt_jbFwQ&_nc_oc=Adq0Uh5BzO7UXwnv0PFseNXpO3xPbG2wjQexZo-YKPoG3qmuDs7YzI-_SGGcbIE7D8QMD-9LQXp6EqGi6mU6LqN5&ccb=10-5&oh=00_AQH_oXy_pnxgco8aEphMY3WQCydf0rjNpXP4t-DiEFEJwQ&oe=6AA48640&_nc_sid=201bca
548244863211469,4oormcsrucb7t55y3g4lim,1539877121154,354.78326416016,-46.787201053313,-23.44900170121,https://scontent.fgru6-1.fna.fbcdn.net/m1/v/t6/An9rJ7pthwhks-46VTCF_-tUocmQNPd3OTAFt3yUG2-eQVp_DYa3B2cur2naD2E_JyJd5Z-ppworfiKI9GeUvNjyAkElGU-DizaV7GIBJkiifDieeHxAbuer2kQ80fJnpw3q6tR4uR07ZpTb0UH63Ok?stp=s1024x768&edm=AOnQwmMEAAAA&_nc_gid=m-ar5jfvd3L38Ugt_jbFwQ&_nc_oc=AdqYuyzwrRMjJMxC--GEIDX6t29fC85YNiY21xck0ztsTASsApnT_8cu-GkC0XErnPbCs4SbuFuOqW963ZNVwF2Z&ccb=10-5&oh=00_AQHwCov0p_3LUVg_G7gxvbdTCbefYd-l6TILpMyY4cLjJg&oe=6AA48A08&_nc_sid=201bca
815441689369617,4oormcsrucb7t55y3g4lim,1539876462173,13.577087402344,-46.747205442032,-23.522382792138,https://scontent.fgru6-1.fna.fbcdn.net/m1/v/t6/An8T8W0U2JxCB7Ve9yPuNZZQbjnoOlAB1sIoHYRJ6RHIMkBHJ-01nUv8HmqQMaNyfF9quUt1xe6fgdFXiOVUFUqbyp8ucALVuzh1g2-ZH0xR2YVsWRG0S36ND1tcoCWdMhmS03OK5dv1bRYL0H_Cvw?stp=s1024x768&edm=AOnQwmMEAAAA&_nc_gid=m-ar5jfvd3L38Ugt_jbFwQ&_nc_oc=AdoITAeTFbpvoDa2da5tVATTA65pPoN-wUNIqHq1Z3xlWz_gLn7iaNtU_f0Iyfg9iMZsG73OywZeKlgVZtb0G9Md&ccb=10-5&oh=00_AQF-rayP1ZCM2rYIUqarNc8-Aet-p7M7oZLgRB4CQlLzMA&oe=6AA47425&_nc_sid=201bca
1227871950976920,4oormcsrucb7t55y3g4lim,1539876738158,274.69091796875,-46.739937638124,-23.507868416418,https://scontent.fgru6-1.fna.fbcdn.net/m1/v/t6/An9l34lbfetI2yceBW9Pko1BkoqSlnQ1B0dFDEfPhmJSlmZZgS9k6e1OazPpTg9LlKh0UG9DQn4t6KrsFaWKzefT_3KPxrs2jmRpUJgpmJQdb7JCAz4GHFD21Fi-YGHHg0tp53RaX7zXAvLSufphZg?stp=s1024x768&edm=AOnQwmMEAAAA&_nc_gid=m-ar5jfvd3L38Ugt_jbFwQ&_nc_oc=Ado05weUqGBd72bzsjIbQiQ85-lgZgv5Vo-9aZke0KJ7h0TD21d8HPViTXpoQwWuMN9XYW0Mu_VAiZn-52zI6xWI&ccb=10-5&oh=00_AQFTBETXk-EdkUnzipFbV8KOUpIFTR9iRvkPvcQYck6HjA&oe=6AA48678&_nc_sid=201bca
494520575230508,4oormcsrucb7t55y3g4lim,1539876491135,334.77392578125,-46.746918456119,-23.521514749509,https://scontent.fgru6-1.fna.fbcdn.net/m1/v/t6/An9UpxofEoK_U14Xzgn8SRspeJKt0oVkoaelYZ3mXgNxxIlXhwsu0RfRZRCkEc7Tr8KE4pdkALwBpLdCzr-1SeEtAVp-6UGKSU4MlY3w8bn14X0Gbr4CsXtGKNkQ20PRUFzc4ARb7sowRCcHRtAS3Vs?stp=s1024x768&edm=AOnQwmMEAAAA&_nc_gid=m-ar5jfvd3L38Ugt_jbFwQ&_nc_oc=AdoWfrcAPI-AjYJDWQQG7mPENL8RSXqQlguIuyhuDiS8fc1GBbBqqzQ58KbhE6GTgUtQtIVGrjXdcH-ttHE_dib2&ccb=10-5&oh=00_AQEyb6RrgeUIcDlVl2tdJoH8HvsNwm21rKJ2kQLOxlc4Fg&oe=6AA484E1&_nc_sid=201bca
287257449712634,4oormcsrucb7t55y3g4lim,1539876483183,18.329528808594,-46.746968900389,-23.521782070007,https://scontent.fgru6-1.fna.fbcdn.net/m1/v/t6/An9yvMfO1CvoO3tpffQt51fCyzoNZ4ZT8lq6I53icymyyC-G4PLvl12nBykr71idupIX22Z9tU3TTqSzsYS7S8hHrcstWPkoopu3-0WuoqOMW0grDAG3vBdxLTAjLDYcdzJZzM2Xrek7P_aVqi7JIQ?stp=s1024x768&edm=AOnQwmMEAAAA&_nc_gid=m-ar5jfvd3L38Ugt_jbFwQ&_nc_oc=AdqqVAttxhVI2G3BEzRQec5WJp2JH2KtuEJL1Daft54eOHxgn5N31I3s_qXf50JfmFCt1IGocV7ItrVokaSikuZT&ccb=10-5&oh=00_AQEOO7zY3Jp7nGfVT6hlgGoOtDBSHH8wV2mN8GellrII3A&oe=6AA4663B&_nc_sid=201bca
758281684883039,4oormcsrucb7t55y3g4lim,1539877006149,302.59973144531,-46.777982855842,-23.471486025933,https://scontent.fgru6-1.fna.fbcdn.net/m1/v/t6/An8IrT5WNiR2gkZN8vpXgA5mXN6_us1V_KehUFy3f9W7P6xrlWcynIsRd9RPYwjsCkBYe6qj6lhv0pNxlUmtP2pig5Sc2QG2zRi7yPDME-k-YnjV8a5uRy1hNoiqPl2gTp36DFdeausiCLjuRdPwqik?stp=s1024x768&edm=AOnQwmMEAAAA&_nc_gid=m-ar5jfvd3L38Ugt_jbFwQ&_nc_oc=Adr25kYNtHPAy7GqNx-mhSStlFyM6jNSmq2bPpXBC8F-HIniGGSMTdmxDUIqPpE5WLVkqG9EJrd10ysBsfTK3WTy&ccb=10-5&oh=00_AQFjuUsETSudeIjJJxNsVMNPmXcNrcTLKjEzH3acO1sjzg&oe=6AA47DB3&_nc_sid=201bca
128762992545602,4oormcsrucb7t55y3g4lim,1539876470171,5.8322143554688,-46.747143701938,-23.522148974087,https://scontent.fgru6-1.fna.fbcdn.net/m1/v/t6/An_9ystYN7AzjKw_bMLaiRtFS4FVV1AHSa-NWwRZNPnwqM8Nix7U_RMZGMUjUF3Qif3RY_tESgdHqcxg3b51mDOedwwSPkZDno9i_GHa8Z904caI8VPC34tMyCI_CR6IaBm1l3RucONNOyZO1nkh-oc?stp=s1024x768&edm=AOnQwmMEAAAA&_nc_gid=m-ar5jfvd3L38Ugt_jbFwQ&_nc_oc=AdoFYySVnHc2IdKPtIv-CV1WCa7ZeH0Hoo8vWVYyRjTqbwnrO0zv7oaphPYJNQx0QITIJsJR73-xXNgoviDT5zaj&ccb=10-5&oh=00_AQEqKC08CwtUEugmcBqR8IbGOanMcZ019mEl2x10gtF6yw&oe=6AA49091&_nc_sid=201bca
201440971807970,4oormcsrucb7t55y3g4lim,1539877167160,9.9172973632812,-46.785902231075,-23.439354326938,https://scontent.fgru6-1.fna.fbcdn.net/m1/v/t6/An8mYGW-TZVa8FW2oZEHTwywc4PG9zucxXaEsJy219obV5C3i0xJV5mVmyvP5fUvSIP2xa0KFsG6SpyE6iYqQ_rwl9k4JEzXjCRFgInrw4i9GtyNOFxhbVaHeHvHnO5Cv6K6rOjjjV6Bzz4mGoapXg?stp=s1024x768&edm=AOnQwmMEAAAA&_nc_gid=m-ar5jfvd3L38Ugt_jbFwQ&_nc_oc=Adp_ecSyxBSqwKiInWno-ytto-qzmq5RGLFGJHRpihHzFKLWqh_lqLT4yGChygd7SY90ChnDH1kKSVgsMwGihFYl&ccb=10-5&oh=00_AQEYi8Lk0SJumLolr4R1Q8yKvqt3uIoHIRZJrvxOBxDxng&oe=6AA47B38&_nc_sid=201bca
311387967251436,4oormcsrucb7t55y3g4lim,1539876822136,359.37316894531,-46.754554563748,-23.498916735312,https://scontent.fgru6-1.fna.fbcdn.net/m1/v/t6/An-SclRLhPFDba0WHfRaLcM4HS0IfoZP7pEOqhRhadA4TofVmmpn40Ilo9mvVFZnIjcbFFrFVLTojUpoVHjMAWtREwj-j1M_VFTGE2bM-vUpEP_Xh4e3bzkHOeFgtw4kDsLdOlKXPUiu6UUTgJYO1w?stp=s1024x768&edm=AOnQwmMEAAAA&_nc_gid=m-ar5jfvd3L38Ugt_jbFwQ&_nc_oc=Adrmhla7YKnJkHi1VfqnElChuTORfkUOkXOpdLpRyTuWXOjJRUJWzN-Eqck94_R4c_ulg04orq4k4qne2J7EEP3z&ccb=10-5&oh=00_AQFKDvQEsMJVxh3Pay7NH7odY56qUDYUqpNgrwM2Rvvn5g&oe=6AA4852B&_nc_sid=201bca
527339128298151,4oormcsrucb7t55y3g4lim,1539876793136,322.02941894531,-46.752270185076,-23.505214906062,https://scontent.fgru6-1.fna.fbcdn.net/m1/v/t6/An-EI6k7e4Tki6nUDkzJU3P3LrPwxSQTmjXpkU12GD3lJZgxlC7jFMQz49j3ftMK75TS4ymIFtlhrnsar9NnGcAjrlCdwCZglWO6piv3c1cxP9hxLhK4QC9LBeDZZJ0kSuYysCPaLOOHhWhEVQc4nA?stp=s1024x768&edm=AOnQwmMEAAAA&_nc_gid=m-ar5jfvd3L38Ugt_jbFwQ&_nc_oc=AdozVfJrLpWSIYr_xyjQfULE6HlYOiqDOcgfnF9teMy9QP-FD3lBBgIfFj8U_iHGguRBatOBMX1MlmlhPVcGJlft&ccb=10-5&oh=00_AQHZ9hND2DiV66hiKXVKCzSdqHFHX2C2cVWrrtTAi4JwTQ&oe=6AA460FB&_nc_sid=201bca
500550384485942,4oormcsrucb7t55y3g4lim,1539876409124,0.60284423828125,-46.747858085557,-23.530655329761,https://scontent.fgru6-1.fna.fbcdn.net/m1/v/t6/An_MPYk8b3Jds0Gt2a6LqUw1rWp2RenltyrO49wXl7t3ex8Jre4S_xI14GhQe4hubS_ImGGsSQLUapU4wbstsqskqafRC0K6tvv4AG13x1NkjHG-04qnfrXEH-2hIxtM_2ilzBeTsYBFysD_JtL_gA?stp=s1024x768&edm=AOnQwmMEAAAA&_nc_gid=m-ar5jfvd3L38Ugt_jbFwQ&_nc_oc=Adq2RokRDZRdDkQ15Usd9wiTnLSMYr4e4SBn5Md7ecCC-WqOhLDTbZvomkVzeygecfGmdTwA_D96nYE_au1V4k0X&ccb=10-5&oh=00_AQG_5CgOSCIt9zvoWfS7W6bmKQb10g9JRpHgo8SAQ-7UaQ&oe=6AA463B3&_nc_sid=201bca
228373885716416,4oormcsrucb7t55y3g4lim,1539877280153,299.06561279297,-46.794462606812,-23.420584146595,https://scontent.fgru6-1.fna.fbcdn.net/m1/v/t6/An9SXDxW6NXIj1Iw8VxHR25s__dtsEafjp1R4e52F12x0PiT45r0l0BXnjrpm5OXrKwP6mxxUGwQ495VBMcs413uTnM0Q-wkj1S3OUocXa2sN3N2UV7AJRm8jBQN5PL8JyKU4Tn9MZ53mCuajw6U7A?stp=s1024x768&edm=AOnQwmMEAAAA&_nc_gid=m-ar5jfvd3L38Ugt_jbFwQ&_nc_oc=AdoaWZeYk2RZ4AYQijmuiqdsoa9oVnDOn0uS0HpdbewOlRStF6BcCflKEoaVA7a1JahtwvZipOqu9_wnW2emvR2Y&ccb=10-5&oh=00_AQHNKYI65BkyYeI6yKBw18aHpGMINWOjANmAWaWpzS2xhA&oe=6AA4905F&_nc_sid=201bca
294251065746864,4oormcsrucb7t55y3g4lim,1539876806128,329.45727539062,-46.75403651918,-23.502834771752,https://scontent.fgru6-1.fna.fbcdn.net/m1/v/t6/An-092HqAoEnXHRhzyTzFaSMY8R4j74TXNkAlsL8mhJIW97ByDqdkrS6cBdd6VciWc6eO0ANg4_m5H2p0uFFqUEpZKHCKLJZR195ubCK73vVA4nYd2I2ojECHZEctKIJKNoZfnJMCzR5co3goARymg?stp=s1024x768&edm=AOnQwmMEAAAA&_nc_gid=m-ar5jfvd3L38Ugt_jbFwQ&_nc_oc=AdoWlriMEU1VWjnRc-rz1euJsGI8icZYvggOHx6y_v_kr1Gvm4xIW1d5gogDgefwqfYpjVZAh0EbiJCDzXqB4e9T&ccb=10-5&oh=00_AQGbyg65mRWlRa4-TuEtN7vta4F2FIQxeqe8kTisHm1d7w&oe=6AA48F51&_nc_sid=201bca
325410135595790,4oormcsrucb7t55y3g4lim,1539876503131,5.6632690429688,-46.746743123966,-23.521145596398,https://scontent.fgru6-1.fna.fbcdn.net/m1/v/t6/An8auxYjdBX5MbZFI1jw1WqruG-dUe4SQ2YdfNqpS5qfgZvtX80CaH7xOatzvUmmgtGE3hl0owIjPCP1UMCuPTlizYUJUDVX7seRddwV1OqE1uLHWdiSVjQPDXhXqXqwh3EzQwQ3hNwHj357bANmHQ?stp=s1024x768&edm=AOnQwmMEAAAA&_nc_gid=m-ar5jfvd3L38Ugt_jbFwQ&_nc_oc=AdpSFo9QQIIz9CioNYXxefg8vt8l3rk6yt6RcTcZpQBhQOhWYcTKq__ICLrEUcIADInNgn2qq3PH187fnXidA0bY&ccb=10-5&oh=00_AQHhO4hyz4Ekom5-s69MYt_SCA24EfvfIalO_SBbg906Og&oe=6AA49196&_nc_sid=201bca
763889320958867,4oormcsrucb7t55y3g4lim,1539877117168,349.34838867188,-46.787084486775,-23.44984079654,https://scontent.fgru6-1.fna.fbcdn.net/m1/v/t6/An_weRPhz3nU45vUar6xMU_5pz-PCTalgOiooWbe5OVhN_dBkxVDlw4UD8Yu_HY9Ye8H_sRxmVpapzjSnsBEd0-glyNJQFdj5xyzENiC2uANaCBzs51sNuc20290Lw_zbgQOB57aLO7Hhyyec45M4Q?stp=s1024x768&edm=AOnQwmMEAAAA&_nc_gid=m-ar5jfvd3L38Ugt_jbFwQ&_nc_oc=Adpt-pVfFgTS-GdWnPrmeRyPU01g9TKhZHIx45fXSrYO3b9d3mfQXdBNO69IMRcofxIJK-_L7r5G7jXS175Weg4X&ccb=10-5&oh=00_AQFcW-yNUToZHcRmoNXimcHSSBgd86zK0FLivwjTq8dm5g&oe=6AA495E1&_nc_sid=201bca
2512400722216876,4oormcsrucb7t55y3g4lim,1539876851190,280.37377929688,-46.757675083167,-23.494044551003,https://scontent.fgru6-1.fna.fbcdn.net/m1/v/t6/An9XYF-0Ca4tGOFTBgrQ42z_8q6TJqPPEDWvRQDVql7RlX9qkKzI3St3xAQ8wKfKpt-0sL95szQtwbmKv7QX15O6RbLjTK4LwhauGp-vZLMHvF3x3xln2aVGJNijUqQ1nMkOVFSw8JJg_8ZHTz1dUw?stp=s1024x768&edm=AOnQwmMEAAAA&_nc_gid=m-ar5jfvd3L38Ugt_jbFwQ&_nc_oc=AdrcXx4w7EdIgOl07ojFn_RTL1Xh653BcRuFi1sKBg8d2ZJ2r6U0e8z5G5wKnpDT0c-I7U-UZmVKXHu09q5Xdy1v&ccb=10-5&oh=00_AQHeCjLP3krKylzNuP-LgaLuuydiSOYXWPZLDRIAiszXeg&oe=6AA49192&_nc_sid=201bca
332057534933277,4oormcsrucb7t55y3g4lim,1539877077151,325.40319824219,-46.783204435804,-23.458362129668,https://scontent.fgru6-1.fna.fbcdn.net/m1/v/t6/An-YZiEzJxV8pBeZXQdy3Uawcz_0P4izj7qAEBWTb6uXiXLsBzH08fTMvOxMjEGxcCGU1_KLHc9uzklo64oNqFjkPwQHwS3t1XfCJIFvGKYmtFtkozURRk74Ig6LbuT1c6Sdn2yeSyYV2oY7CKZFGA?stp=s1024x768&edm=AOnQwmMEAAAA&_nc_gid=m-ar5jfvd3L38Ugt_jbFwQ&_nc_oc=AdpC7HfwsbN7eTnw-iTX2QBvAfmw7i7735kvAkuWTNQNvjee312cq2MKWek-d5CZqxo2IlQ0d4OylW--uY5_57iF&ccb=10-5&oh=00_AQHxdwt6CgL6AtgtAev_phkLgFlYelfBH_jwVZQ1zzKtQQ&oe=6AA46580&_nc_sid=201bca
2876967662541572,4oormcsrucb7t55y3g4lim,1539876513151,20.543670654297,-46.746525764182,-23.520740143077,https://scontent.fgru6-1.fna.fbcdn.net/m1/v/t6/An-SAMEl1B7GU2v2H_2Zea-kHI8yPeBtOjwi72uZgXOp3TJebc2-H25Vf-ZYn19fzyhxSacX9iYpadYowXC1e9NhhRO46cHdLX-MNRA7q5r0JOK3blC0WlspFciwhekBh22p2LhaOICk_FnO1YJUmA?stp=s1024x768&edm=AOnQwmMEAAAA&_nc_gid=m-ar5jfvd3L38Ugt_jbFwQ&_nc_oc=AdqS3RWskyo7NC-lQg3TAXYKsFyE7J1L96pNRf23BOJVWMQo-i4DqGg3t-XPB5N6xZrOD_Kp4pknT3RjuNJ9rRNH&ccb=10-5&oh=00_AQEYFuJVC7d5yCpQdXa9oQpj_4BZt6pMdGUV3vLUntfjgw&oe=6AA48547&_nc_sid=201bca
2868067473466756,4oormcsrucb7t55y3g4lim,1539876521144,32.140655517578,-46.746278811969,-23.520343939401,https://scontent.fgru6-1.fna.fbcdn.net/m1/v/t6/An9NkcwLb7BXhjzNm0KwGppFx8ZQhZXBUJGUht92eryRFp8jcvERG24fHBtCZI8LdY-ziZTjy6HBkHx-mqFv4OWo7wurm_EDMfSnfF75Rsenkvowhh_7sc9r-1KGdsY5lOiHXjEdEnrmR9Nu-CH0_A?stp=s1024x768&edm=AOnQwmMEAAAA&_nc_gid=m-ar5jfvd3L38Ugt_jbFwQ&_nc_oc=Adqh-anutgfLH_CKWH9wHPlWOSDUVcpozskMvvHfM7FEZcmx3VTtgzQEvGJtDW0ZisrnXUS0nwTrQszDlmB3EuTq&ccb=10-5&oh=00_AQE6k6xs0DkbCkzjMy9aOH3KRrYx5UtP7PSLbOQMrXvjng&oe=6AA461D1&_nc_sid=201bca
380717239857641,4oormcsrucb7t55y3g4lim,1539876454169,8.761962890625,-46.747398226962,-23.52295359474,https://scontent.fgru6-1.fna.fbcdn.net/m1/v/t6/An_IGrbn6KBHbR5UJc7cKFZoGlFYtSAKWIgoCZIrByV2CrWufrOzCRU-PVWzpRRuhFweM3NZ5y0vPJI4PH4GNF0bdBCVD-4UUovLNEyi-9bTlX0CDwC-D9yGQtsF95bSJewZGXK_IxXUt8ncIGpIjA?stp=s1024x768&edm=AOnQwmMEAAAA&_nc_gid=m-ar5jfvd3L38Ugt_jbFwQ&_nc_oc=Ado4-IzRJ0FqWG6LILzh7EBN-5BbPAr7K4hcN2Kjcuf4NEXnnmmN8g-ZBPTNsPsbLXJOf1wLgreAZeWgUD43bfzB&ccb=10-5&oh=00_AQEMcXLI8_HsgxudrlTboWfQmsRbxrMXZZ4898xJt38j2Q&oe=6AA496E5&_nc_sid=201bca
577007416574788,4oormcsrucb7t55y3g4lim,1539876726149,272.7158203125,-46.736872582284,-23.508239710003,https://scontent.fgru6-1.fna.fbcdn.net/m1/v/t6/An_oG95LvtWEeyXoItXynoJp9fCQ-p6fHiXjp0wmCytPsY78dk99FhAqjWRns7i7QhQU9x4EvBn0kK0mxi_gDkCHpx7IdxSTlX_9U8YQTDN8iehgIiSmnUVGEv0VPD0K5f1eI1ZLWhF9gzBZDxGuWK4?stp=s1024x768&edm=AOnQwmMEAAAA&_nc_gid=m-ar5jfvd3L38Ugt_jbFwQ&_nc_oc=Adr0nnYXYDNy7otjfOEzOidB1AJg7sETteXXS1ltb6h_6HFeCr4H8vD-Yc0nn2jd8c8Nsrf-tL9bdAjVQVPdd1jo&ccb=10-5&oh=00_AQGYukkjOipbZo7hfbWdcvIuXZlXa8-oZjHfsvbMm4Axrw&oe=6AA47749&_nc_sid=201bca
285221999989230,4oormcsrucb7t55y3g4lim,1539876862145,258.82421875,-46.760037230341,-23.494174274387,https://scontent.fgru6-1.fna.fbcdn.net/m1/v/t6/An90r5QwQuuogLYj4bFb-2WuiM0K0XAvvzJlJl4BkqQemd-L44MsKhv6XEbcU5HPcnKoZJSFLpOKTiim3gx2sjb7SVRcUTqpPqcY7aph_L8hEOdsa8Gl3Jq_uIPS5HP5MGOiFCx2pq6zETjIpD7KCHw?stp=s1024x768&edm=AOnQwmMEAAAA&_nc_gid=m-ar5jfvd3L38Ugt_jbFwQ&_nc_oc=AdrP4YffIkql_dyw2R9OAdMhApLzw9WY_d6e0c8FWkfjk2wz81mhMcIlvOByS13rnXCBS1p_ovCgsNaOALRe2D7p&ccb=10-5&oh=00_AQExGMXTxP7ttl9x4grIhfOh6UUZ9HI7Xug0qYiGr_PXkQ&oe=6AA486A2&_nc_sid=201bca
288155836118013,4oormcsrucb7t55y3g4lim,1539876516143,21.531768798828,-46.746453777547,-23.520587423688,https://scontent.fgru6-1.fna.fbcdn.net/m1/v/t6/An9m-i01XsQpgZ3gLAF8QWhtp3ayalGLVK_gLdZ5N8i0UrDgUqJhj-6uXg7hvGMqAzRiW1iM5KWOmcvC5rRVctTrHD6yE7qhy9xW2rKx8-ZvhlMK5lSK6NaSpidEl1vVRyGFtMjtlQQcOc5OIlyq4A?stp=s1024x768&edm=AOnQwmMEAAAA&_nc_gid=m-ar5jfvd3L38Ugt_jbFwQ&_nc_oc=AdpFZoYS8bE-82f-Y9CV-1rgjudn19FIAiYUPfeimvun1XXfHuigo-mMkF983JmT8ZrgOfLrF3vpU1hm2jLsV9g8&ccb=10-5&oh=00_AQF24bE0DCyvM9MFBuSCK9YrLf26reIbTNA3Y9Y0QpMCGA&oe=6AA47B6F&_nc_sid=201bca
518363015992626,4oormcsrucb7t55y3g4lim,1539876859139,268.04333496094,-46.759458292142,-23.494111303408,https://scontent.fgru6-1.fna.fbcdn.net/m1/v/t6/An86-Oh0dyma8eCcUr8hbt6Bm90-C02AgrDwSjiq0-YHWSHg4LJ_KuaNRqsXyRFJ95mt0fTSSYH8O77a46WyFkbidXW8Nktm10k1bZtvkFbTbQackaQsJNaJElIaTMnfisdUuI5vS7qMCdge8eAEZw?stp=s1024x768&edm=AOnQwmMEAAAA&_nc_gid=m-ar5jfvd3L38Ugt_jbFwQ&_nc_oc=Ado9ydfZBycq4k6EVXFzFCor6WI1Xv05R6iIo5RR1KQ6HxeRe9eo-vCLzpQZJ1vlMOnNTmyfNvrAhVgyALvHRLVz&ccb=10-5&oh=00_AQGvtwnRQ0Vg6kkelIBb4W2FwqZj4tanvUEBYLnInWXlUw&oe=6AA48225&_nc_sid=201bca
752692298714362,4oormcsrucb7t55y3g4lim,1539876507142,20.307434082031,-46.746674477965,-23.521054354193,https://scontent.fgru6-1.fna.fbcdn.net/m1/v/t6/An8WrIP6PeufSXmtibWtqDIwgONxm3kmBGlWWwEJ8OrzOoSJ3rKUX6gXtDwQDqSLxuzrkRXmkVAQY5fngqQYQszlVS2E8q9SFaWyJdlp7VWgXORJOvsjpFnfhIS0we7jKh-4WiVHAmwnJVR9-ezduw?stp=s1024x768&edm=AOnQwmMEAAAA&_nc_gid=m-ar5jfvd3L38Ugt_jbFwQ&_nc_oc=AdrzjwJVmHEbwhkjCa_pnuXv5Hb2koJ7SsT45W4xi_MEx7aCyRUgwbAXo7Wsu-1Q_ecRDeg6m29azo1XPjkcKDya&ccb=10-5&oh=00_AQHvu0buf_CPUUXE5AOF_kg1xQVgHkMf54XNV7TfO_pCDg&oe=6AA475AA&_nc_sid=201bca
275437237615233,4oormcsrucb7t55y3g4lim,1539876606146,90.576965332031,-46.735536055778,-23.518508508695,https://scontent.fgru6-1.fna.fbcdn.net/m1/v/t6/An-AOxmyYSwnnQJSLhji7uvQuSk5XP_3RODuZYocoa8rf-8NqLmVX71057DBYJ7ovE48ccl8vx60hU0RI7jjUUTrNUvteNT4ZwXYC-uAWM7geVYsfU-rty5vlWwz61a1ocv42yvX_68p0tSWzYUlRg?stp=s1024x768&edm=AOnQwmMEAAAA&_nc_gid=m-ar5jfvd3L38Ugt_jbFwQ&_nc_oc=AdriXc5m3Z_JWR-2SPWOxFuznLu9liH1J1_f4uF33bGjsMZgjU1V_DS2Ib9tS873X0e1m-R__WtQBBfKDI7VDhsC&ccb=10-5&oh=00_AQHdBdMAFPyKo7OJ-4wH9f7BQADjRkOWgw97YthdGdvIZw&oe=6AA47791&_nc_sid=201bca
529177604742527,4oormcsrucb7t55y3g4lim,1539876464173,17.226654052734,-46.747178027737,-23.522296014761,https://scontent.fgru6-1.fna.fbcdn.net/m1/v/t6/An-Er96kPDjcv_jVhHN7eDGDDnY2CsbF-2y-CESgiXwSuc-3G1Oj32185Zq103CjCM_eJrVw932CSXWlt08j0zGr_fJOshxHxlXgyVDIIvOJM463E9KJfabrkbx1uVq27P0ACHE-uFlBrDVvwRouzg?stp=s1024x768&edm=AOnQwmMEAAAA&_nc_gid=m-ar5jfvd3L38Ugt_jbFwQ&_nc_oc=Adojyazk7Y9P-SvzIigLWwSWHnN3bkzPbXmwX9GOeLNnruOmrgfCAyR-w4tpnxXGYjWSqxwt8aIMJybOZSki4Gk6&ccb=10-5&oh=00_AQHtVqrm3-vvNquulTSsVIJuxPd7og60kJFszNNj7Pvg6w&oe=6AA482FF&_nc_sid=201bca
1390428457996433,4oormcsrucb7t55y3g4lim,1539877365154,306.51220703125,-46.809952646181,-23.411557129741,https://scontent.fgru6-1.fna.fbcdn.net/m1/v/t6/An_GqATJ62udk4QmBfrHNR-uo_gJtCbw0mquOMLWS90zUuNyjI4lX4APL6t_wdwYutiqI_NZ8okWpmS0tY7Uijix4PRwLPXO5DS5bVvIo5Wghlqg5TPxV378OzwrAFEBbX4Di7a6vSkIUmjm9lRNAw?stp=s1024x768&edm=AOnQwmMEAAAA&_nc_gid=m-ar5jfvd3L38Ugt_jbFwQ&_nc_oc=AdolaRuJ-UOwhOG9Ahx4Jj7sQhJ8rX0PHXulEyGxWAaNMf3PMGPfPZ7VRVJmM2P8bQAy1s2101wyK-2sjS74zwUU&ccb=10-5&oh=00_AQHqkWLl53Z9HV_jbQMh_BrUdbBkALMyuV0w8hCJW7_tkg&oe=6AA468E8&_nc_sid=201bca
175836814434572,4oormcsrucb7t55y3g4lim,1539877406165,289.70959472656,-46.818731364619,-23.410031356849,https://scontent.fgru6-1.fna.fbcdn.net/m1/v/t6/An-EOcchPFtUEqr_QS1xA7xPTH-W319FpL__zC2v6OK6Mh28vb3R_Xiz5GOnAuA-wRSKbYrzih0B4BVaRImLm_7jL10IN8GbuYkxEVeGxSBF5RgiykdYw3MZ9dnjFQV8F8fvN-Xh7pY8C1xynqYWRg?stp=s1024x768&edm=AOnQwmMEAAAA&_nc_gid=m-ar5jfvd3L38Ugt_jbFwQ&_nc_oc=Ado17siIMYhGFoQYR3t2hmfJrgvc7RwxFjzQy4yWQ_1ZeXw5X2F1WUpRHTearY-O6f4tuuX3AcUux0ahvW7kgrFo&ccb=10-5&oh=00_AQGUaPl1C9fPzO3N2Ac7j5ZSPkiSmB9OBQxtfSKzu7MImQ&oe=6AA4610D&_nc_sid=201bca
216252059997047,4oormcsrucb7t55y3g4lim,1539877079141,325.26519775391,-46.783523414777,-23.457947976475,https://scontent.fgru6-1.fna.fbcdn.net/m1/v/t6/An_G9W6pu3CEBpJq0wXQJRQOWJ-cSaCqCWrYSRmqTjGJ-yWJNjCHcDPsiwAY_h-qyShptvgelpJvV_wga0znLw25k0xtt7zJnSWT2zj92A1OcvXDMnpGw-dmObkGo9QZ9Y6U62pcNH06I4mbPYGfxw?stp=s1024x768&edm=AOnQwmMEAAAA&_nc_gid=m-ar5jfvd3L38Ugt_jbFwQ&_nc_oc=AdrL0qC6RibJLu-cXa5RVWP7FspHR5qWuynRgNudoakrFEmldLyER-rx__nPvH1sImJHnMjRksDlc0jpnyE5pFNj&ccb=10-5&oh=00_AQH3tolQpFGu-eIBErucmLJZMBxX21oH7qkWVj5RnSOGXA&oe=6AA46AA4&_nc_sid=201bca
573317574105492,4oormcsrucb7t55y3g4lim,1539877191151,353.07037353516,-46.786417861518,-23.434022381076,https://scontent.fgru6-1.fna.fbcdn.net/m1/v/t6/An_r9Hr-bs25SQ01tOganCmyfklIHPLkcWJoYD5QvrEondFx8FkyqZZ47p1QgRkBgMAk2m6LnTTD9op-LskQYShD0ZTB6hc4AxxA-OC0HdwV87oeWri5zwnqG8ivTO0zIwuntzRnUPfg8Tl4mUR33Q?stp=s1024x768&edm=AOnQwmMEAAAA&_nc_gid=m-ar5jfvd3L38Ugt_jbFwQ&_nc_oc=AdowufleC4quko8aQEuoBg9YGTy9sOAD-ulsAIpRvYcRKuNGcmyinbY4IrOrC3YQMzxsG5HgkF0dke_b9ygZUMeo&ccb=10-5&oh=00_AQEGrMab_XekC-XHvmDvY9l5NFse2ApiZmNBRjF-QDEJhA&oe=6AA46D80&_nc_sid=201bca
597300267908889,4oormcsrucb7t55y3g4lim,1539876528140,20.636901855469,-46.746020819901,-23.519960970028,https://scontent.fgru6-1.fna.fbcdn.net/m1/v/t6/An-vqklcv3F-YX8C-RINtcfmGrWO9NuIv2Xb-OMiGCHtyuC231zXV4soSyAxiDx9grU6TQNTi6mtX04nWPgahtGSkLgl1aML9WZ2DQilqeRx3hn-CWxN9Gde_JutdLBH8SFd3G7GDRiPyTFNTg0pQqU?stp=s1024x768&edm=AOnQwmMEAAAA&_nc_gid=m-ar5jfvd3L38Ugt_jbFwQ&_nc_oc=AdpluquPA5pXRoetF-BUj1U2TuUagCu5DLw6QJsOYhwdEwURi70T7cg1z33PQRyCzJixiWpOF-CHnTV_Y7cNWQJ5&ccb=10-5&oh=00_AQG_rOrXrAIQKJG_-GyElkoxsFFCh-rzyrVhS3drapP4Bg&oe=6AA47CFB&_nc_sid=201bca
111444837673788,4oormcsrucb7t55y3g4lim,1539876609152,97.680755615234,-46.735003534579,-23.51854611925,https://scontent.fgru6-1.fna.fbcdn.net/m1/v/t6/An_SgWNnNtydWHSKknCZCicuoOLyeH_1PYTj7e-jeJpWY3209BjUouNMjGySnZka0wYSvhhme3erT507lhdFUnGrsDjAKI7mxPKPxn6dN8ILDcNIYl8A1tJ2-qayao-yVgSjZ57I6Ij0BOrqJYq0ZQ?stp=s1024x768&edm=AOnQwmMEAAAA&_nc_gid=m-ar5jfvd3L38Ugt_jbFwQ&_nc_oc=AdpsVzg1-xxBanLm3sHKNGKEUbVhucaCj34ABNy0OsULXh4HzV55ptrsKNYh-rYvu2qK7W8sSOEMOl253kIS1_wm&ccb=10-5&oh=00_AQF-MYl-e_wYEVFi_TjrvKcXUHMJYgopMMiGU3SOhxHCfw&oe=6AA47145&_nc_sid=201bca
295214848895785,4oormcsrucb7t55y3g4lim,1539876518146,40.293029785156,-46.746368425597,-23.520500271766,https://scontent.fgru6-1.fna.fbcdn.net/m1/v/t6/An9BIdx9GR8qlBLHWbAd51CnqX1TViLZeu10-kVXR5dvOvvolO_Gz3jaih_xFQxUkWg808JyNP4LbbjPZBfuI52xoCF6wvYbhWNoPsZydTryy3YDsyE-cGnsIQeD43fiAhXTjdpC2mYGF7Tw_sfSHFI?stp=s1024x768&edm=AOnQwmMEAAAA&_nc_gid=m-ar5jfvd3L38Ugt_jbFwQ&_nc_oc=Adq2EK3rYiCXicEVRksv60dlCpp6Msbr1uT45sC9h0zjqGtJ67KXWtlioqwDzDnlunjAbqT6tTWlNBBnPFR9NfYo&ccb=10-5&oh=00_AQGK2AnvLz380t68pf1v7Pi5gk22henOKNzYCDI6UgPBZg&oe=6AA48A0C&_nc_sid=201bca
463364028224032,4oormcsrucb7t55y3g4lim,1539876630144,76.030212402344,-46.731301083183,-23.518236420514,https://scontent.fgru6-1.fna.fbcdn.net/m1/v/t6/An9fc7p2TaKqxQPRDTVOB-5Vcu0YMqTohvUojUvI3eJB47I7clqo6pOS5WY6kgKP5cC8Bg2bYudZEKv4Nz3NYmRDZ2z0loHi8qcJl5ut_ROsH-uispWGyIWkP62Ivl6TS2GMajetBBilPZXdtXE1LZQ?stp=s1024x768&edm=AOnQwmMEAAAA&_nc_gid=m-ar5jfvd3L38Ugt_jbFwQ&_nc_oc=AdpkcjiWFS7xFb_TWP0tvIJ-ZhS5c1skMcZknU_2GXRgohgY_Vkuam4ivlBNSC7QZXr8ZbBNfzjJfKam5zoKiAyp&ccb=10-5&oh=00_AQE-RpajdWXHT4grlS89ZHN235aKAf8bj0JbyT6IJedNhg&oe=6AA4913A&_nc_sid=201bca
503844813993453,4oormcsrucb7t55y3g4lim,1539876897119,341.33361816406,-46.766602268142,-23.490913688308,https://scontent.fgru6-1.fna.fbcdn.net/m1/v/t6/An9rF3QQx4gvgmxBSMHHiJswMA4K69daJ9rGsMhVS-qzf1aYXsutgRv9nQYjST_inJkiEctuNSNz5IhBDZNPmPlrabpgLcD5-uNz96xmtBVbejxMwzzFDMPCclVX5kLGuhR8u46sWVWC2sojRMQa1Q?stp=s1024x768&edm=AOnQwmMEAAAA&_nc_gid=m-ar5jfvd3L38Ugt_jbFwQ&_nc_oc=Adrq4MGUmXaVkcf1Hp4N_w3pE7LDyG0TD6dr5KgxHaiImahvliK3uMuuQEUQaypA4uMSSSYTfQTQIFYNCg2Qlv_u&ccb=10-5&oh=00_AQG-bemkF5rG-nEDIcpJjvr3EoFwaLzwvUysmvR9_BzKFA&oe=6AA4781A&_nc_sid=201bca
790351808309084,4oormcsrucb7t55y3g4lim,1539876604167,92.133605957031,-46.735908333079,-23.518498279491,https://scontent.fgru6-1.fna.fbcdn.net/m1/v/t6/An-SS0dl9LrzIQdZJ7D3CfUOXhY9_wawc5K3_RKuT_McPeCirLKPSfp7v7iG77X_FBsaxv99Lx1Fi-dcqznZ2b6z0r2OuhikJ6mMHRaDEyhEo1VquwEWJ0l-RBaAsPN6jMnEeTcec3jPhIphDl5pfg?stp=s1024x768&edm=AOnQwmMEAAAA&_nc_gid=m-ar5jfvd3L38Ugt_jbFwQ&_nc_oc=AdoSRElZ9XSJfJgvTFZWJSuN5g4qq8YLN5bEBxWqbUNzG4Qbh1jts3HFJiB0VyFYZS94s5h7OTN67G9qMSJOd-xh&ccb=10-5&oh=00_AQEicW2adIzGDzXn9s3hF6f88qGuAVLkHqg8VJAabbhLoA&oe=6AA4744E&_nc_sid=201bca
171130798252058,4oormcsrucb7t55y3g4lim,1539876533139,25.397735595703,-46.745791929726,-23.519682278156,https://scontent.fgru6-1.fna.fbcdn.net/m1/v/t6/An_c4CqpUwf9XdO_B52lk3lsMJJTPkQWUygh2Yj-KeYEF8Q9N0R0WlTsdxCjRxnYNk6qPaTAJo44OpBDVdrVIOVnciR7R9YRPrf0aJi6WU4l1KJ7ycF0UZT0R3OlAARHAd74-ZOi063yG8lg2RvyvCk?stp=s1024x768&edm=AOnQwmMEAAAA&_nc_gid=m-ar5jfvd3L38Ugt_jbFwQ&_nc_oc=AdovqRCkyOY6xGr19ymCZTrx7RhuIywKODKMJSYn9HbggtOGbJhTAkwxIsP34WoWb0sS_P92F4c9zid6oEDMT_dQ&ccb=10-5&oh=00_AQGdmILetPgo-C2grws4OKGFeMF2lmL74fulTlnRFXCmIg&oe=6AA46981&_nc_sid=201bca
503388824345252,4oormcsrucb7t55y3g4lim,1539876520148,23.301086425781,-46.746313757579,-23.520394938743,https://scontent.fgru6-1.fna.fbcdn.net/m1/v/t6/An88KwDQgfZi4pDCT9LSinbrZtn30svzt_s0QL4v2ZQPg0Ojrd2XE3Pc1suFmI4eM8I-6KxJBqLb5mj3hJQUJ8ygeCdFG2YrF1aGaNc7FlXT-KJ_d7ltHpFpsLjvSzJ8mka27_aZiI4H-W6UevLO_g?stp=s1024x768&edm=AOnQwmMEAAAA&_nc_gid=m-ar5jfvd3L38Ugt_jbFwQ&_nc_oc=AdpCuir5FtAtrhC7EqQfnUGWEVXpXSXxFE-x3i_57YAwh8AnicS-q6Jz1ZOaP1ytlGWJH_4z_FnAcuLsFfxViCgH&ccb=10-5&oh=00_AQH55jyu7fUzHTTWLFEHxDw536PsQVPR8LbRo0tuazHNVQ&oe=6AA468D8&_nc_sid=201bca
529510521374082,4oormcsrucb7t55y3g4lim,1539876980172,295.9287109375,-46.772174877559,-23.473856379001,https://scontent.fgru6-1.fna.fbcdn.net/m1/v/t6/An_dzNsDsSPD-ERUsMWraE-s-tky2jEynLNvFunjiwHVJySsTTWg8DTx2NFYReMAINTZv9kltUSHYqnki6mnuFryvtHU8MdpTuPhl6pM1KkWF3lMS_3X94hdWbGzqUazqSIsdZYfQ2JrJqC9iZgCVA?stp=s1024x768&edm=AOnQwmMEAAAA&_nc_gid=m-ar5jfvd3L38Ugt_jbFwQ&_nc_oc=Adqm2T1qBm9JPGB9xO5A6unEqABG6TSf0VedI91VPFVNdPTpq0Hg0uqYpCMKkp640KCGGHOq_ijgjTOaXYAv2bqG&ccb=10-5&oh=00_AQH0JVvxmUH3nX4F68Jw-ZnqKeIxusOiJzijCOBtYAbocQ&oe=6AA488CD&_nc_sid=201bca
1178044779291483,4oormcsrucb7t55y3g4lim,1539876956139,10.5400390625,-46.770241806433,-23.478480944328,https://scontent.fgru6-1.fna.fbcdn.net/m1/v/t6/An8rmAPX15zo3x7IZ23B-Zlgi9DWq_65LvMb6Vf2IMszAx80-gzZhE4Lxm1Qpz3aP7SJ7wJfcASRGdMk9oCPjkP6KLT_xpvrF4hK4VDcMN-KjZbCbQxlj1nFi2JM-G5SLdlja-uc0zvFUH_SSowKCA?stp=s1024x768&edm=AOnQwmMEAAAA&_nc_gid=m-ar5jfvd3L38Ugt_jbFwQ&_nc_oc=Adrvd_Wjy3-2rNb5C-fC7VxXaX-NGpqpqCyInyj5w5ku6JHUk4SRYDO6KzFm1h3Ou3Tsc1VCb0s5hhDk1Z0KvQrT&ccb=10-5&oh=00_AQHeczNBs9nUcz5MOW8cJnoqoDkT0pNsxM50FsZXY-RmiA&oe=6AA4962A&_nc_sid=201bca
293877105775769,4oormcsrucb7t55y3g4lim,1539876529144,36.293487548828,-46.745972683352,-23.519920447443,https://scontent.fgru6-1.fna.fbcdn.net/m1/v/t6/An8yM-WGYw1Rji3gMQc0HgW4T58clO7sriER1GfT7sb2PdhFLNMQvNIWuh3bWj3clmFK9nsIf-o9aeCgaO3louPXdsg8AI9NdAq2hZQImHUVflsiNtbNKnz_h0kKofU4hxMZTasjS38avWO2NRrTVQ?stp=s1024x768&edm=AOnQwmMEAAAA&_nc_gid=m-ar5jfvd3L38Ugt_jbFwQ&_nc_oc=AdozKdsMlUtS6Rm6bdPm54o7JWYDksvrrcZbhW43cjlBNAmbsbzqZ4F2dt_xZU_GRpmUPniPDSIEauH9RRYVWZ_X&ccb=10-5&oh=00_AQEmEVYV1BOEUyhPfowNqoaa6fXWapof3CliNseTdgYdUg&oe=6AA46729&_nc_sid=201bca
217926979793783,4oormcsrucb7t55y3g4lim,1539876923160,323.85095214844,-46.769006684556,-23.485410185085,https://scontent.fgru6-1.fna.fbcdn.net/m1/v/t6/An_AiXZxtFJfNBjQS4eE-xuYyDBhKMr7oEm0xvQ9FfwLdGjqSk7v4rjpyg9PTmRG1ECCA3YDT1TY6vZfLegi59rKHjAa9oHNwWSv0-YbIqFbsOW-yH6GleXqNQvxZenJhlx7Cd4ZEhB0Jbqk-65Y2A?stp=s1024x768&edm=AOnQwmMEAAAA&_nc_gid=m-ar5jfvd3L38Ugt_jbFwQ&_nc_oc=AdoMz07Ex3-xLdo8bx7fukX7wVaTPfYWZnfvn0ihmJmdGYABFewfYqX-yxjbdq4WWAqqn4dWEryOZVPvd_Z2rtOx&ccb=10-5&oh=00_AQFkExoaCM0GAD6uDGvLd7jGz48yogFh-1dmxI-KqRxneA&oe=6AA4746C&_nc_sid=201bca
295175745659739,4oormcsrucb7t55y3g4lim,1539876919153,325.34948730469,-46.76843457511,-23.486172477835,https://scontent.fgru6-1.fna.fbcdn.net/m1/v/t6/An-zxlTF_nfeaswf2Nt4Fr-PaKKuO-GtNLPWiG3pVCapD1YLEtZM6-3xmtJH2ExeLltm4jJeigZAow9boP4Cj6NeXFtb3N5Fi16x-9NOEtZOKLimSXarefkni4ByNWYOgBlkJWwl98yQqYMT4YrJ1AU?stp=s1024x768&edm=AOnQwmMEAAAA&_nc_gid=m-ar5jfvd3L38Ugt_jbFwQ&_nc_oc=Adpse_phW5Xy-UTgz7kaoE5IaOhVlo9TTFa0QzdKxhyT_m_uHNDfhT82KjeDnlzQEqPf5UN4mm-BhglZ3mVAUzXu&ccb=10-5&oh=00_AQGYAOtcnPfyrbV5MJTcl4sp_5Uvo4EgnaR_MDweKXPM0Q&oe=6AA46C33&_nc_sid=201bca
373648454023634,4oormcsrucb7t55y3g4lim,1539876522149,6.0332336425781,-46.746268404751,-23.520253651656,https://scontent.fgru6-1.fna.fbcdn.net/m1/v/t6/An84vvHFN0bnRRIVlCE0FJxnflDgUQRJpyrShfm9jcdbB3Mxnl5FpDewi1lVrLNDNlVng5qvY4tVfhA00Bgu9Xz4z6hPOP2ZzbNj0V7g27twW4i6-RxY11JTgsdidQI90jizD3oGpgEjFOFmZJf6eA?stp=s1024x768&edm=AOnQwmMEAAAA&_nc_gid=m-ar5jfvd3L38Ugt_jbFwQ&_nc_oc=AdrRpOkldO0JFoNMYEQw6O3GeOBvHoRxJyhbP411HfGGakxvgDc-Tn87MA9a0QrdkaFJApvxgC8zwXMaXEnlG3A-&ccb=10-5&oh=00_AQGnbe1ggzKkRqpoJimlCkpck4ofqHlG3MIEjIFV7gun8w&oe=6AA46C91&_nc_sid=201bca
1437039509967851,4oormcsrucb7t55y3g4lim,1539876778137,280.14440917969,-46.749562450466,-23.507089255654,https://scontent.fgru6-1.fna.fbcdn.net/m1/v/t6/An-1bqIL9gU1iQfU-x5bfe1501sXiueY8TPruojTmEowRJ8pVUW45ns4mPYDMRRjY4H6X5dhbBPJdv1eVQyVC39dn8BWXFpsRttuGYAJzRK7_KpHCeEXKqJktuzNqSsOOriWzTr9qtqNa73YXMCW3g?stp=s1024x768&edm=AOnQwmMEAAAA&_nc_gid=m-ar5jfvd3L38Ugt_jbFwQ&_nc_oc=Ado3_AZVsxOly2GUgLhYp1J24wLYyXUzuj5YoKVXb_u2NssithDw8PYsnq8BWkF3qT73koHfYnbVvRvHmYks4bdC&ccb=10-5&oh=00_AQETScnAtPmo8_Mhsyz5KKFJEOa7CqaPkxcDM7KPwcELEQ&oe=6AA46F03&_nc_sid=201bca
490579112148277,4oormcsrucb7t55y3g4lim,1539877345156,301.30194091797,-46.806302032696,-23.414201556738,https://scontent.fgru6-1.fna.fbcdn.net/m1/v/t6/An8G33HygVLL9yXN_Tp-DT_grYJAyyPxLddH95nyRY769LfpKkteqa_S9H6UWVqZZ_v0SN8hzRZ3q3Y7snpNEKpG9IOD01eh5eMUZhuQSjVTqGRF6XCrCfsBjV8diEig4YOVv9URZwuCbiGHmIXFBQ?stp=s1024x768&edm=AOnQwmMEAAAA&_nc_gid=m-ar5jfvd3L38Ugt_jbFwQ&_nc_oc=AdpYa21pzXW1veL1PU28bVlQHauZHylLK2NuYJ8ocPord-zi1n5H9IyJsEshcCG5p9asqi_zcPp9BYgzJY5jR-Hn&ccb=10-5&oh=00_AQFYhJW3xSsj3xUrNM_eOYzhmqUTHEqdTyhNjrUYfm-qgA&oe=6AA4914D&_nc_sid=201bca
506657057139649,4oormcsrucb7t55y3g4lim,1539877008142,316.27600097656,-46.778309971418,-23.471207850381,https://scontent.fgru6-1.fna.fbcdn.net/m1/v/t6/An8A-COPJIaAqPm1Gy9dfYc4v3oks-7TYZCV7ZtLZb6BT-DZoqon9PVS9lzTi0D5NE8OX9e3NXUwCdqEzYbnBGSEHGfjVqwikekecbmlTmr1D0zUNnjWtbCZsFWjFTqOAZBdppLa0tKf9RLpHoB4gA?stp=s1024x768&edm=AOnQwmMEAAAA&_nc_gid=m-ar5jfvd3L38Ugt_jbFwQ&_nc_oc=Adqkcw3_Fj5mIYaxDrtOc3UUQ_o_P15u-7WmepjLjit8EOPNNyLi_cGW5b1QSpEn7sz8k6mQ2o6LsbemfxIzOYBq&ccb=10-5&oh=00_AQFCBuA07tSguNkgdpmEbLktT2LhDWlywIxIsUoqO66yeA&oe=6AA47907&_nc_sid=201bca
797748304205688,4oormcsrucb7t55y3g4lim,1539876561144,87.735443115234,-46.742994285547,-23.518294358467,https://scontent.fgru6-1.fna.fbcdn.net/m1/v/t6/An-bn1YhPwmZAr-8TFferLJvKfmpcV3DKAK-siPdTnnKhECK4y57unQ5CxvZ8SnmpplTV2JWDH4HhIhdBydS7PNl4RW80ckUieB6O9U1d6YLqG9yf75oE50ozSA7a9riLvOeWSssQttP600FIpkvktM?stp=s1024x768&edm=AOnQwmMEAAAA&_nc_gid=m-ar5jfvd3L38Ugt_jbFwQ&_nc_oc=AdqvRI6WvUMe9MwoyazKjwkI6llEJ_Na1m7xJ_F32a5QZG0B5zVe1Ei6GTjPFj3H4gdH8mUtlkf8zuEhyayWqOXb&ccb=10-5&oh=00_AQEZ0bqF2TQXmjpiuF5ISiMHq6rZS9O0UPWwUj0_oqT_yw&oe=6AA45FAD&_nc_sid=201bca
1151793635301818,4oormcsrucb7t55y3g4lim,1539876992122,294.62133789062,-46.774956311587,-23.472805430974,https://scontent.fgru6-1.fna.fbcdn.net/m1/v/t6/An-KjxhOubeCt83vriaYRnw-Ljbewd8FrLc-geDV5sP6vL3dp1Wd6sef11JjUc4J5J3wl8veu2TZt-iN7yLHR0G8umfnfPfK3ZwHuvbJ795N0-lrO6CvDKKdBvihS27KoD6w4RCdDxJpd6WxIFJl7A?stp=s1024x768&edm=AOnQwmMEAAAA&_nc_gid=m-ar5jfvd3L38Ugt_jbFwQ&_nc_oc=AdrftjQnWY7kYo216Q_mOzrtog-lGua-jw1Hv-ODH9Qx6HjgwVHE93ebIaPHfPU8b9p3AP7PUFBviCofnmzxMDf-&ccb=10-5&oh=00_AQGqMiPmiI1dX7Cdp1r3ebhndGRD56lbLPmkB0MINNHBjQ&oe=6AA490C4&_nc_sid=201bca
2886934268247904,4oormcsrucb7t55y3g4lim,1539876524150,68.5009765625,-46.74618569777,-23.520172567617,https://scontent.fgru6-1.fna.fbcdn.net/m1/v/t6/An-A1RdojTzGVb5hCGgG7iAmAmNnGWb4-THlwwKw32CWKhCtICpT6d-F7GZbCfW7v6VqPKDQSws6pp0SL7RYLeYP2M0RDHODs1Mu7dcdZq4fpkUHjB8UyzMIGxhyXMCJFCG0OAm7upW3XzBKXKLp8Q?stp=s1024x768&edm=AOnQwmMEAAAA&_nc_gid=m-ar5jfvd3L38Ugt_jbFwQ&_nc_oc=AdoVqqXXdO0CloxGI0fr6XsFhXiO5y8wGvlW9JBC1ttzjRo3g99cAexjju1yN9ZYyVtlFu3y8YMCGct1vHglZ2b4&ccb=10-5&oh=00_AQFUGNpOWA7BaATFSGevNa0ukZg8WBST26uUefK3_CRPKQ&oe=6AA476E0&_nc_sid=201bca
148845597203785,4oormcsrucb7t55y3g4lim,1539876519151,27.683807373047,-46.746339437789,-23.520449610599,https://scontent.fgru6-1.fna.fbcdn.net/m1/v/t6/An9NtBFmzlFVq_NQ7CviCpSLRGA6YDCxFMDCiTrBRt7M1P3EAH7qj5lEjFK-Mx4dx9PeUVrwcN0Xzfb0q3DrC3eH4O5cDBlmEyEBAEd2Vxn5R7Zg6rFZB4ou8WrxLyTjENdcWMgmOTGFagVuuFR1V0Q?stp=s1024x768&edm=AOnQwmMEAAAA&_nc_gid=m-ar5jfvd3L38Ugt_jbFwQ&_nc_oc=Ado01zQ90rvMZD9KiXkmQNkxtGpqaMxJy5D7GMe1OejqKDXDXctnR-ETadTRqeYl2LLb5XF-u-357bG6c1yJu9Yh&ccb=10-5&oh=00_AQGiMdImTmyOuttzQ30zhYgHyTixstxP-Eiz_x8-N0xduA&oe=6AA4714C&_nc_sid=201bca
292567639142746,4oormcsrucb7t55y3g4lim,1539876999128,298.61065673828,-46.776553832828,-23.472129708579,https://scontent.fgru6-1.fna.fbcdn.net/m1/v/t6/An9dufZM2eaR_GpYz27XWP5Nwr5HrIye-Duzz_-gWRbcQeDBeuA40EfN0MpIv9iFh1gNnOH_Cqn9R_EfALDmBcTWGXw1PELtTH2ejR8AGX8S8M_TWWk540Iuxphyf4rOShJJDNybRaAyzA4nIscqnhw?stp=s1024x768&edm=AOnQwmMEAAAA&_nc_gid=m-ar5jfvd3L38Ugt_jbFwQ&_nc_oc=Adprmybg06tEc0c3yaM0omJUjwH-Uoetn-FsJQWg6A9SG5M3pxEJUeDL3H814V2ARXjGFGWKXeFkOzCsckHIn_Wm&ccb=10-5&oh=00_AQHYQCV9pzvG3yH1HGwTGBQGGSDvHCVkp01QXCL99gereA&oe=6AA46A81&_nc_sid=201bca
787977738774231,4oormcsrucb7t55y3g4lim,1539876648165,52.924102783203,-46.728085338641,-23.516496814153,https://scontent.fgru6-1.fna.fbcdn.net/m1/v/t6/An9cyWK3DDQWi6HIzIizoKbrqXEiCK2AliprJPBm_ji2psJtKrF3FlTXZiXbBXx-Qdox6f4xo6lzMTMs40MSbwgI9LnaD3jeTOlfBWYLDDOzYrioiFLS6n8efz4ec0__9QAdz9yhFn72n6nCz7jQOw?stp=s1024x768&edm=AOnQwmMEAAAA&_nc_gid=m-ar5jfvd3L38Ugt_jbFwQ&_nc_oc=AdoG1EYxu9iZ9CEq6-bQjRPn9XENqpLFthoncm5UQ9t04KzZlf-rYMKs3BpCZAjsfBDa32c88CCm2ByYis2KL52p&ccb=10-5&oh=00_AQGo2Zdbf-br2K8SfUKsy57d14pCHUbmOicqiIyqQ4OaBg&oe=6AA46832&_nc_sid=201bca
919171935543310,4oormcsrucb7t55y3g4lim,1539877289158,295.48413085938,-46.79633588602,-23.419562282028,https://scontent.fgru6-1.fna.fbcdn.net/m1/v/t6/An81HN6Ht-bgpGndPNI267i9ftaJcY1MyBtKoGtrE6i_tU3CCZJWYU8vIujXArE6cd7gEKHEif9TJf-00wTQKyftgx_QVgmeUB3z4562LkZy-eDPH0Gii6oF45gSXXo8EUGQWPe0JPs58VNDxMjPLQ?stp=s1024x768&edm=AOnQwmMEAAAA&_nc_gid=m-ar5jfvd3L38Ugt_jbFwQ&_nc_oc=Adrx996hya3VVlRpPGIJZTw793h8VEUAffFt2dj1kpTQ0MEOVYECE2URcr_lga5TLp_fR7Qc56u0BZm6RDT6Hf4y&ccb=10-5&oh=00_AQGGab_QSbhaZDByRrOi_ezXFMnJagTQbYbNVGiCtVSNvw&oe=6AA48437&_nc_sid=201bca
1197786547308346,4oormcsrucb7t55y3g4lim,1539876829109,358.26843261719,-46.754596813729,-23.497214103076,https://scontent.fgru6-1.fna.fbcdn.net/m1/v/t6/An99vuDTu1lPAUecTclsvP--DWMRrjQBAOiMou2Pu3Aq-NxgVv6b76pSB2yNd4Gphy4Kn4et7L6GSvk26r80k9lBsk5gG8eAvgB5AAQGfnH79Qmiy5raweocz8I3UDFA0mUxZ2qnuuZXuz18oucyJQ?stp=s1024x768&edm=AOnQwmMEAAAA&_nc_gid=m-ar5jfvd3L38Ugt_jbFwQ&_nc_oc=Adqzrsnc_yLwz2G3tcviVqTYPoo9hzpoQP7P7iKllvOzC--mDSK5pVKi1SmknfKBi9px6aNJ2JGu2RABZThb3E5_&ccb=10-5&oh=00_AQEauRCXbWeFCVHiXJKW_AaKpWMnc851_23Li7RRRLMw7Q&oe=6AA47143&_nc_sid=201bca
136697941778103,4oormcsrucb7t55y3g4lim,1539877054184,318.18756103516,-46.779561076999,-23.463001315879,https://scontent.fgru6-1.fna.fbcdn.net/m1/v/t6/An-U10gAgFQyBhNH2IgqBVRNj_nHRfPaoI1ky9hdXydG3Mlokad8NX9RpZgYTaVDlrVUaDpfDjhYq6cKi35U2CapwlahCuU3LE12gFw5pLYJJKXmn8fBKHK7kqiSekmekL7BLGw5LKBuXs-maY7EZA?stp=s1024x768&edm=AOnQwmMEAAAA&_nc_gid=m-ar5jfvd3L38Ugt_jbFwQ&_nc_oc=AdrOFraKDzHodKKH7xu2VuMHIT-WQJn11BR88LvD3h5vhH_d3R60mT6G-NK-fbn8NOIXXXUhw2d7B4IFeNb5CB_O&ccb=10-5&oh=00_AQHmCkbgnIs8oMJJTr1nNY98Tbs_KtAKz2Gnhtp0VZHW_A&oe=6AA496FA&_nc_sid=201bca
469027807509613,4oormcsrucb7t55y3g4lim,1539876950150,7.7791748046875,-46.770506561565,-23.479800484463,https://scontent.fgru6-1.fna.fbcdn.net/m1/v/t6/An-AaSp3xdr6hmFCEoiTCiIbeI39CPz5T1y5cjEAutkGaKPWshJpWn-naEaongeRNxRMe6KwfmsKhhE-mz-lcEwoumhJlRM7eUpiJ93eaWx7Ew6dPJbLxiVt5wABlrNBMXCSy8NmZGl004OYw1DBHw?stp=s1024x768&edm=AOnQwmMEAAAA&_nc_gid=m-ar5jfvd3L38Ugt_jbFwQ&_nc_oc=Ado5FWUGDVXdukAVYRlJOyWCmdZPLzRLTjKJnActuNvzDXJ73-21aWJYHg_KcjCg_IAagJ1d_2dYjEblZ_fs55SO&ccb=10-5&oh=00_AQFRoXSFvdNG4x-ou1l1uaVuPNp32cxWbAVaUzeoc9ETBA&oe=6AA4679D&_nc_sid=201bca
910305623093827,4oormcsrucb7t55y3g4lim,1539876495132,41.085235595703,-46.746820452825,-23.52142552333,https://scontent.fgru6-1.fna.fbcdn.net/m1/v/t6/An9x5ctx3eutPI0oXCs27NnIzerxXUIZcPNLAXc4_SWJUi42yNibymaCPkDf3U3jzRAsj4xHb2s8HTahDwjTMsqpIkfZ7jgqQEuPAm-WDSZujkMn97Pka5Io3MYzCBaUahDI2-8Aweo_OfXk_JQB9A?stp=s1024x768&edm=AOnQwmMEAAAA&_nc_gid=m-ar5jfvd3L38Ugt_jbFwQ&_nc_oc=AdomT33DEwfsZVx6LH3VnfImlXvaih50yN1Zxq3KPv3VCdAyIQA5nBkFil0XGi4a6_Dn2zYI_H9_b0fJIIDtoANo&ccb=10-5&oh=00_AQEUa5uZEK-PZPNMGnFdrHZ9c-s9j6C5DfxFfj4vLWRY_w&oe=6AA47DEC&_nc_sid=201bca
193795632473903,4oormcsrucb7t55y3g4lim,1539876501136,1.6082763671875,-46.746755563593,-23.521229421929,https://scontent.fgru6-1.fna.fbcdn.net/m1/v/t6/An9q0Qt9K8ZF9YaWuljqavmTFXMZfAJVHaC-r_Dnvg02oUfsQad7Cb9ctEzpoHFX97QTZH4VzjW9FPadIWQHOxv3aMcPUN4TVUbBysDAJR8OnFwthfMQljxZY6EpJL6rYf_ddXBe0cPBymUM1kdVmA?stp=s1024x768&edm=AOnQwmMEAAAA&_nc_gid=m-ar5jfvd3L38Ugt_jbFwQ&_nc_oc=AdpOv2Zn37lSgxT5UgplzCt109-L4QJfRPRTA43GvpKERuK0g6icIXJ2C0eBe6T5bJIKS3D7NM3i1xJJeaMRGGnx&ccb=10-5&oh=00_AQFkfWzaK8OIZcUXpwdcGsD9fXgjpgeoCQk8qmZNWvbcDQ&oe=6AA48B0D&_nc_sid=201bca
2944452389099533,4oormcsrucb7t55y3g4lim,1539877125153,353.04650878906,-46.787340946731,-23.448173450131,https://scontent.fgru6-1.fna.fbcdn.net/m1/v/t6/An8ElVsCvkJlGQT9pOaSO-gB7pTixKDE04kx-4u036tYF2wYQbKuH4hcMf2vE5HuADJtrGS8_8wx1IU3Va222mkKC5biDbQwpElReaoHfCeNbeVBIhu_TkTR14PYtjURyrV-hd29tLG1jNFEemLNzYk?stp=s1024x768&edm=AOnQwmMEAAAA&_nc_gid=m-ar5jfvd3L38Ugt_jbFwQ&_nc_oc=AdrW-r3fWyy7tdaBTmTlZtMDgCawKPRsayfP9LTLMdnLWAyIZFnzmcTwPMelRxl3HtQZd3rJAHL8gdVrPwlVnNsD&ccb=10-5&oh=00_AQGQQ9NABorY2BF2jPejfKZEb-nwywWUWZ9AFw35UE1dXQ&oe=6AA466AB&_nc_sid=201bca
245976940655808,4oormcsrucb7t55y3g4lim,1539876497135,351.17053222656,-46.746785845388,-23.521357530761,https://scontent.fgru6-1.fna.fbcdn.net/m1/v/t6/An-OrUOdWVrhTkGUjcGM-t7NQPR4OrFRAL-xCtS2CNk9LKEGKlh3XGJf1x0ZpqCoMWqzige1Ysp29X65Tf9vXlcdPoXiYn1dQ81Na0-subzcXfMTBxH_EiKXmB9ikDUcUMAoTXNpw4wrywI9U2Ye-Q?stp=s1024x768&edm=AOnQwmMEAAAA&_nc_gid=m-ar5jfvd3L38Ugt_jbFwQ&_nc_oc=AdqgubVd-Rh2x0Ki1xmoCIkK65uh90OIDOFzeez75DL_v32jMhxaydJlIWdlgz-k-bBioIZNqVyWmi_sQ1Id86rd&ccb=10-5&oh=00_AQEnpEKRFItdQo_fHgWPikWzifaaEeYSYhA_jYpoLDd17Q&oe=6AA46A48&_nc_sid=201bca
418264939369173,4oormcsrucb7t55y3g4lim,1539877259192,305.80212402344,-46.789907985028,-23.423006246718,https://scontent.fgru6-1.fna.fbcdn.net/m1/v/t6/An-Y1QlmyUzZhTapun0ezjYZwJzrxeZN3dJW3CB78a3Y24SdI68EQ6t5X23D1mNcMASTC9esfU9MXCvE2u_b0XYL8yiyQw0qRn4FeToMnBZflTgtEHW3jnvGx2BTNNIhmx7qud6Ow20v1iVUnZ2clA?stp=s1024x768&edm=AOnQwmMEAAAA&_nc_gid=m-ar5jfvd3L38Ugt_jbFwQ&_nc_oc=AdqFjDgPEtVdYm9Py-OwEumM5fdJA4it9Xsz-uJcCr5f-DrxLxBaSURY5pTDzkq2FZo6twCuRpSCCF116YaNMm8g&ccb=10-5&oh=00_AQG9lhzhpcZguuWTSx9HHtsVqUnj-CVXCftgOWk-VnGtqA&oe=6AA47675&_nc_sid=201bca
1175186766288316,4oormcsrucb7t55y3g4lim,1539876964168,358.00329589844,-46.769978978639,-23.476700624963,https://scontent.fgru6-1.fna.fbcdn.net/m1/v/t6/An_5shBkjfeTn8od-oSKUDpN8nevFajiKqDiRR74qCqQIJcUO7OmZ_yZPRtcf4vhZ9-b3Iv5KfmJaFJ2g72yQTSl0jVvrVNm87gVl27G0UC4fz33_RZuNaIzYgshFaKkPMSprI0lwgfPgF1XlvBpYw?stp=s1024x768&edm=AOnQwmMEAAAA&_nc_gid=m-ar5jfvd3L38Ugt_jbFwQ&_nc_oc=Adryy1WQf3TeR9ZFItDJyg_eMYdi8OzucWFT-QhRL_7RmEIDbnA1NzAC74dInOiWcq29Am4DjYxgmQK_-fPUbZd1&ccb=10-5&oh=00_AQGH4BMHkOnoIW2_UkHwwfuL-7B8b_W-h7YVsLTRPlM5ng&oe=6AA4859F&_nc_sid=201bca
275514054257646,4oormcsrucb7t55y3g4lim,1539876457177,19.722747802734,-46.747323333381,-23.522715020068,https://scontent.fgru6-1.fna.fbcdn.net/m1/v/t6/An8LH2TZYezu0b1W7-CSl3x-vFUYl3D6BBZeslZTQkekUjKJ8GTwuxPwZBNb1SzL_QlJEtZhLoSvFqGr1IHAlpQjBkfzFu3WiMtyzHO_gugnXc54WyMbfzNDZUreEgVzRcjQPNJlS4M6DKSVKcgQoA?stp=s1024x768&edm=AOnQwmMEAAAA&_nc_gid=m-ar5jfvd3L38Ugt_jbFwQ&_nc_oc=AdrA0EAUd6AxrGNZdzyONjwtesVEa3OeN96wa2oQFOQGKeHwrOSnf2_1A-G22fcDBX54YJ0J1fcJ_8dcn5LEcuqu&ccb=10-5&oh=00_AQEndSsSy1Hmf-FPX7JQki85sQypG7MndXWb98yqoBiFrw&oe=6AA481D5&_nc_sid=201bca
472905830612133,4oormcsrucb7t55y3g4lim,1539876482173,15.977600097656,-46.746994426659,-23.521852718828,https://scontent.fgru6-1.fna.fbcdn.net/m1/v/t6/An-xndZ8y5rwJjd2A3lIqStGbdnnWLKOzRtJVgBQSdPYnduhHQiPHcw2BmLBjLHw9VngTHmbOuWk_AoixtWZkGqEO9aEEgSp8ZXwNve-65S9MR-_zbgoLNTYMht5e69jybLbdFkm0XYSpU9yUP_P6Q?stp=s1024x768&edm=AOnQwmMEAAAA&_nc_gid=m-ar5jfvd3L38Ugt_jbFwQ&_nc_oc=AdosQhNV2r1nz91GtfW1xmWBHDOOsmAOclfu56pNnwZeQatZxs9muKYrS7ZDLNY6Wdi1tyv27P1OvIJXHGsvzFPN&ccb=10-5&oh=00_AQE_4iSFvHvTG_j4MSMcE9WJ721PjYIDlwj7d_D-pKPspQ&oe=6AA4701D&_nc_sid=201bca
772099980120642,4oormcsrucb7t55y3g4lim,1539877168161,7.3057556152344,-46.785868155258,-23.439110467426,https://scontent.fgru6-1.fna.fbcdn.net/m1/v/t6/An9RKi3eEddI-7fYD84eu0YkF2YKnXzlCZ5dlqHaVMGeTBumw6hoHPXmN_VFj9q-qlCvJ-M61JdF7VQKZTQ27akpp7RLm20KCWbrBjfSazz8iFBFzP8BCIOps9Xr8xEG-RhPu62j8BaNE1OPQz4tww?stp=s1024x768&edm=AOnQwmMEAAAA&_nc_gid=m-ar5jfvd3L38Ugt_jbFwQ&_nc_oc=AdrqBYb9wC6jU7IBTvYq7HYf4RLIp-zSknKQ4G7rdXBwtEF3u1UpyBAHg6ScK1t7UFnjeuDbSc5i6m2J98xAkBgK&ccb=10-5&oh=00_AQGJYKk74MLuyaNrzD487Rw3lXaGBPEB22MJUga6Rzk4wg&oe=6AA4651A&_nc_sid=201bca
5399688073434453,4oormcsrucb7t55y3g4lim,1539876525142,31.160827636719,-46.746144965964,-23.520110803755,https://scontent.fgru6-1.fna.fbcdn.net/m1/v/t6/An9ORjCbYOBks_J8-J2HQQZucAzRbcE4JPvAAVlxG1qDElmizivCASVGbZKSZcEDHIT72qtpy6Eq61HosDD5VZXm7s-Pp1vJVjO8Ykkj6GSVJJmwiBQQbCd80bBLn-Eo0sLKZ0C2sI_SlYZ1D_reZA?stp=s1024x768&edm=AOnQwmMEAAAA&_nc_gid=m-ar5jfvd3L38Ugt_jbFwQ&_nc_oc=Adoo3r-6nFdbv7oQep7a6-CifTCDA4EXbshBG5cxqMpSW67igq9aLrrOJy_GtpaWNsEgVRr9zuVXTR5Dxo-Y9AgV&ccb=10-5&oh=00_AQEGkkTfXtPhph-qBZtVjKi1TjYtYxo_sfPpUvbk5q_OlQ&oe=6AA47BF0&_nc_sid=201bca
175553491143581,4oormcsrucb7t55y3g4lim,1539876517148,43.0029296875,-46.746401352229,-23.520535880535,https://scontent.fgru6-1.fna.fbcdn.net/m1/v/t6/An8GTEPptvL2Yqf3bGwOaMgiu043qHGfeLsq5SuLkyv5n16WrIKL5Zu3aD__MbfOEwU7vQ4TvwF6SfPVe8m3Y6wLtjNknReOcAiV6zrx_9crfT_3E0SXoTSVv1blNllmCYbDbYj3AWlVLWUCLM6nXA?stp=s1024x768&edm=AOnQwmMEAAAA&_nc_gid=m-ar5jfvd3L38Ugt_jbFwQ&_nc_oc=Adr9Lj1jRD1ARjp4vTmgY0mwhbr3199L44StNEDPPQS2919WfSM-ud_j65h2ND6jhHrOBlXlmc-5fqYBqpUAUqye&ccb=10-5&oh=00_AQFK_FwcPTJiya16PAnotQCX4grwjKZwQacggJtzOnFJTQ&oe=6AA480AE&_nc_sid=201bca
183328570325306,4oormcsrucb7t55y3g4lim,1539876636153,62.618621826172,-46.730302572695,-23.517763947677,https://scontent.fgru6-1.fna.fbcdn.net/m1/v/t6/An8ITC5IaB8l8fUi3D6mvWOMUlGi04V8yIUliZ3VA6UBCAMIgeD0Jr7AO9H1jbK9gD6g-tCRZ5LY6b45Q8OOmO1ddysLaw8r9DZ8gqC-Oc2GclbPmKo_RgL-DfgRh7ik1m5ft4DnsPNfppgOfT_3r3E?stp=s1024x768&edm=AOnQwmMEAAAA&_nc_gid=m-ar5jfvd3L38Ugt_jbFwQ&_nc_oc=AdrXPDvg0MUTr4Y1XC85G7X36uWWt53qsd-_jnTx6uS4KpC3fEY7u6-AD8k5xWV3xtQtkh8xpOFBYgefIqaey_KB&ccb=10-5&oh=00_AQHycXvOfEwL-AVzgQjsZKPHW7-DsHK00edvKptRGFIM0Q&oe=6AA47302&_nc_sid=201bca
503354174349409,4oormcsrucb7t55y3g4lim,1539877075180,325.66925048828,-46.782885743838,-23.458790223257,https://scontent.fgru6-1.fna.fbcdn.net/m1/v/t6/An9HTHHYCmmMshVFcoyJMIkmD5tqPCqmcDXtebX1f_caXtl8hDwW5xxhZ5jn4i51S7ZpDBTiiSRU21DyfpVasBwKYEeKlaqSB8kmZyMYSvpt7iL_C4ZEidM7td8MrSgcyEthSXeyIHZk3IH3N_7_Xg?stp=s1024x768&edm=AOnQwmMEAAAA&_nc_gid=m-ar5jfvd3L38Ugt_jbFwQ&_nc_oc=Ado4Rw3ufeRHq5gdSjl7KTe_9QVIqTZHCZPtRZnGMsEGDX_tZ960OhhWYZbyxL5hhc-mpLJW8Y02KTalk2mdiz-n&ccb=10-5&oh=00_AQG9LWxxzEOF_AZDhFGexN3SPBgraxxU-exNUAb4qTYJng&oe=6AA48E83&_nc_sid=201bca
2871449856443817,4oormcsrucb7t55y3g4lim,1539876526136,37.104309082031,-46.746093201658,-23.520048055192,https://scontent.fgru6-1.fna.fbcdn.net/m1/v/t6/An9PVSk4tS5H1Fpj30MlWCb66HxrNGqlpoWua7a057tP3vuEE-VcSosP7pgz1NE8fWEL7KRCciSfGlJ5vG659S6W5zrN60KRu91mxOZoSBbjQcESp4TPzSK9KhPRi-Yusc7ykiHgVMehFt000UWsrw?stp=s1024x768&edm=AOnQwmMEAAAA&_nc_gid=m-ar5jfvd3L38Ugt_jbFwQ&_nc_oc=Ado8ECrTVQTkIdwn_WdHjr04MP9OcUfkeqdD9eyoWQ_2s3Go3iBl6CobRvGT009OVWko2V_2MPT7NlTTgzeQCzCW&ccb=10-5&oh=00_AQEZ_rLWRlBSDugOjcsWHU4qmzmFEUN8xaCwIcZZCwVyXA&oe=6AA46BB5&_nc_sid=201bca
309062990598574,4oormcsrucb7t55y3g4lim,1539877177159,353.2119140625,-46.785923427163,-23.437159962623,https://scontent.fgru6-1.fna.fbcdn.net/m1/v/t6/An9fSrHbH8Sw0q8r9s7AWKzoD43k0WgqUj8YTb4XNawj626JoiH-7Ntikok4GuL5nKIGcFaunZyHgm7BKtBbtXhSmq2bO8bg56mJdpoGRlHi8Zv-TF_KokA3tB13bEnUt8TPcPHIMBVtORJlhvQfuAk?stp=s1024x768&edm=AOnQwmMEAAAA&_nc_gid=m-ar5jfvd3L38Ugt_jbFwQ&_nc_oc=AdprEw3H_VeSnS6QJrm0kyKbOTuUCG0CznetKhX5eXYvUopmIFO09BYqr4ENw3rMxUmNvwJ8zVqk5p9kwX9b61Qa&ccb=10-5&oh=00_AQHdqrM-__A-GN7VEDrL_9iGWaNT26aNH0ciivHqC6YTHA&oe=6AA48033&_nc_sid=201bca
512276036808934,4oormcsrucb7t55y3g4lim,1539876441181,9.2522277832031,-46.747707395761,-23.524463427543,https://scontent.fgru6-1.fna.fbcdn.net/m1/v/t6/An_3dokxHJLaR6cqIsy5hVaJ2vOPpjX3cqw7LjwmRRJN_3agdqe527hmpxposqYbTUD-zIY40snaE0QEY9h6la5jmnk5TS6BD_O0MNiWK88p5BJIgMwFTSIWiK5-cJkum9UjdvJkVVX3BKxqMrpG8Q?stp=s1024x768&edm=AOnQwmMEAAAA&_nc_gid=m-ar5jfvd3L38Ugt_jbFwQ&_nc_oc=AdpVRrCrkmGWcIkmgNdTvb21NEmzLt4pBQnNBjL_jbWocMbUdil8-NAcjdbl7iyvxs2MBACZT0gAoqk3DuYoYRjQ&ccb=10-5&oh=00_AQF0JQgFUWGsq1ZMXqjMfjMy-MO5NeBNaQlJs_0LE9RGfQ&oe=6AA4892C&_nc_sid=201bca
528453781647826,4oormcsrucb7t55y3g4lim,1539876809129,335.77197265625,-46.754348463381,-23.502179094822,https://scontent.fgru6-1.fna.fbcdn.net/m1/v/t6/An8xkvUUZeUFUMN5ZNOWnzjcOKOvKK_j3Z_nc_3XiDPVFmPFZE-IRdeNWi0Szowm-PsRAv42Wa2Rlb-HfzO-zaCdKl6m8zNhWAZf_1a4udaSbc1Tu1LK39wNUGVsDI0nqL6CTT8yij_d3OMsYH-Bnec?stp=s1024x768&edm=AOnQwmMEAAAA&_nc_gid=m-ar5jfvd3L38Ugt_jbFwQ&_nc_oc=Adpp3Ott9M0e6dG1Dz_nOnE4wOqyZI1T9ou3Adjlo5r-Sd_vtqLDNHH2DZik3TD3ZwSKNVxNikM-hD1V84zIdWnD&ccb=10-5&oh=00_AQGC3LdPHBESvnQN4YikhaT7vBtbMRXHAMk9PTglTDvgYg&oe=6AA49551&_nc_sid=201bca
4077054255713743,4oormcsrucb7t55y3g4lim,1539876585145,86.933807373047,-46.739153242805,-23.518311173702,https://scontent.fgru6-1.fna.fbcdn.net/m1/v/t6/An8EZ7_8-JK-LhQdNv7VYQjLe1Xv7VnvRSLiZiB0bMBNfh2X9_UeFNqhOR7__vCa01rRnGAk_AJ2HNgoYwF7C6717_GKrt6VAXYllqoJaLZWcz6vQRAzXkd8bRmuyZDW9s4TfO5wZdjHaLqprPRFWTo?stp=s1024x768&edm=AOnQwmMEAAAA&_nc_gid=m-ar5jfvd3L38Ugt_jbFwQ&_nc_oc=Adqb1C8J0M0Blj6WIBnY1o_XSi_yuf5wJA7PHWeL0UKhl53_8YLjzQcDwQ9Puw78ELNeTr48R2mtzLEcwtZktcEQ&ccb=10-5&oh=00_AQE_tivmKBtA2Mi5VFqaGbn37VwLOnSMc9EPfW3tmQNjLA&oe=6AA47B13&_nc_sid=201bca
748081782529845,4oormcsrucb7t55y3g4lim,1539876532148,31.736755371094,-46.745837127986,-23.519769566516,https://scontent.fgru6-1.fna.fbcdn.net/m1/v/t6/An-tz3bplNMKKZOqyUngbhRPuzGzmjXLxT01LW98uGppSRWATi3ofZxMYsCcIQ08WJbXkqGeTBuBG6R-WnPAqgZcUbwP4RcOILhOjk-YMzZdvjvGUZOPd0x-XaRJHtjJDYbCAqMFCgiIJ1pJdSG51Yk?stp=s1024x768&edm=AOnQwmMEAAAA&_nc_gid=m-ar5jfvd3L38Ugt_jbFwQ&_nc_oc=AdrxT6eoYCl3JfrUIIyWMdrEhkq3KoZYyKRZ1Gwo-P4ewWddv9utU-18DcTsiFVhmwqP9rBmfvithjrMyQarocIE&ccb=10-5&oh=00_AQGPCxc3YX0yp4WfExXD6idyjLaWy9COd6irksWVh4UPxw&oe=6AA46CAA&_nc_sid=201bca
917700692106119,4oormcsrucb7t55y3g4lim,1539877340152,297.86083984375,-46.805216415007,-23.414761664146,https://scontent.fgru6-1.fna.fbcdn.net/m1/v/t6/An_izPVOBTDirYyZEqgazvv2RoQm1e4cWxLa7Iy_VhoIselNsh9HGqSMeQAS29rAbEZ3Go-VwgGDTiw4RdUJOKH9BvR3ULVQUjqXmPGiuai6G3Dv2zyiXd3wUzalux75dtMcXI13IPNXUsXjItod8Q?stp=s1024x768&edm=AOnQwmMEAAAA&_nc_gid=m-ar5jfvd3L38Ugt_jbFwQ&_nc_oc=AdoJJtQkJ3-jLk1Uo-zEcOcFPGa4a3gUGN3TV2UL99idvVVduhc5jjaykWACyOZuNLRSPmSkudI6JfP5hDE0eOIP&ccb=10-5&oh=00_AQF1GyqubI7VuSCnTRQPhqHw-DuqRfRgaBVYRHHKMLNrAw&oe=6AA48AB0&_nc_sid=201bca
182805537048434,4oormcsrucb7t55y3g4lim,1539876397100,335.47589111328,-46.747482820578,-23.532803278548,https://scontent.fgru6-1.fna.fbcdn.net/m1/v/t6/An8ePlvXmRQ48ManvBGx9C_0lJlBILpNr-mrduzT0EcLPAKoURoEsIBbiTt38fsgE_SJBiFzgAHepXAE8ZiuJmMaX0xMEhNMzmfpElNC0ouGX7t0C_ci0WLMaLdt_l0yarU6v-4YOZlXLiAeoJ2nlA?stp=s1024x768&edm=AOnQwmMEAAAA&_nc_gid=m-ar5jfvd3L38Ugt_jbFwQ&_nc_oc=Ado82s7g4ad02s-FBVK4ysLIsT8X86mF8v2j2jkYr5x0zPpM2VOyJvdV6ly7BXRX6ammQ26QVUSoBFVZps7eE3vT&ccb=10-5&oh=00_AQFWiTBDbatcfRAnEL5MXxrmoXXPIUsduXOd4_tH32Jbtw&oe=6AA46550&_nc_sid=201bca
469572894372909,4oormcsrucb7t55y3g4lim,1539877279154,302.29150390625,-46.794244506571,-23.420695381143,https://scontent.fgru6-1.fna.fbcdn.net/m1/v/t6/An_g5ksmXBzhDaWmn1bGW7sEF7DimKNzZL7dSbnxTooFXgnyncxLzUEDIy1YHyMt-t695IoMXFiikLX5zH1LrtATe4U67IOcRDKDPaFHTjIXAi9BzD3Jnjw_9YVpA6gT-sH7jYY5zCuYV9RTYtSdYRI?stp=s1024x768&edm=AOnQwmMEAAAA&_nc_gid=m-ar5jfvd3L38Ugt_jbFwQ&_nc_oc=AdoiJ7zxWpOlkRaq7v7DOrxy3q8H5Rpx_0xJyvXlac336MvudANZg5JduJSIMZ97qHNy9_ES3AaGI70AfKxYr_az&ccb=10-5&oh=00_AQH4qoyMssoIZyOKkmnydbtB0ILwcRAM2g_l91otCGpLRQ&oe=6AA481DD&_nc_sid=201bca
487356752597523,4oormcsrucb7t55y3g4lim,1539876709145,280.99230957031,-46.732677689357,-23.508541834975,https://scontent.fgru6-1.fna.fbcdn.net/m1/v/t6/An_7P8S6X11B16TpqCVIftV-4AGhfB8qiW7fqnJjC3Q6VWSZmg3sSH9okpzspkGVZDj6anO2Dfkk_CWMSClEY2WhxFgjUzZmYBZWnBStL1eKhiIYoZHcwVTfLrzgrKnZ_xgQe1jYfCjHQT7DF5GELA?stp=s1024x768&edm=AOnQwmMEAAAA&_nc_gid=m-ar5jfvd3L38Ugt_jbFwQ&_nc_oc=AdqBclo7QU3LEbyel8TJSA9qQpse3IGdv6t-MLgWyJstFcBaMCq_ZXbKnTIVFUKOZdvtZl7d1dxgctujitp1Tt_n&ccb=10-5&oh=00_AQHyONgXmxAPxfHSq3bCNHr_DKx-8v4WtQ9jAXZS_Am7uA&oe=6AA46284&_nc_sid=201bca
489507305629801,4oormcsrucb7t55y3g4lim,1539877186165,348.126953125,-46.786246775158,-23.435157229121,https://scontent.fgru6-1.fna.fbcdn.net/m1/v/t6/An8t2et_y6h1udoF4UB8J2A5wUz3gql4ysSgKztXu5dhz8jmqhxsKZoYptnLcwEbHEVd-H8vft8N__zue1CAFEL1uhKLkdo6mMKpD-BTXrfjlkCIpuY-3XtMDCL2uU-eJsfsIsgFbC6QmCXU1bmd6A?stp=s1024x768&edm=AOnQwmMEAAAA&_nc_gid=m-ar5jfvd3L38Ugt_jbFwQ&_nc_oc=AdqCwYJT5PczQyuN4WEdG8AaySBcaydLc9E3u5Pztixq8TAAf9O2iY4dqWHjE0nlW2TpsUMAVJJdeGzqeiDCgHgE&ccb=10-5&oh=00_AQGHvoWbaX7oUHPG6sIK1fN9862ae2awUsjUlKPGw0OFDA&oe=6AA483F8&_nc_sid=201bca
613784479579749,4oormcsrucb7t55y3g4lim,1539876624149,82.181182861328,-46.732318116059,-23.518399813779,https://scontent.fgru6-1.fna.fbcdn.net/m1/v/t6/An-AYk4pJOzLB7zQ8_x9FsQWtNZmzsqowIfbwyzimp5S96zkEZjJhIs5m0R-VRJXWkX7CtKkxoXGtnOhRgyDLyT7Rh8CjoYXoFiZ9pwvgivlxSDqd89fjsscm9_Y5kyyo-ieY8HzSwaYYVoTQVYagWI?stp=s1024x768&edm=AOnQwmMEAAAA&_nc_gid=m-ar5jfvd3L38Ugt_jbFwQ&_nc_oc=AdqyvuVGaFlEColalvEdsxrUmndbcSZmi9R5ZhQpsIrY_z7oYtRvEstX59dRIIf3ibhZ-u5B-K1Wj-jr605wPesF&ccb=10-5&oh=00_AQESnEWD5pJa_MVO4ctx0mXwcHa0NdMf7VwKy8azNh_gZw&oe=6AA48E78&_nc_sid=201bca
1255295634884627,4oormcsrucb7t55y3g4lim,1539876549150,61.355712890625,-46.744847112122,-23.51906088774,https://scontent.fgru6-1.fna.fbcdn.net/m1/v/t6/An-Fbt3ps62_n8G1im_Hm5jNGkp-TLeaVSXllIkGgWpEqw1b4Dso5OapHFAQpNRw9ml5Zigq40bQTEqkfU7rkn6uq81vjIKoUZIYdyof6bU5Nb0_QESdTKj6v5K9llnOKGQJL30-OMKppUd-LflNkE4?stp=s1024x768&edm=AOnQwmMEAAAA&_nc_gid=m-ar5jfvd3L38Ugt_jbFwQ&_nc_oc=AdrHvRmMnymP6Amvo15v7A1VTVkTAgLeOboaA5DR_wrnTAseEgW2VBWZ_pnWhgAPbFsbskV27yH7xWO9727Z2lyq&ccb=10-5&oh=00_AQExKuI-6JWht0bCFrA1Yg-HZFPx7KUdNqLWaFpYXqAGsQ&oe=6AA46B9F&_nc_sid=201bca
220482972835782,4oormcsrucb7t55y3g4lim,1539876552149,60.15283203125,-46.744491584024,-23.518869515377,https://scontent.fgru6-1.fna.fbcdn.net/m1/v/t6/An_r_SW1OUCH_M2pWIyDmMbUHg0qNFg2QQe_Z4TbXuCW4SgRfyCee17GOhUUi1oclXbXWmGmUFwhMYRCqrYksB9ZNUscdBDMO73Z52GwkzAXdNnA7w1hb1npUgEw3Jox401tqrAa1cxmCIf_Cd8yoQ?stp=s1024x768&edm=AOnQwmMEAAAA&_nc_gid=m-ar5jfvd3L38Ugt_jbFwQ&_nc_oc=AdrxpQG_LAa9EhB8Qm1YyxnT1XCxl_OvW1cfVuhss-EecaP5VglhUaVfUw3mDJHTfKYDp4Y-kRZZuVeOwO-zDJ3z&ccb=10-5&oh=00_AQHi4NYt-y31rZy3BRAZ4s_oTEjY9pCS1ft1cfXhYDpaEg&oe=6AA47BDD&_nc_sid=201bca
503086554060921,4oormcsrucb7t55y3g4lim,1539877157158,11.156585693359,-46.786339894831,-23.44158407521,https://scontent.fgru6-1.fna.fbcdn.net/m1/v/t6/An9Zalp5JhzyPWNQPBjHFPmJMpvR6KJHL4h6xZ1OkeQQCtVyBOPjbfYld4jGKVyJTlj9p7AAsSk-AIuX2uriflny7NTc4YvJyNkytcRa0hcwo-Y_ho07oUTBgQWA90vi5luZDsDnn7XvTP_YYn39Qw?stp=s1024x768&edm=AOnQwmMEAAAA&_nc_gid=m-ar5jfvd3L38Ugt_jbFwQ&_nc_oc=Adq6fpx-MnqjkTXYFw7J-kXb7-y73zfo1jS0gCuLP-zvAmoocg4LoIxuxzy0NYMDFJYr8xi7qDMa8O_47bYuvfK9&ccb=10-5&oh=00_AQFF94Y6BcTwe4j9tlQ9593tb5oxNsLx_u6fMiTkZVjYoA&oe=6AA47FD5&_nc_sid=201bca
213850256941460,4oormcsrucb7t55y3g4lim,1539876541120,52.476715087891,-46.745252926344,-23.519283092838,https://scontent.fgru6-1.fna.fbcdn.net/m1/v/t6/An94B2SmdAsD_c5YNntmTUs66QYnFI2uPJx8UYq6Vpk5s8J0zZY6Iovgj0Qan46Gox8Ikj2rzVKLYLz7l6eVzoM8_GyBnXkFZNMI9Z1lR-_MHWgcwYPqUkC5t_gVJuJkU4qhB-oaa-aUFXdMSt0MEsc?stp=s1024x768&edm=AOnQwmMEAAAA&_nc_gid=m-ar5jfvd3L38Ugt_jbFwQ&_nc_oc=Ado-Yc434MfB-Fki8oD5mctCC5jpF5KEO37GpVvje3vab4W5HNnjLzFUXKEv7I9P9FzKm9bc_HkaB1kSIBjj8CPi&ccb=10-5&oh=00_AQEyqZkwlX8WCGuhSX0PRl2sCvL3NnxISmzp-S6YrxnyEQ&oe=6AA47B13&_nc_sid=201bca
838919960310150,4oormcsrucb7t55y3g4lim,1539877209153,352.54699707031,-46.786985833726,-23.430188777215,https://scontent.fgru6-1.fna.fbcdn.net/m1/v/t6/An98yCiGEmFItu6oRy9CVl0T4XDZ1myXlUn5bQz5h_bEmWQ3wFryrOKxOSTwr9O2INPCdLSydgWLDTq25VdBtJzO6u_emz56SmZoWMw1UtYYeNSUPm2YF0sujGjhJDgF5qurI5ZmRxchuWze0oVT-A?stp=s1024x768&edm=AOnQwmMEAAAA&_nc_gid=m-ar5jfvd3L38Ugt_jbFwQ&_nc_oc=Ado-OCrwVcVpegF4HO8jibMA3dbBSc16tegm730UCzcOHlEGXQZaDMoZPFxmqibr0Zk6RZkbEPDYxJ4opbRM-wCo&ccb=10-5&oh=00_AQFxdm0gwoxbJQ-w7uDbAQFT-kmh_G3ew1jD9XaBao4yIA&oe=6AA481B3&_nc_sid=201bca
2825630024356457,4oormcsrucb7t55y3g4lim,1539877383146,268.08148193359,-46.81414618389,-23.410488810363,https://scontent.fgru6-1.fna.fbcdn.net/m1/v/t6/An_J8vjmEDV3gFxYygeF0-OqcHL7YX4pHZYlyo3eapRiaY6Z80i--IKfGmcPIAs7ItavqEOQbdMCcbdU34eWCWs0uN2WN7VCkisBosjPcM7wwkBbepxCSdSkJ29IjpOOSIPRTqEDP8r_yY2naebONw?stp=s1024x768&edm=AOnQwmMEAAAA&_nc_gid=m-ar5jfvd3L38Ugt_jbFwQ&_nc_oc=AdrJhgiLIi8dpGzQpdwMVAPqzdMcYDXu6BD8YZ5KFI9XTane4Yc25YHtr-nZkgk_KJUI0m2CR-AbwVqjphyI2o5M&ccb=10-5&oh=00_AQFBPml0BJFszmQsooMNdKd4nKGsqZeYqFKf0zt4h1RgkA&oe=6AA465E0&_nc_sid=201bca
222194265955224,4oormcsrucb7t55y3g4lim,1539877221163,351.943359375,-46.787321154007,-23.428168833087,https://scontent.fgru6-1.fna.fbcdn.net/m1/v/t6/An-sYkY6TSSieAOA2dGnWuYfa4EoLBdGIZ3YY22nK3dayWU5BqjHdAAOTqEuUFhcGQ6yVFuWqdUSks1J1ux2gmn93h1VkVlDfKRQiiXxs0_7Sb_s--9EmTwgvVu0VLw0s51k3_DKXmNY2WCtr6D1aQ?stp=s1024x768&edm=AOnQwmMEAAAA&_nc_gid=m-ar5jfvd3L38Ugt_jbFwQ&_nc_oc=AdoEvSKnr5Xma3lI7cF-e9ow7uDeykMkY6og5W3c6GIiWlajqGDfYFYtIVdTUUUNWobS16XivFl0BHjOUn5Iersc&ccb=10-5&oh=00_AQGM5rrbH00s3vm38zmxCZJoKnW-Ah73TY4SbCUFHUNyPg&oe=6AA47E0C&_nc_sid=201bca
255896522940498,4oormcsrucb7t55y3g4lim,1539877009172,317.52600097656,-46.77846037202,-23.471057159686,https://scontent.fgru6-1.fna.fbcdn.net/m1/v/t6/An89MpWUsPTg9hCvjCaIDDFXDzQkjR3VeH1hGjyXSgNqCIfTgIv7vqP_CcrRZ1PJka-ye4t6JxWBwm1yyqtq5UumTliZZDbkgy4tMzVE5l4FN6mQR6fcW333utyIsqJTJuy3zEo-F0Sdk76yZF-4pA?stp=s1024x768&edm=AOnQwmMEAAAA&_nc_gid=m-ar5jfvd3L38Ugt_jbFwQ&_nc_oc=AdrnFTK3yKMAXsLGN2HazShnJA_ug_jNhyvN3jeYCGKVBo6Wacm_Dvnj4ufw1yar2aNUCK-Xcq77k1LV0hZrwehr&ccb=10-5&oh=00_AQGGkeVdgpuy-jrVlVyv8XZPdf15zTLs1fjZckfqxyIsZw&oe=6AA471BB&_nc_sid=201bca
294960562107927,4oormcsrucb7t55y3g4lim,1539876536140,68.569854736328,-46.7456038519,-23.51949070806,https://scontent.fgru6-1.fna.fbcdn.net/m1/v/t6/An-mW7HgnKmwFc3naA--66PA9X-fZQ2CtqL4fM9Gj7xCwBeP4dTD4xRma7aE_5TM6ozn6NZTIxqMw0DQk0O3VWafyDrTXU8m4k3hJc-7p2ZKhNZw8ehMlDRyQbVsXAf5V64Xkg0JQIpKTxcKOyVG1OQ?stp=s1024x768&edm=AOnQwmMEAAAA&_nc_gid=m-ar5jfvd3L38Ugt_jbFwQ&_nc_oc=AdqO9xk4pX_GmI0s4Y26cBfgEkAzB2vQmFIqpWt4oDRPe9SsW8vDoJnMKSoKgO2-1XSvCWX9j8kPY10E7BOSGveF&ccb=10-5&oh=00_AQGbjAlrHWHNijn3J8en88qq06MdAqxYlmWbK_ZtbK2EZA&oe=6AA47ED4&_nc_sid=201bca
4028930193817627,4oormcsrucb7t55y3g4lim,1539876456184,15.052459716797,-46.747352593407,-23.522789855796,https://scontent.fgru6-1.fna.fbcdn.net/m1/v/t6/An_zsZP8POR_V0LmfcnLbG-ERchiD3j02sL-hG3b9BXK1AZOE6hffSaU9ZmgDWtfkxFySq_YkpLv5Imu-hiYtpRqBVm-F6mAi6WPZkPucse_HzLBoF6j4z5g5NsgxpUK7Z3kw0Qi4kf9mNu4T-BASEc?stp=s1024x768&edm=AOnQwmMEAAAA&_nc_gid=m-ar5jfvd3L38Ugt_jbFwQ&_nc_oc=AdqLyjxlcWdObLlICx4oAHHcAUseN_VXctO2oTgD6vTJt5JVvzJvMQcXq6kTMBzkf6Gb8CJnrB7tA-jL5o-5ZoyG&ccb=10-5&oh=00_AQHq0Bt7EcHGIreQm14YJGj9TEQJ-lrDlsSSI8BUmWlyUw&oe=6AA45FBE&_nc_sid=201bca
178137270757685,4oormcsrucb7t55y3g4lim,1539877130152,1.6477966308594,-46.787409070049,-23.447055461524,https://scontent.fgru6-1.fna.fbcdn.net/m1/v/t6/An8xdxL0rLxq6Dh89s94d6e9vrZsIyYAfJsarvAOgiYN7bae1obOTjoLHjJ8cV3ym0KqJTWSvwva-ByUcTM7-03NW8qZw3nie8ixdHDIPKuvA22Uf4UKKgEbf38TvZ4gxV2dg6BrR3TbceuMB2DJOg?stp=s1024x768&edm=AOnQwmMEAAAA&_nc_gid=m-ar5jfvd3L38Ugt_jbFwQ&_nc_oc=AdpLxM5-mFJRHbv4d6keKXFILDTQwqEZY2rl8tfT2gA3nrq3HQ4wk5aluWxfsaMFVigrCypnKoJzKOTh2_OZtJou&ccb=10-5&oh=00_AQHPbOc6kiW1ywc8QA0MKbfcJcLEVTEgAbTl60E1ikkArQ&oe=6AA479EF&_nc_sid=201bca
284703026637775,4oormcsrucb7t55y3g4lim,1539877021158,6.0298461914062,-46.778848663765,-23.468961627585,https://scontent.fgru6-1.fna.fbcdn.net/m1/v/t6/An_bBiKn-X6zj0yP5om6o3QjQPytFo-rXvZ8xHRkGeyoTU9A-_u3VHJn1AKMxEwD-AdllbwssMPb736O8UwZQ3pxTuzxewcJipyolfokavdfB_EEfuEeysHu4IYTONZbzgFZic2uJgzgYom2FtbLCA?stp=s1024x768&edm=AOnQwmMEAAAA&_nc_gid=m-ar5jfvd3L38Ugt_jbFwQ&_nc_oc=AdrpM5wqIm9-mQZPGH6dribhXcO0C3lhhiqJWL3HpOlOpYYKgHC1xnEmitCIRo3rhou9eJskKnsFE_p7eeZloDxG&ccb=10-5&oh=00_AQFnRtyaLOhrlWvNr0FwQGQ5ZmEgdVoXUOMCLkCi-McnpQ&oe=6AA46FCC&_nc_sid=201bca
295765662183678,4oormcsrucb7t55y3g4lim,1539877078145,324.26086425781,-46.783367746641,-23.458153942185,https://scontent.fgru6-1.fna.fbcdn.net/m1/v/t6/An9bW5bB7iCAkMPjdy9Snbm0FFQ1kiHKfemgrIcFFZdbXg0NeMA0JcThb7qomozkO4IcNsZMYqGxtzf0tCCOGceQnJ3LZyFYj_PLlquCtZXwUvT_XTINHNYHx5KyiJVHzbsj4VEi2PlMMv7Xys7-mZ4?stp=s1024x768&edm=AOnQwmMEAAAA&_nc_gid=m-ar5jfvd3L38Ugt_jbFwQ&_nc_oc=Adre03nF2Sz5FYdlusoIRax2FeMnsbUEGhMh5-82MhDe9pocw7Ug_LAIgrmjHoj9xGusryJre173682sJ2qIQb6s&ccb=10-5&oh=00_AQEaB7te-r305ZI3ulBtnz1SEcedEErRx2jVD1auJP9blg&oe=6AA464CC&_nc_sid=201bca
556104225538819,4oormcsrucb7t55y3g4lim,1539876553153,55.309448242188,-46.744343841067,-23.518775744585,https://scontent.fgru6-1.fna.fbcdn.net/m1/v/t6/An-T6dQ_5k3RuUJiXML8a8ooh4U2nahLwE8fQ7eDDlAnDGTgD-bVFHrZavJVhb1dr692437daCM3y2j6-IBpjQQzkkxtT7OhggjKLDgqCXGOpw2ecPke7B78N-xcgK8gSYyuq6aAk2X2MbTzZ0-bfrk?stp=s1024x768&edm=AOnQwmMEAAAA&_nc_gid=m-ar5jfvd3L38Ugt_jbFwQ&_nc_oc=AdrYJ4AsCs7MFFkJPAOoq_YraEps8UAC1-pCu9gA7I7_Hdu0Qu14NdQJl1dkw86Q1N-7QpnJOg_HOuegqQRqhhRh&ccb=10-5&oh=00_AQHzU8yRhjSw-jNuozmf5TFVS26OuUAgtCBvqgf4_Ql5Nw&oe=6AA473A9&_nc_sid=201bca
800286530864586,4oormcsrucb7t55y3g4lim,1539876948132,8.82373046875,-46.770577940192,-23.480240654035,https://scontent.fgru6-1.fna.fbcdn.net/m1/v/t6/An_lrmGZ-7aeOffO3FApl1iUIrU_1-sADp4JOIIZyU601VkDr_ryF5gy-29xMR7n1MY2Opf2EuXsi5Kwp4xx5rKiVktKPO5wwC36vWzXBs9wagje4xhZzhK_SXpIznWBiR6KZXJBIYD9yvMJuU1v7A?stp=s1024x768&edm=AOnQwmMEAAAA&_nc_gid=m-ar5jfvd3L38Ugt_jbFwQ&_nc_oc=AdoHOnEbctCATzkIkeylWBO-A5GSXFg0fHTr_wIlHociJVrIBUWCIhg_qVYNM3hncoHCk2-XclvSu0p0juM13bE2&ccb=10-5&oh=00_AQEdja8_r5VDNPIT1yoh9QmdvWaEtKgMMkBR-KrCj4bYwQ&oe=6AA47F23&_nc_sid=201bca
137718231708012,4oormcsrucb7t55y3g4lim,1539876545128,51.9541015625,-46.745116118706,-23.519210490432,https://scontent.fgru6-1.fna.fbcdn.net/m1/v/t6/An-VESEI0hs424KSaCYIEybW-ajSVSLVD4HGtMK5xYqFmpS52AKFf0tPvLroP-VMoVGOOR-yNy2g2GTPFEozU_ixVVvlOyMeDlEAY8NJ8cKNYNx2s32iPu5XJDITAo4CYFf6W2C7uysY7VesPmWRjA?stp=s1024x768&edm=AOnQwmMEAAAA&_nc_gid=m-ar5jfvd3L38Ugt_jbFwQ&_nc_oc=Ado_eorB899IYTKG2sD_aeWLdaLLITxfBKwkTm6vhTK3iYW2j2_hwlPgh42Bs76NyNCY_NHvb7fMbETAguKmXl0R&ccb=10-5&oh=00_AQE_s2rWDphrCW8YyMcKncnHaKqT9WmxlDQSBrWZ5O04OQ&oe=6AA4831C&_nc_sid=201bca
263243798816099,4oormcsrucb7t55y3g4lim,1539877091145,326.54986572266,-46.785351434869,-23.45551597737,https://scontent.fgru6-1.fna.fbcdn.net/m1/v/t6/An8HVcO1kqbubmHndSvpdrvciu38x2aUEPAq97O9A4yQdHzlRhpZ5643Y_rLUtHsjxVGRVUB_jIVDFUEE1N-UzjoJdtOBs-gqhnR0gFUu_KM6x3gNTgSSf0Ihkvs0Cdwk4dxvDyR2rkmL7cFRgApq84?stp=s1024x768&edm=AOnQwmMEAAAA&_nc_gid=m-ar5jfvd3L38Ugt_jbFwQ&_nc_oc=AdrUGKXDmoFtvHtQZH_BeB45VvdoL44z86c6rbjirRhsMj9Ik21evk-8MBpnE7EYN7gm-qtJlHImJWNM3TlDvme0&ccb=10-5&oh=00_AQF5itSvTixAEBEaGZnGNo_NRV67Nu_q-yGSHXhDjw8uVQ&oe=6AA484F4&_nc_sid=201bca
755479641829343,4oormcsrucb7t55y3g4lim,1539876565154,82.035461425781,-46.742327751573,-23.518173605718,https://scontent.fgru6-1.fna.fbcdn.net/m1/v/t6/An_5EDwZKiZ7JZCJN1BmMsPl-xAtHu65PNGUunaIzFIwlHDuQ_QPzZt6-nxH_3iY6fWto_WMYvUWzos3O2TO968vDa6L6I41OvzJIwZQdezX1tzz48MVdAZO5R5YUxl0_2hjtD7expmVmnN8v4JFvKk?stp=s1024x768&edm=AOnQwmMEAAAA&_nc_gid=m-ar5jfvd3L38Ugt_jbFwQ&_nc_oc=Adrlcj1dlbsmdQTZT1D_pMQkqEIIytzIc3u5Qp60LRDC-iJkH5ecgeBSm1sebe3f31TEMgPIK3u40YPIwI78FRm9&ccb=10-5&oh=00_AQHNAXWr5Y0BBorioQ4KTw_N7HrX-dcClay4MqXCU4OnUw&oe=6AA46D91&_nc_sid=201bca
809725796592227,4oormcsrucb7t55y3g4lim,1539877124156,350.29638671875,-46.787313265701,-23.448381673754,https://scontent.fgru6-1.fna.fbcdn.net/m1/v/t6/An-ZdcZ91O2FJW69_342N9FQttgHLibKXJygj2J8HSLLqkE9V_DAgHsXw1Nk1rrSWTcc4eDDMj0OU7QYQoIGWVAul-SOVxNNeoY9WZlxAaUHmi8hyyonNhfDHFuCrbV0D_Aciotlr2k609o5mWM8OEM?stp=s1024x768&edm=AOnQwmMEAAAA&_nc_gid=m-ar5jfvd3L38Ugt_jbFwQ&_nc_oc=AdpK4I0hVt2SfF7P0sxDK43LuPbzNd-MOws6Q1ajyHgqF7MPsA2K0lA_qKrwA8ZsQgOL440zMok7DNMktKZAfoWK&ccb=10-5&oh=00_AQErkSYgipe23u4JPlHXyhsz-HXrM1NYf_bdHTFeZ0LghQ&oe=6AA484C4&_nc_sid=201bca
477424586827695,4oormcsrucb7t55y3g4lim,1539876570146,91.505310058594,-46.741492703198,-23.518224108731,https://scontent.fgru6-1.fna.fbcdn.net/m1/v/t6/An_QJkECax9TNvcrDZi-JpGDfJ7ahADafRuEP8kk1gAHXQQs8wRfGb0jG58jjKU75wH4UoKk3eGDdx6zqdUAEeivyjwnwOD17IYE_FqVwTk47OQ-euOrZolwyEVqPNgYYDpnmrvJVCGrXonZ7PMPrw?stp=s1024x768&edm=AOnQwmMEAAAA&_nc_gid=m-ar5jfvd3L38Ugt_jbFwQ&_nc_oc=AdrC4n3-pKkrvSzzaVaOES7APbMk3mDhNTple4ZNGyZxpx4cDwUoRBdQpLkq6GzjSSE-ywLtSWrFmqKD_rvJiT5G&ccb=10-5&oh=00_AQGlSh4HilhjDimhi3oiGQq3GaUylJzH0EM8zNnUkbTl2g&oe=6AA49151&_nc_sid=201bca
1905136896311283,4oormcsrucb7t55y3g4lim,1539876531141,40.521514892578,-46.745880411863,-23.519833734723,https://scontent.fgru6-1.fna.fbcdn.net/m1/v/t6/An8Y2wRImlAIMYRewrGmQLiY1gUoiGHO3OLo-ooY_oO5YsJY3D6hzjPZDdWLmn5Ny2CgAtedf2Vke5nuTMlZLkRxEBVyJSWkN9yBuqK-letvDoJeVW32-RUApClbmU0FFbgxNwSwJ61qcUdr5y7vNA?stp=s1024x768&edm=AOnQwmMEAAAA&_nc_gid=m-ar5jfvd3L38Ugt_jbFwQ&_nc_oc=AdpB52VPaYZ_CDzlPU07_7uE8-MOR9e2ZR5EzLQa-tG0LQroNX7C0aKo0nO6PpoxVsNzSFx7V6Vap6K014wH1fjG&ccb=10-5&oh=00_AQGK3oXDCP-tbhrhn6jk4ROzut8dCTGxfey68DKycHoSkg&oe=6AA46B82&_nc_sid=201bca
508903920302011,4oormcsrucb7t55y3g4lim,1539876540135,52.911499023438,-46.745298826988,-23.519315414888,https://scontent.fgru6-1.fna.fbcdn.net/m1/v/t6/An9wMvzMzWXAqpUdYT6ENQEgCTIpPGrOhu-Pu2GDpuOnsq47nFPQv-PVriWnNaWC6igGT_sn4h2xbl-akqpJ1fPZaybFOW50mT5-zRlXSLInP9mtHeAVo8fJsgXNZfiX-uQOxi79x-CKEMAge2GS_Q?stp=s1024x768&edm=AOnQwmMEAAAA&_nc_gid=m-ar5jfvd3L38Ugt_jbFwQ&_nc_oc=Adp9xz98XHx00zAvxb2ipPQy9WqBaabrnpnqfn6kQyRjqK91q6YmxXQlUATz2uVHwnQdFjcnTV_P7hWvRHpq_Twz&ccb=10-5&oh=00_AQFPCXGWxuNEz_cVnOeZOSLMgoAlUpUL4UetoC1_M8xx_A&oe=6AA47911&_nc_sid=201bca
274311224413235,4oormcsrucb7t55y3g4lim,1539876539149,65.089538574219,-46.745359420835,-23.519357417103,https://scontent.fgru6-1.fna.fbcdn.net/m1/v/t6/An_OnQY5IwjshJuLhVJtsl-Y1QzkCylw2-LTUROJ1qthMXjInuG2mZPKByxgS4eK_5RGWYK9-Sp18WbNQ0eRU-ml6oCGyP3Vttsehk1CLBJfforuu3ChQZZf3dWfd05dZAqaYcW3yD9Z8tGsMsquLg8?stp=s1024x768&edm=AOnQwmMEAAAA&_nc_gid=m-ar5jfvd3L38Ugt_jbFwQ&_nc_oc=AdoVkwlL9EnfQ623HrVjnA3-h9z9gckvdvtUpKs2D6F-TXbfG2NVyK0LXBes1d_dsSBvnoim18w468SBJYwCD94h&ccb=10-5&oh=00_AQHpaoUSABZpUL6SJilGcBSU1vLEKGHlUarbyKETtDODeA&oe=6AA47D6A&_nc_sid=201bca
839762399957445,4oormcsrucb7t55y3g4lim,1539876874145,286.59838867188,-46.762621378914,-23.49424658474,https://scontent.fgru6-1.fna.fbcdn.net/m1/v/t6/An--LjUwadGOgo-4kzwrHayO3QgrVzCEE95QcloPpbOkt-M8lChtg4f90q3Uc_-56_0ai34mIhcMRRyQyDCIojsSGbBqO1Ey-ABojqS6RvnfuCVAA81DDO1HPq48MtyjGSEWYPFHH4JWMEasqZHQxA?stp=s1024x768&edm=AOnQwmMEAAAA&_nc_gid=m-ar5jfvd3L38Ugt_jbFwQ&_nc_oc=AdroWAEwRYinK9qR2zuz3iIvHZRidB5ZUSx-ziKB385lTsgELw9BF9Er098eE_5b_lzdWWkyoBj2B2jVBQheI5rW&ccb=10-5&oh=00_AQGqOpKHbxK8A42YxBTeALKMiVH30BcXlFs2n2iOFOMHIQ&oe=6AA4640A&_nc_sid=201bca
4249569251733059,4oormcsrucb7t55y3g4lim,1539877055171,318.18701171875,-46.779735157611,-23.462822796896,https://scontent.fgru6-1.fna.fbcdn.net/m1/v/t6/An9cEeL50uAEYviiOPuIMyfiAeC2-UcXodOtGO7qFLgkyiztFdeRSoe6KnoCD8asrGohSoz-p_ykTkp54MWAO2GZAKaDKT3gBZouZNzQSjS79DkG_ltbSnVeEtILJmuopTjA3P46hOQXnTu9J0NCVQ?stp=s1024x768&edm=AOnQwmMEAAAA&_nc_gid=m-ar5jfvd3L38Ugt_jbFwQ&_nc_oc=AdrIqGtBKY9xLlK1Au_SAzJYyGfUvGMtG141K7lv6TIZpNMzhQJZQCbhUgcr-BgV0XIgWPU8Vj2NexP8lqaut67e&ccb=10-5&oh=00_AQF_fJOg7TFgz66fx3uqdKONzVckaMZLZgxCBh1WjRpVIQ&oe=6AA488FD&_nc_sid=201bca
307396847658453,4oormcsrucb7t55y3g4lim,1539876556143,60.346557617188,-46.743823234948,-23.518524429476,https://scontent.fgru6-1.fna.fbcdn.net/m1/v/t6/An_8Q0qjs-r5xa9R9RAHqays-iIgMfxijY-ckNXH6n8VeLtcVeAc5zZN9S5dkPh_o3xHn9Q1Dpy_DFowz7m0ife87hBJsDqSJXk7kvgFaZTYxmJTn_wKVl6cMb2p0PEfe7npgo9dxJJgiFk7MWNsXUM?stp=s1024x768&edm=AOnQwmMEAAAA&_nc_gid=m-ar5jfvd3L38Ugt_jbFwQ&_nc_oc=Adp6GvzNlZ1A8xH8HFDMPi0IzY2kFqRWxtg-V4gXvNKfRw36v4u77EUbZ6hx-QtVs-jHc_W4P-MIjakVUwMOKwts&ccb=10-5&oh=00_AQHWbzZ91PGpmuAFdywH7UULGwiDp0_1_Xkpqu3pG9pHHg&oe=6AA48DF8&_nc_sid=201bca
832525357354930,4oormcsrucb7t55y3g4lim,1539876840137,324.62292480469,-46.755511716332,-23.495048430634,https://scontent.fgru6-1.fna.fbcdn.net/m1/v/t6/An8wVcUuOgFrKGLHJ4r4CM6HBELjP48KRHWlb_0-0VCo66-ApPiJeB0A4NuChq98rQN2DyGFS_cr9rcSPSZkMsDcxuw_5a2CszKzJprA3QBB6_8NJAcji8xqfs5u0LLeFhhubextycGzLcrGxvRSMQ?stp=s1024x768&edm=AOnQwmMEAAAA&_nc_gid=m-ar5jfvd3L38Ugt_jbFwQ&_nc_oc=AdpOL4izEqt6mHb41DYbJ_t3nTWZAatcpZiJ1F5iPVsFiR82tKoEKMH_4zLjdTT9HWvUG27Yy0cmgH4FykdCPpJo&ccb=10-5&oh=00_AQGrj-Yp3NDbfWqNi71sFwBs9lE61ZCk6wHl_DrEaOeXvQ&oe=6AA48F6F&_nc_sid=201bca
2865960276992751,4oormcsrucb7t55y3g4lim,1539877037181,14.3486328125,-46.777775788477,-23.466098066863,https://scontent.fgru6-1.fna.fbcdn.net/m1/v/t6/An-eqZRRZgQpmuy8pS4wCCp13lu1i1Uf9vBRxjw63b1B-azFe6fsq8m4MYKpzkeNyRVE-B1FApGjOfCSXSbRIIilWe0uJp7ZmQqWPlMcIdF8xlz7RcV2HaxyCDVRGrs4xn_AsCFyKSJMCxgF5rIA5w?stp=s1024x768&edm=AOnQwmMEAAAA&_nc_gid=m-ar5jfvd3L38Ugt_jbFwQ&_nc_oc=AdqDvr0D2dIDum8s0Az1JYjXR29W5Jbt25qWu4BPoUW0ZWvUQJ6pZ7yB6wrizt8Agyl8IlFurmh-jKdT7lO1Q-RC&ccb=10-5&oh=00_AQEchn8_sW6WGwCSF0gPAO4_rOzJhI4t6AciGUVfKU93OQ&oe=6AA472FB&_nc_sid=201bca
516629726040648,4oormcsrucb7t55y3g4lim,1539876901116,345.00732421875,-46.766856529783,-23.4900391691,https://scontent.fgru6-1.fna.fbcdn.net/m1/v/t6/An-21uygKZqi6OqMvtvN1U9pb3CoKBIlzTw-b02xX99XDhevaqvfW-fjsy6GpYs7y_Rwb0YGJKkHdI99AcfEZcCfFI-tbM5oWCN6bADqazii7CrOh3yzykkhK2dOceIjjZdK_MNi_w-nKT0dbMrn1Q?stp=s1024x768&edm=AOnQwmMEAAAA&_nc_gid=m-ar5jfvd3L38Ugt_jbFwQ&_nc_oc=Adp0M90kI1jcgsdHSmri9Y5d-2sChCm0G80x_8rYyMvIBfrKfdevTXuUuUx5v-2n4ljnNmvuTv79dzCRQsjrs5MO&ccb=10-5&oh=00_AQFMXsAWvPby325jKYfwTFSOa6phYmC8R4Hdn4ZCE7w9pA&oe=6AA495EF&_nc_sid=201bca
540978400601947,4oormcsrucb7t55y3g4lim,1539876534136,24.321899414062,-46.745753675186,-23.519604671478,https://scontent.fgru6-1.fna.fbcdn.net/m1/v/t6/An-VyIXrPFbZ60EdsASsEKOYH5nDtbqC-SxcdEB-wgX0QNwqXrTDxwteMZ6t6qpxIuMV3BaOP0t0YmGgJyALzWSIfqP8-DYZu3t_p2IE-nUP7S0QSMvYvmLHL8zOlKJiiIXyDjIVjd9IHMPf9gjN4Q?stp=s1024x768&edm=AOnQwmMEAAAA&_nc_gid=m-ar5jfvd3L38Ugt_jbFwQ&_nc_oc=AdrXeWIPE-uPqnYNLsnkc_vm0e1OOA5Q4T1POvguzbzbrp9iQ7W1uvmtWr-x9pvkk7LPgtrOAWQbyLpJMigupjqx&ccb=10-5&oh=00_AQF88MfxGqqA2XKNkWtu8e7bOE2L1iQ6p61k26947CZ0Cg&oe=6AA48617&_nc_sid=201bca
957859531634663,4oormcsrucb7t55y3g4lim,1539877347158,298.75817871094,-46.806722578819,-23.413981441222,https://scontent.fgru6-1.fna.fbcdn.net/m1/v/t6/An_6hZ5FCpPqfPDW7XsRewjcFsijhjRz9YdPmgfhaUmluzY7dT5msVWb9aHdu5KEXS2c3apPrM5a-uMRghhGeYIoxNgIEDruZlTgq8WqVHQ98bM1I4b0dghkymvQ6HC1Q33Dwg3NDGQWq4JUoe6TgQ?stp=s1024x768&edm=AOnQwmMEAAAA&_nc_gid=m-ar5jfvd3L38Ugt_jbFwQ&_nc_oc=Adr3WOPPATOtsXFIoqCCWeDr2y3htD203s6Xlfgc8zVGQbVzh3r2tBntYIx0G7l4wJNWtDZjiy2yQj6rWWxAPIAT&ccb=10-5&oh=00_AQGZONGnYa5AeaogPvKUTGJihU5K5-NNG-IhKKEvNyL_ZA&oe=6AA46B66&_nc_sid=201bca
1677917415931534,4oormcsrucb7t55y3g4lim,1539876813163,353.15942382812,-46.754523127348,-23.501209157107,https://scontent.fgru6-1.fna.fbcdn.net/m1/v/t6/An9xC89CfQPE73Y_Smzwrf0yyt1DoT_8LH31c14mj5KdQkyMhSwKlJAhT8RoQp09ZhgOGQqu-WnudxboBLy5xzybNu5Q3BIa_hHtBjnf4YkMHsyPG7w1H7oqmBC1xU_J6RN2oNnnwlltHay3vcBMXg?stp=s1024x768&edm=AOnQwmMEAAAA&_nc_gid=m-ar5jfvd3L38Ugt_jbFwQ&_nc_oc=Adq363PHCfnKeqOhEMgaKv2L2s-YAmW3i1Y00BvKRV7g0hYM5c4UrbyJ9lyjouCvaKmzMKZa0T9GfCF9dwfuASUz&ccb=10-5&oh=00_AQFXUEck4qN7JOx880nMCyXly2LcrZHU39f9scT6fe1tZw&oe=6AA48694&_nc_sid=201bca
164355702269865,4oormcsrucb7t55y3g4lim,1539876551153,61.481750488281,-46.744637952366,-23.518946524681,https://scontent.fgru6-1.fna.fbcdn.net/m1/v/t6/An9zCFvhiXzpf7LIAuUoxKFW7xtfDD9u5pqYzcuZbjt4bJZbVZ7FWAoYN29_iXsDGkuHaHm-fBRpBfHiZgEf0Pn2PiiInzYHehvVHJzpuG0cbHbOuk39f00J_SHdbpySgV-qGIQs19vlK2O6PdWCLw?stp=s1024x768&edm=AOnQwmMEAAAA&_nc_gid=m-ar5jfvd3L38Ugt_jbFwQ&_nc_oc=AdpWQBQbIYs4q6UfJBGBofmEExw8erKBQA8Xx-XeHsdMh4r0FW8QP6a24-OHzC75wuPbdORgMvJgMh6iLQwQqGU_&ccb=10-5&oh=00_AQG3NMNq8dlAaxwZTSlfWoJ_ZA9anLfmYmo8lX3O8Xc42w&oe=6AA48C93&_nc_sid=201bca
301418164782784,4oormcsrucb7t55y3g4lim,1539876717138,273.68591308594,-46.734580489793,-23.508357596764,https://scontent.fgru6-1.fna.fbcdn.net/m1/v/t6/An80Q8W9mVvHkTvq7GK5Z3N3IwfIdVwGI-66dCOcRmjPGw7rvhicksGV6kbfwmvZYLhtxAo5sTGiSq9Wf4X7Sq8-lph3ursQl3qrLmUBDyA2gLeTEPuYjaszJ5ZytDrku171Wl2LQPjHRx4E7Ks8OA?stp=s1024x768&edm=AOnQwmMEAAAA&_nc_gid=m-ar5jfvd3L38Ugt_jbFwQ&_nc_oc=Adoy8jJSlAnoU-zjNy6RBFyrM32uoC8n5xdMLKpZSLtsiy7bLtcjG1kjVPa6_piXza46O0CoLk70nYuuIMzTd3z0&ccb=10-5&oh=00_AQEybMvEw7R0Qzds-DnKYbTA0LiVDtHTqPwAIG7X1Isawg&oe=6AA47752&_nc_sid=201bca
500482401152025,4oormcsrucb7t55y3g4lim,1539876796141,326.26794433594,-46.752678499872,-23.50463331005,https://scontent.fgru6-1.fna.fbcdn.net/m1/v/t6/An_533cOF6pDq50u0j5_cUvFvwEYRF23ftov5CR28iCATlEzqDQw4uiqT-wAElq00vWEOpXteLeG_OMdnho8hdvlaYP1brdFFDR89TpXaBi06DCQmzuH6Is1VujJLXsrIjGeWAc6AIyYpv3M36GfJQ?stp=s1024x768&edm=AOnQwmMEAAAA&_nc_gid=m-ar5jfvd3L38Ugt_jbFwQ&_nc_oc=Adrnrdkbsm_pqHEbNqztxo09PdPDBAQgFAcdE8HjLAd1t1s0MmIY0NYwiuyDu-0DTiK1kA8v6FbfMH2xB5nXTtN2&ccb=10-5&oh=00_AQG0IoQn6IvqFV_gJWjF-b7rqVNU-Q7Qu9L3wUl4sPk03Q&oe=6AA47E3B&_nc_sid=201bca
502805304243568,4oormcsrucb7t55y3g4lim,1539877034187,20.294158935547,-46.777959349629,-23.466668062023,https://scontent.fgru6-1.fna.fbcdn.net/m1/v/t6/An9f8FFC9QLM3qdpe0vVVaQ-ph0hHiJQ7ISXejPg4t6OL_-Ic8IbOkCup9f8Q3D0qhFsyc7zzf15nE64FGkVeg2FMYgemYXNzklPJmBMOj92M6XVIyTBkYwicDujNuR47AArqsNRuMrb8eBaLiIHJA?stp=s1024x768&edm=AOnQwmMEAAAA&_nc_gid=m-ar5jfvd3L38Ugt_jbFwQ&_nc_oc=AdoI7mXMEMJjs1o6bxQtPzPCN5-j4YzrmXSG7Oi22wDy6KRg5S4GS_4KvlPgTiD90_JdzpqVTO20-S0Xj2bEkvOW&ccb=10-5&oh=00_AQFPrIOCnV1nXTemyZZ0ZFGmqn0HnfAefyPQlEU3KtJCyg&oe=6AA46F40&_nc_sid=201bca
539562103700221,4oormcsrucb7t55y3g4lim,1539877123150,350.27746582031,-46.78727504162,-23.448586750032,https://scontent.fgru6-1.fna.fbcdn.net/m1/v/t6/An_uOagTbNz_1aEyHKofaryP85qKts8k_EiqLbQa4MbiGEDJgkVLfvJXFXSrRemaMt44hD0XaiYCRumTeOd8DIKEMXNwbCSGqk-qOUrHUZ1daLG-7W6GNExjBtHiUV9Kms4nIfTRCrEq0rgTaUP5kA?stp=s1024x768&edm=AOnQwmMEAAAA&_nc_gid=m-ar5jfvd3L38Ugt_jbFwQ&_nc_oc=AdoeijWUoEiZud-bwJb3TRDDWIkD9zH7hFcHVxXPpISyUCwxjDh-xfXoGbi_u00PsJ7_pLohDj112NXqQOXpuerg&ccb=10-5&oh=00_AQFgfk8BdQ31NQ6zGngU-d7EfnDQCJk1ZVGvkzxZMXpupA&oe=6AA469A5&_nc_sid=201bca
389108168883187,4oormcsrucb7t55y3g4lim,1539877239163,339.17279052734,-46.787632304332,-23.42604643391,https://scontent.fgru6-1.fna.fbcdn.net/m1/v/t6/An_u89i-4XJvsTok-9U_TLm9TXXYcBQ4-W75BZanXIQsBvrtD8Yz5be7YJpl2KBrnPdCMD2ZSUlaA0NeEgFLt6bzlXtAPVV3obzX7saFCNxl-I0eKSVwNYzlwQMPMrSG7vcBjwoT78zFqZY8e_PNhw?stp=s1024x768&edm=AOnQwmMEAAAA&_nc_gid=m-ar5jfvd3L38Ugt_jbFwQ&_nc_oc=AdobIOfGhsy5t9RhaQ8ceHWLx6lvFFwC6iZbAOXh04MiELDb9FpmFx6H0rjd1gNc30Q_LI-EQXwrONzPSzX8D8CZ&ccb=10-5&oh=00_AQFkHtk5yeBJrwqCItZ55GwcHC2aZ3invricLPQzkb-yAw&oe=6AA460ED&_nc_sid=201bca
1631121950416463,4oormcsrucb7t55y3g4lim,1539876477168,55.645050048828,-46.747116932827,-23.522120783802,https://scontent.fgru6-1.fna.fbcdn.net/m1/v/t6/An8VZiZTPmuHAUuBclpKRNhB5EDI7XLT1Tl5eMhbpugkP0cVCnD92HPdK_Tb0YZAnTC0AO_7oBs-m4SE4OUL_FDfKaEDkGA0e9j2IAxCeKsx0gS305911kXWO3pPQa7aGP91SoACAOdWjdEHMeEoeA?stp=s1024x768&edm=AOnQwmMEAAAA&_nc_gid=m-ar5jfvd3L38Ugt_jbFwQ&_nc_oc=Adpc5OinL94_N6-a-AiDnxigmwcEVB5ep_0uaBKUtBqaF1fMecjQkhmKBw2kMtFzKFXnAXvfMJPBgsfvosB7B6kh&ccb=10-5&oh=00_AQHPZWwnZ1CMeQ8TdI7zV1drzLxJKZDerNT0kK3DuopQCA&oe=6AA47533&_nc_sid=201bca
1809482105890279,4oormcsrucb7t55y3g4lim,1539876402099,347.24963378906,-46.747774545539,-23.531947987699,https://scontent.fgru6-1.fna.fbcdn.net/m1/v/t6/An9XQisEtNxmqI6hctv9UNMAz8iGkbwRjbhP6GpSu181qYwFtDOFAmacDhtVU2oqLr6aYfNybC48HfBrlldWAyrRtiUYj18MIRd1tqjgIUR1dPigb4OUx6aaKhXRnNFA-JaGtw1J7d0ZyU4pktyoAw?stp=s1024x768&edm=AOnQwmMEAAAA&_nc_gid=m-ar5jfvd3L38Ugt_jbFwQ&_nc_oc=AdpFcKt7fgUO8JZkqYcoOaB2EXVPKAP0Mxxo28tP3QpDXVRCxj5fDKCe-8UF8YuxIcweofu3b_rD5GJcsF8t2i-H&ccb=10-5&oh=00_AQESW9RspbmyViWVXFHkMLIvs4Iwoo9YUtIO7hn30SIyjg&oe=6AA46EBF&_nc_sid=201bca
178494184049132,4oormcsrucb7t55y3g4lim,1539877196175,349.47839355469,-46.786603719551,-23.432874969261,https://scontent.fgru6-1.fna.fbcdn.net/m1/v/t6/An_f24hMzkYmKTYsCd0F7d3TuPj7bYb_cXInh_gKe6KubNIEgyBq3AioD_udM3UDfiz7_qTDi9mokt5HJEbEYQzuKBRqduL4lMDmebJog545G86X8aUSnR45_S7ZQbaszrirbmEhxEQYfEi4-DGaRg?stp=s1024x768&edm=AOnQwmMEAAAA&_nc_gid=m-ar5jfvd3L38Ugt_jbFwQ&_nc_oc=AdrwLsBetN2bobgcUGg8yrVWXJs_nUr4jblYfC7cWX2eF_qW89hBykVaUTiymEnltubpvy7Q5pzxyN87cdjmHcb4&ccb=10-5&oh=00_AQHiIDwR1WXjpoIqTRo3MbEMjAsVuu7R9wNeRN2iSu_7gA&oe=6AA48387&_nc_sid=201bca
314292703629612,4oormcsrucb7t55y3g4lim,1539876572143,89.341461181641,-46.741225114342,-23.518266870569,https://scontent.fgru6-1.fna.fbcdn.net/m1/v/t6/An-Kj9I63ZrrejbKPrRoLTAltXxWqc2QP62GzJIZ7PdU2JnmYE5NdIn39hVMBobRKTGpdIaO--9Ds8PcH25UR30kO0MK8zsDagVzwL5H_ByMFE8AWKdFbWrRIGAL3cxdvBM7ULxrRXSxrvS8-MWtNA?stp=s1024x768&edm=AOnQwmMEAAAA&_nc_gid=m-ar5jfvd3L38Ugt_jbFwQ&_nc_oc=Adr4JO7jNVj9MmHdz-DaW9OLuZYBFAuF8yZ1vUkXrxgKoXguCnw5jpoIXkeCLyJIjIlReIdVu8Pl9SclRLiRKi0y&ccb=10-5&oh=00_AQGld-I5XY5qQs23ndXROpLl7O8PEdruB5bZRgoJWs9_Wg&oe=6AA477B2&_nc_sid=201bca
1450436105302427,4oormcsrucb7t55y3g4lim,1539876842180,309.87634277344,-46.755862587048,-23.494775374629,https://scontent.fgru6-1.fna.fbcdn.net/m1/v/t6/An-tlAov0NClrgrj36qCroakK8l_gHASaRP5eLlDrS4RkATu8rLdDfMa1XdJ02IizDoITQHRO0VYTSwKoHmEyw5V5C4OCvHV21vlE5A8AgUsJJbO0Q8hPb8le6w58Od2AcwAadtOOtQ32vAafMnbuA?stp=s1024x768&edm=AOnQwmMEAAAA&_nc_gid=m-ar5jfvd3L38Ugt_jbFwQ&_nc_oc=Adpezq1bizYiq0WF4KZLx48Lnr0shaV8S9JFIxvwwGikwDXjkLW6Ujcub51YGyyp27SzZ7stS_RVG5CCoZBn9Wuz&ccb=10-5&oh=00_AQHtC21cfXAjOGNWJIzeFeWgi7nzlZS_x63vmqSJTqXh6w&oe=6AA47BA4&_nc_sid=201bca
1521390238273894,4oormcsrucb7t55y3g4lim,1539876571124,111.69451904297,-46.741371257486,-23.518268410887,https://scontent.fgru6-1.fna.fbcdn.net/m1/v/t6/An86I9w8uHGCogimGTHWUyeYf-3Odd-d0HQf_2LqZOgTrdX9n9pyL85iSr_zc6jAgIn3dJ4VgQmIGMDA3sN5UgLO_VHDo-urRga0FpqI5qN7NfzlIHtS9KPyMQrElkLXTfwhOs8jZAWBFrsmVvpj1g?stp=s1024x768&edm=AOnQwmMEAAAA&_nc_gid=m-ar5jfvd3L38Ugt_jbFwQ&_nc_oc=AdpZVxOLc1ra1saQ16jDogy_JF5LJCxxOUprlCj3VJCqgsNJwuipW8zIuWBc1B0ZDTeCRYP_9aoRiOo4Kkp53Um2&ccb=10-5&oh=00_AQFtgVTJ7ly3Z_gy9Gupax4RYK5-CnpGN-0Y0xqaYw5SqQ&oe=6AA471B5&_nc_sid=201bca
1792327167615365,4oormcsrucb7t55y3g4lim,1539877306157,303.6591796875,-46.798880404703,-23.417914226845,https://scontent.fgru6-1.fna.fbcdn.net/m1/v/t6/An9Rf39hDTa2AKoHY8K_041WscBZRn_wFCRu8UmjPjQxQDY96-6IlThcfx0X1eTHd5kzCamsPagzI5vtVJ18UH2fLB_L3ana9efBGsC2Djdo_sTJNRSz3RVjAdTeLMtfe0D7I0klnO-Oycut13JqDQ?stp=s1024x768&edm=AOnQwmMEAAAA&_nc_gid=m-ar5jfvd3L38Ugt_jbFwQ&_nc_oc=AdquIUfRReLWYbnP10T99ryaeuySEsbn4Z7XdII1BM5ERQTkP7VhJz_ZNNhmaZASiOlpQyC4dqC-qQBAaxgWQjNG&ccb=10-5&oh=00_AQG-l0Bkg_9Ak3zocEroPRv751mL7Lc_Cm5eIPrnRZEhrg&oe=6AA480EA&_nc_sid=201bca
507424617059715,4oormcsrucb7t55y3g4lim,1539876559140,82.285888671875,-46.743295064338,-23.518380085816,https://scontent.fgru6-1.fna.fbcdn.net/m1/v/t6/An9Xjo5aKn5CwZxGt2RFNMbkbs1eonceZU1o-EL41G-q3Z-vnIkohTRNhi0yORs7nSVOMtaP00GM5A4pTL25YKWpqiereNknU3yyPoiEnoEKa8_igJCydd_AMLSN_vDY3gfgrrw-cq8k_3lYrDq3og?stp=s1024x768&edm=AOnQwmMEAAAA&_nc_gid=m-ar5jfvd3L38Ugt_jbFwQ&_nc_oc=AdpNV7XYueZTArIZvRa0JAAx2PY9ySievs7ZrJodNEjd_yZCzE24MhSGOaQ2Mw6PgMBVxaSxtJ9mYJBk8iQsRQEl&ccb=10-5&oh=00_AQEYtTHUtao4upsGnfMYUsNbzQLHvrA9_XqBRUPxYxMnlA&oe=6AA48F01&_nc_sid=201bca
1970112449820417,4oormcsrucb7t55y3g4lim,1539877331157,301.62066650391,-46.803308928153,-23.415816828441,https://scontent.fgru6-1.fna.fbcdn.net/m1/v/t6/An_H3IH9_eRQOV54ZaFCezifwtMKp5ldkBcMC79ZxmvAMrpNrMjOawGx-3mDBu53Tw7DCIzOjezPQwAnVPsXBswaPUAGo_vXMemhqD8DSQD87_CJtRGqQm6y4Wkuh4JR1tOyDDLLl-y4KSwEh9Q3Z58?stp=s1024x768&edm=AOnQwmMEAAAA&_nc_gid=m-ar5jfvd3L38Ugt_jbFwQ&_nc_oc=AdrCv_yieOVXiTd2JcWLoX6iKwqTv9_DBpQqHpFSnrB9rSEpHI4htgD_csE1ylCQZfU5n6GMln_IbmUI8HfZKdrL&ccb=10-5&oh=00_AQEFIWMaZxUQLP6b_sKo2H45HmS9E51f8zB7L6cPpVLbJw&oe=6AA462EE&_nc_sid=201bca
2606124716354684,4oormcsrucb7t55y3g4lim,1539876760127,275.55432128906,-46.745345025214,-23.507589646667,https://scontent.fgru6-1.fna.fbcdn.net/m1/v/t6/An-V12dAphCUxHxOmFXnaGcb-p_geTUaHU_-hKQZq3TlWGf8uXdTbDUO9BaJ4I6m7bn77Q-fvWjRuAFE2U1pqm6ZD39CR_dkpXQQjun7cffUgpCUPdbCrQmCvXfV_e2rMfjMOpNazfvTpAlp79MKDg?stp=s1024x768&edm=AOnQwmMEAAAA&_nc_gid=m-ar5jfvd3L38Ugt_jbFwQ&_nc_oc=Adoc2jhRGvx66rmGgVNsAZ6gRqwroyQMD73dhJipHHIw2YKdTmZr-w6pgwZm3wDRD4EpCJovJHDAFuuet2zDOPHO&ccb=10-5&oh=00_AQFLQdEXuXbT9nu7mlpD9H24UUazeQX9K7Pvy23fTX9WWw&oe=6AA466C8&_nc_sid=201bca
283653730140996,4oormcsrucb7t55y3g4lim,1539876765137,271.10546875,-46.746526077806,-23.507466877317,https://scontent.fgru6-1.fna.fbcdn.net/m1/v/t6/An-6Ixhttyf-QbUFGwIKSZV-TobhbssR_qccg0R1IgEJmNFbVsnd67f5KlFmiju4OXtYdbT9XAzrEKrvawNBOhVQrVx5WZLWwCyApvIQ42zJuQI3gh2lmUtpXM0c-qJRiMyYbilMStV6s-eFVE3ytw?stp=s1024x768&edm=AOnQwmMEAAAA&_nc_gid=m-ar5jfvd3L38Ugt_jbFwQ&_nc_oc=Adoqk6dcoFP2hPCIc26SZ_Mcsp7xwQHvaumRlmHNz6o0_rIj1si2GIjkYv6vMLBa0YDqfBykka6vNiKpCNAPvdMN&ccb=10-5&oh=00_AQHmvsQJQ7GHwxrHkZJdSofkKVchQHrc7_gvxoEWoZ5GDg&oe=6AA46C04&_nc_sid=201bca
452613012703066,4oormcsrucb7t55y3g4lim,1539876537147,54.050323486328,-46.74552246255,-23.519436587772,https://scontent.fgru6-1.fna.fbcdn.net/m1/v/t6/An9K9pJot50lO3IWtBRU9DRAq5f60jjaZ8TZdfTtDAUdXGtmQurKd67HgoyOP727qMgktiZ5liL5J61tCK4DaJhMRDCJ3D9155L4KP2h3X9rJu8AFD77mSaAHjySrf5-2s9h4QU2bUoGXndbsA4fUw?stp=s1024x768&edm=AOnQwmMEAAAA&_nc_gid=m-ar5jfvd3L38Ugt_jbFwQ&_nc_oc=AdpKrwdTry_RKq9iEPZD3TX94gwnsHLZPB-KmPf_C2--TKHDXHiPg31pg4FmAdK7t1PHrJcrA0BbHJAhaS691lTK&ccb=10-5&oh=00_AQHbVryhTEey-PsBz1yyQG8tL3YzF5aIEhvc2b5yJ7tmhw&oe=6AA46F16&_nc_sid=201bca
471024957459538,4oormcsrucb7t55y3g4lim,1539877152161,13.964263916016,-46.786572932462,-23.442633467752,https://scontent.fgru6-1.fna.fbcdn.net/m1/v/t6/An8-gk3qi_zYrOwoXYIARmWesGhsiIAHWv1ZHIH8L3uRzWWIGoQZPapsocsdfW72HI3P1cuQVyO-qZ_coapJtU8svL6t-3WuV-tkFThXRfBeP6QN4MOowSuJZxrnnrTp6W2k58wu82p8cxYWxU5uhsk?stp=s1024x768&edm=AOnQwmMEAAAA&_nc_gid=m-ar5jfvd3L38Ugt_jbFwQ&_nc_oc=AdqRNmFsEb_5CtfmQOp7UOasHBi1aJIMp5exZzCXf0Z8bSXb1T-kPDqyLoc-2k6097kHf_Fh1aJbLAbkRtrq-lq1&ccb=10-5&oh=00_AQGbEkUSqncMoGJbgqGKwfp-qc9vWPGCTiz9l2BihtJdnQ&oe=6AA491B9&_nc_sid=201bca
321314262674354,4oormcsrucb7t55y3g4lim,1539876807138,336.03820800781,-46.754139370442,-23.502622546818,https://scontent.fgru6-1.fna.fbcdn.net/m1/v/t6/An_8IyPQlSJnXhAk3ABJHHWioVFAldaogXfe0iyVBscMG2XSMFbHUNh1qNTYe3EmU3JMjFiFDIMDne0YPoSAG-SEdkZ796PJJ2c68ey1hmD6LwgfrFQLPbd3RV4ylhNeiEP1AwV2pLYgjxmFsBxmYw?stp=s1024x768&edm=AOnQwmMEAAAA&_nc_gid=m-ar5jfvd3L38Ugt_jbFwQ&_nc_oc=AdoahRooR9Ka8Acmbzl-YH7n3r0hkUJtNoOJhPS59m6UKJFXurqVwfaYGjn3nS4-bNwmyxcU9rz3RNfNQZ52-74W&ccb=10-5&oh=00_AQFbdLwYy5p2uQWyDB4KvQ3yGhq6aJbICJ-Qq9_B-wehLg&oe=6AA46BAE&_nc_sid=201bca
2945287265695194,4oormcsrucb7t55y3g4lim,1539876563144,80.244018554688,-46.742655200578,-23.518229293242,https://scontent.fgru6-1.fna.fbcdn.net/m1/v/t6/An_wRZuwI4tFQUgngD317EG4OQiM92fjzP3j4zOgQjMr3g3K8ZTzlofrdYsZdE77RxdTYn1jWhQvAlvP10I3hEmDJ0ISatRHLhv7ppU7qijStoyf-MdNMab53hiGiktrH-6xl9fB9ZIv5ZtZl25KtWw?stp=s1024x768&edm=AOnQwmMEAAAA&_nc_gid=m-ar5jfvd3L38Ugt_jbFwQ&_nc_oc=AdqZeVAck4D0F0BnkZ218qIknIcBEVMLXbZBH6iIo8kZ-lazvnKj9EKum3OM_QVZxVLQCPMsV3CKkwTX-dDnzPjx&ccb=10-5&oh=00_AQEHEnLbMPwaXFvp7CO6ualuqdYoleeTcWLXEfbl22fLiA&oe=6AA46385&_nc_sid=201bca
989917831820312,4oormcsrucb7t55y3g4lim,1539876535147,32.452392578125,-46.745698184457,-23.519524657942,https://scontent.fgru6-1.fna.fbcdn.net/m1/v/t6/An_TSwqK2oy1Kx7e_TxcUv8FWxxdZ9KMMFWwoBgcVAIJiJSZuoGWkFff21Ci4clofKyEmFlkiKPFL5z1yTi2QHdse3OlBlyT-NHXGV4hMF4k8MJcWrwAJchpp62M31Q7NFKIR9nFeGcPI-03tZyw7g?stp=s1024x768&edm=AOnQwmMEAAAA&_nc_gid=m-ar5jfvd3L38Ugt_jbFwQ&_nc_oc=AdpKeCv5PQQ3mizw-Xp_FpJUcOmPqmL0sdZQRgd-WvXP6ZhOAvpIVEiOfmmk2I5s4KGyTjRDgy2kbulzH2aCFcwA&ccb=10-5&oh=00_AQE9qOZhh5r92Dqa9HQFaFD2KeyJTLTAwHuB5ULF2wE1-A&oe=6AA465A9&_nc_sid=201bca
1399899313699993,4oormcsrucb7t55y3g4lim,1539877171151,358.26953125,-46.785814143333,-23.438421054104,https://scontent.fgru6-1.fna.fbcdn.net/m1/v/t6/An_I5VbLjC2d2HA9tDMrG49Z1wsSoGHOHGO9eGmKIciCfipJ9K5YaTVHTIUzwwvyVjpcVJC-fCR7vHMZRUpt5gNrWFPYJmQcRA6fhPW06xbwNjDiMhsFj3kEDa3cUyqcCJ0XtMZubsSI0Y-uSsiQog?stp=s1024x768&edm=AOnQwmMEAAAA&_nc_gid=m-ar5jfvd3L38Ugt_jbFwQ&_nc_oc=AdrqDzIblSpiFNRdEXv6GWNy1cC86IoKgSzBw9Rie_YTgWIh2dO6KWzdvu3cmHyGBqLYMXj4U4_I94l12yaRN5kT&ccb=10-5&oh=00_AQEmSH5HaWH36mfBlRbxfMfF-GzUTdn_OMHFNniJ30JM_A&oe=6AA460B8&_nc_sid=201bca
3938215082880724,4oormcsrucb7t55y3g4lim,1539877146156,11.282867431641,-46.786809433813,-23.443795153168,https://scontent.fgru6-1.fna.fbcdn.net/m1/v/t6/An-KLLm9VL2JTn83pa1vFCTXl05n-hNDiNjVX_hZvhjj1Dbi0j5p7XK4C6rwYajDWWKZHvwRVtFmClTkdiiWH2yRn8VyzU5pDykPPUBwjaOhV3gGWeR3Rq9bYQMuoVuUN92OQD-nD2RLNAGHbVZT0g?stp=s1024x768&edm=AOnQwmMEAAAA&_nc_gid=m-ar5jfvd3L38Ugt_jbFwQ&_nc_oc=Adp1vwa1watozsyvhMa9GkHTMZk1lfkbn0WIV9VmHs5YTlN4xYBefqwg7LU16_dGBuEzPo7cVxacWTgDU8wl4XEG&ccb=10-5&oh=00_AQExJc3DhD14cMABznTkCRat43fr4ONMLHQ7tntLeOOCaw&oe=6AA48983&_nc_sid=201bca
898634760702112,4oormcsrucb7t55y3g4lim,1539876568145,93.713623046875,-46.741845118417,-23.518199053599,https://scontent.fgru6-1.fna.fbcdn.net/m1/v/t6/An_ZmcLRceFQkQFV9ug-q5bAI6e-sqVkp-igLUNBU5QyOgYVA5QeqWKQCjjFaOlB9hZbEhvyAWKrIaGb2hFz1egSyUSmAnfxXO8P2DpXNfqxetF3TjGX6PpbKnzvCXl_8zLmvuguGKKw6OXOsVV32A?stp=s1024x768&edm=AOnQwmMEAAAA&_nc_gid=m-ar5jfvd3L38Ugt_jbFwQ&_nc_oc=AdqPQ6DYoax35JhGxtEkSrFmo-PMD-2Yt0-G8qOxi3qxO2FV-DIn4RL4bZyuSmK24evizuKarQ3JeQZM8VVwYUIc&ccb=10-5&oh=00_AQH6inchUpDyRgnxZ7LtWfDjxRAinQBWs4IUOgWP0lyY7Q&oe=6AA48DA3&_nc_sid=201bca
3963809150341309,4oormcsrucb7t55y3g4lim,1539877114157,348.36450195312,-46.78696634055,-23.45044355817,https://scontent.fgru6-1.fna.fbcdn.net/m1/v/t6/An83GnUXB3VqoqAHoEmVJi38CO_G_GDqjp1Xj5ePS7XecXlLrippXOpUbCKNxTWp98dZCT_TQjAoG4cG-AYSJiMAqRJ3j_Y65wCqRVjaOgJiJa6V6p5iUUR1L2oETeQTf5nX4UqXJoEnqWvB0j9s3Q?stp=s1024x768&edm=AOnQwmMEAAAA&_nc_gid=m-ar5jfvd3L38Ugt_jbFwQ&_nc_oc=AdrXwnpcZJGYex6jXkbVZ2R8H2fV6ovB9W5oDjpRXkBWxmcFm-n1xe56BKrCrMV_afOUbpN18bqqUV95YexPk_5X&ccb=10-5&oh=00_AQGU1Fo9Wb3zclPczzBoa9UI5-69wcKcrch7c7ZJdXGz8A&oe=6AA4968E&_nc_sid=201bca
298285265090832,4oormcsrucb7t55y3g4lim,1539876967178,347.54748535156,-46.770118071966,-23.476054036259,https://scontent.fgru6-1.fna.fbcdn.net/m1/v/t6/An8vZiRDcncSVPqW2witopjp0Q756Jh3I-8hRNOpYD5CY3pBol16B2AJQS4VMFqdISxOHTGDk9heI2eCUXHL3I0x49TCqS2jaZ9GjzkjoFop6voU4uhQ_4vifXRx27YtROS87xo1dDzmVyzBLcY7IhY?stp=s1024x768&edm=AOnQwmMEAAAA&_nc_gid=m-ar5jfvd3L38Ugt_jbFwQ&_nc_oc=AdqkTTn7hb8aTwkbi_-5oCk6i9NSSOD--hnH-8IkGbtvRBuhkjZGkCnDaW-oo_VacGbPPD-OSt7KhQ6waAs6ihF6&ccb=10-5&oh=00_AQHKlf2vr5Gv00JELq2eyjJCmDkikvTlsW4CmtE6Knp3cg&oe=6AA48300&_nc_sid=201bca
456956642269526,4oormcsrucb7t55y3g4lim,1539877111141,349.31579589844,-46.78682944835,-23.451043737026,https://scontent.fgru6-1.fna.fbcdn.net/m1/v/t6/An-nyVOuDsc2axkmu80cj8WRcrm20dnZbwPA1CahAOZpsx9O3lgkrp70Hs3IklsyXQz4nJWce7uN79QNVg4YmxVkdq9as7Aa6mRIpu7qe0CIx63W2NsVcmb61t-IsgbWtNR37ElkVsk6w3IbDXpPZA?stp=s1024x768&edm=AOnQwmMEAAAA&_nc_gid=m-ar5jfvd3L38Ugt_jbFwQ&_nc_oc=AdquDHWrHjCRQG3xDQiQ7Snu1eeznQDIsAxj5JHX4TCWGrfr-i5_ZwymlBAXNTMmIEgjmoiJYHXi77CfluuzEvvF&ccb=10-5&oh=00_AQF_tEFXrpMsN2nb88BGsO1hDiLorG1AvvF0e2iWedMZIw&oe=6AA47336&_nc_sid=201bca
905907640204755,4oormcsrucb7t55y3g4lim,1539876543138,59.493133544922,-46.745177090281,-23.519255364379,https://scontent.fgru6-1.fna.fbcdn.net/m1/v/t6/An_z6KLpUiM2V2EzyC5E0-HcskE66meViUj3ZHQJi5FCc0WM8B48wO3MSOQRoe8ImRq0l7Iwl9UtEzCgyCYyUab9klIaPlvo6m5Zb8hcAhjCJFLbCc4pFeplz2W3DiaEBVBsgdLYQPFnI8hCGr-Awg?stp=s1024x768&edm=AOnQwmMEAAAA&_nc_gid=m-ar5jfvd3L38Ugt_jbFwQ&_nc_oc=AdoDGEi1JR8s_DFnl81nFUPxBoACrRJUPgY5MsVRGV48aKtcAauMrX3239hV0tT6sGY_S5W1biHL_GYfKGTqWRnH&ccb=10-5&oh=00_AQFGFkWqHvKZBh9de2Wqh94AHfasdbFQppky-xwkY5kI_g&oe=6AA46E26&_nc_sid=201bca
483140292890418,4oormcsrucb7t55y3g4lim,1539876557140,65.0615234375,-46.743660408579,-23.51845500445,https://scontent.fgru6-1.fna.fbcdn.net/m1/v/t6/An-GlBI7H1xH5_3kX3Hftj43zY5FYliEDdoRJQH9vseqnC0_YWAmx0z1_ccbS9809CRTiNhromJq9FQ-198pZAnBEsi8pKGe6SEZR5I_g2a4O1ntI8KgvgjrWNQaVsqiKGA0d7PlT4GNOvUBDnP6dA?stp=s1024x768&edm=AOnQwmMEAAAA&_nc_gid=m-ar5jfvd3L38Ugt_jbFwQ&_nc_oc=AdpON5MeAORsYtq8hVhH_aCWb_3t2_icfAPplbbCTZu-UF5TShd-4jc9jxcBzC-n1j2yOO1dgnlWFjfR_fgcRxT5&ccb=10-5&oh=00_AQFKvMuS7hKzcqSt9Db_FCjF0Z4P9UHz-06W_o8PpC1geQ&oe=6AA486E9&_nc_sid=201bca
952427232186386,4oormcsrucb7t55y3g4lim,1539877273156,301.92578125,-46.792983596877,-23.421347107739,https://scontent.fgru6-1.fna.fbcdn.net/m1/v/t6/An_Qi-Hs0d7kKLRzYkT0LO0u_WTqbZN00Jo7EuJpZuDiImoJNXpoW_t8NNYZOZ7euKpbeFVlQnGql4ZazlV2K6Y2E2pGmS08ShR3rOghFXwV38viLEcDBjANlXk63qitkt5AxoPQS-c7_mmEpqB4HQ?stp=s1024x768&edm=AOnQwmMEAAAA&_nc_gid=m-ar5jfvd3L38Ugt_jbFwQ&_nc_oc=AdrI8avVyBh1hif41ETLtLVP6v2BUDxtXq7aaPCPyM0eRNech_pQpMWuCQ4vC98emkH7hQ3j0bF6VRZoHhN1JQ25&ccb=10-5&oh=00_AQF-4Dq3jWLW3zLY-hDTJVJMDFncail1D50hsipxjwuwxw&oe=6AA479DC&_nc_sid=201bca
283481663494304,4oormcsrucb7t55y3g4lim,1539877148158,6.0381469726562,-46.78674326165,-23.44339626435,https://scontent.fgru6-1.fna.fbcdn.net/m1/v/t6/An8Xzs_Yalq8tMa2cmBfjCjC93FcS9A0sKBH7vkSZXe6iLDgF7OQs9u8wuOXB7DxOdtf0NMHVN4vpa0vkFgPMJShv7Zxzwt7a7hR8_gLfYSS3tORlijttY_gRWPK9JZxxTfZexNX94MEUImnjaTEqbQ?stp=s1024x768&edm=AOnQwmMEAAAA&_nc_gid=m-ar5jfvd3L38Ugt_jbFwQ&_nc_oc=Adq5YZLTltylhdZbEYNHrGGc6GTRfTk3xXL0rDmvJgg_vPhfPz1KqGQ8b1rlICbezsy3WrjPBkFwudkfj0CWHSGe&ccb=10-5&oh=00_AQF1YToSQWG_WUIWqh-UrZGykBqRVan7Ry_8IwxE8jN_uw&oe=6AA47707&_nc_sid=201bca
3001589626737147,4oormcsrucb7t55y3g4lim,1539876555142,62.733215332031,-46.743976553332,-23.518604465022,https://scontent.fgru6-1.fna.fbcdn.net/m1/v/t6/An94apcVgEwtVEdNolJztjpfJIPadKJQuoc5uY63fWKoKGMabxS3ZViZrZ1u_jt5v8aBXKx-LamNXmzSooGnsOHgFJCgHl-o5VKV8HAQ-mg0K4FIL_BjT4Shxs9KdBj4-CiXratnEbx_EjwlIfLQFQ?stp=s1024x768&edm=AOnQwmMEAAAA&_nc_gid=m-ar5jfvd3L38Ugt_jbFwQ&_nc_oc=AdpiLqcvJphPfZzePBso5Twh4EIqPNKstw5b2A7bfyaNAmKPWjqp8Q2mKaumxD6yNKa0sr4xKZKUfoZfPfh9Cxch&ccb=10-5&oh=00_AQE4IRcaB2Np7BBW1317GHNz35RWisZYxRram1ns4TGNGA&oe=6AA48EE8&_nc_sid=201bca
172323224803842,4oormcsrucb7t55y3g4lim,1539876546149,54.993835449219,-46.745062460466,-23.519178829792,https://scontent.fgru6-1.fna.fbcdn.net/m1/v/t6/An-YzqVx7E7rLQdcQ2ScQN-dkQIeTeMq1lDeEfrTHp6Vs9DdmjDPz1jD0wzW7BpXRf8acwwTf06ovNYhuYeIX5p9N6LdrHe1OiE5aOr0NcKpxs7z61lu5l_XaXs9ejy7JXWD7RdN0iok67YcGXXkkM0?stp=s1024x768&edm=AOnQwmMEAAAA&_nc_gid=m-ar5jfvd3L38Ugt_jbFwQ&_nc_oc=Ado8rnye7bhNo88MujYR_qggYfzzInuqSbUrKkpDa5zUj9DQsns0dCKIL3Trw73y7Yf7Eh1iTSHd96jPvLkI1IS5&ccb=10-5&oh=00_AQFP5swMcFQ5XxKPDGhyWkHnG0z69Vpm8GTQVqrnQyxPWg&oe=6AA469ED&_nc_sid=201bca
973388200099003,4oormcsrucb7t55y3g4lim,1539877082148,327.62341308594,-46.783994644673,-23.457285983035,https://scontent.fgru6-1.fna.fbcdn.net/m1/v/t6/An_aIi2y2hDhhczwkk40fcbd1u9UzxAKs9ytuX6l03VK-NdB4_mzIZ81Kvv1jWIQYBBFqEp2DDpCAylTIriIgRF14eNXvoTm4-ztOH1dmZR-hId5GNi1AhyOxD6pgPSc53Sws9gxdrma0LeXiLa5sw?stp=s1024x768&edm=AOnQwmMEAAAA&_nc_gid=m-ar5jfvd3L38Ugt_jbFwQ&_nc_oc=Adqbq6lONLcf05bR9SpymXFIvfVYXYuwK9jAaT5zCsJXh3wpJhH9rlJLhqFmXxdcjYaZlRwGaIUUDz6ZFydebpaw&ccb=10-5&oh=00_AQFiJLILeUXCTyVBo3mHj-6dr45ZQ--FBszvdrQvhfyPpw&oe=6AA4960B&_nc_sid=201bca
463041151431387,4oormcsrucb7t55y3g4lim,1539876547146,52.89794921875,-46.745013488763,-23.51914486702,https://scontent.fgru6-1.fna.fbcdn.net/m1/v/t6/An--ees0sARZw-KdQFbHIAyD4DLpjBy9rKg693O9LcwJL87MVsPzBZZKn8pB_cb5QmNjwH39RhDFm3VSnMAK70hw-G_A_cwcvcQVJJBIqL0Gfyv_GLeqj1RDe4_wsXS9kBzsuX5G7uCILfQh12zwvg?stp=s1024x768&edm=AOnQwmMEAAAA&_nc_gid=m-ar5jfvd3L38Ugt_jbFwQ&_nc_oc=AdqdXxR-uPPN6MTSRm2mLQa7QgGoStHFHQ_Pw5TczT3pRKAX48hkqWBdRqFM-oLFRpcRGOs-3mtZ1nIZ23mhFP5_&ccb=10-5&oh=00_AQHh2K0gTufoFTSaeaF1BGfqBX02kKHbzATB9CJP0FZ0zg&oe=6AA46B6C&_nc_sid=201bca
488999612307874,4oormcsrucb7t55y3g4lim,1539876668178,346.78778076172,-46.726381798197,-23.513528398609,https://scontent.fgru6-1.fna.fbcdn.net/m1/v/t6/An9n_mymnPPC9r9xozGXdT2RDZ-zZrgH8vdtBM4tgkpHqOvmUE4A6ujgH2i6xefe2UJ_JLdCEsmcFX8ZWW-lQvFLcOu1078pr0Z6nl31wl0pRbv6--5QDrsmRbJSFGHZEU5aP0ZzlTMUjhGfc8IEDWs?stp=s1024x768&edm=AOnQwmMEAAAA&_nc_gid=m-ar5jfvd3L38Ugt_jbFwQ&_nc_oc=Adro2zNoxDEGySmVn5mpnjB-lnAGSJFS5LR9JD1WwWX5g1mkh5dHPXV0JOxbhwpDOpAqCxchflrI-aUgSCz6K8Xg&ccb=10-5&oh=00_AQE3772JBqNJ0rNL4T39213TIb2JbUSm0VLk4fqedJGBLQ&oe=6AA494EF&_nc_sid=201bca
947805855994245,4oormcsrucb7t55y3g4lim,1539876957140,11.277465820312,-46.770192619486,-23.478254703657,https://scontent.fgru6-1.fna.fbcdn.net/m1/v/t6/An9buL5P2BjtZAFfDwESnC9ypAMvy39cB4kgP0O0sP0yDSshUGmVk2G39S-n1X_yKdApogUy_BZMr3vM2GqM6chWLlCw1gF1ixkEism7tg02MIjVjUsA44onlCytGA3x_S0moi-_1aCF56RpyVmSJg?stp=s1024x768&edm=AOnQwmMEAAAA&_nc_gid=m-ar5jfvd3L38Ugt_jbFwQ&_nc_oc=AdpP4TfoNPNWdhgsVBpIF1YU7JPZXtndOMlAHoUZaNvedURQFFnpvDHGsrSR62ITzd6t1hVvZhQOc5RIGT2l0bfD&ccb=10-5&oh=00_AQE-JWMODS_vY8eQzyi7YKWfCm9KcVd6aUujOJzYSZ-PUw&oe=6AA4639B&_nc_sid=201bca
283757386792039,4oormcsrucb7t55y3g4lim,1539876505132,45.062133789062,-46.746706951738,-23.521096524303,https://scontent.fgru6-1.fna.fbcdn.net/m1/v/t6/An-Gn1UqI2Z5LeWSTpYOQnLtGq4_FDqb0yb0fOQO5yM2b8v303k6sbWx_lZRKhUPvE--uE-n_PQAwlNCny_0a5266qfjPjy35-3pMXWmJ7isy_FZKktqWsUT--vkXoD7f6ePD6dWjF8DrdOVWSoiGg?stp=s1024x768&edm=AOnQwmMEAAAA&_nc_gid=m-ar5jfvd3L38Ugt_jbFwQ&_nc_oc=Adr3-WJXBglQpGpOwyAtjU0JwLtKzAweRwiBFzThPqMrJAfzLVaFBBb_8kI1g89Es4oqJce84Nib_6v4YCaDwMfo&ccb=10-5&oh=00_AQHV7q4I9oqY5UtwunF2--QaBhv9ZXNJdYSok6ubIAYytQ&oe=6AA4667F&_nc_sid=201bca
333217871561490,4oormcsrucb7t55y3g4lim,1539877386157,280.68902587891,-46.814753368052,-23.41038283981,https://scontent.fgru6-1.fna.fbcdn.net/m1/v/t6/An91gTA-OrLhBK1IwrlcEenhCdloGWyQ0fuxhtGYgSh6SbawHM8TQoO19FGVTsukA1WniZdwf2yt1y9NQhUsyJUWYt9J0ohNtb0ITxeal8SvXoS0n0aLQNj5-0NL0TISUsmVc6UuVE0TiUiJA9tIyA?stp=s1024x768&edm=AOnQwmMEAAAA&_nc_gid=m-ar5jfvd3L38Ugt_jbFwQ&_nc_oc=AdojYkC5d9OB-M7Ddx1cKWAz6zNApF_l_uLVRZutt3lhXEGkiLO4Ks_vbB5cvj0wzLVBveFRLjiBeRAj62ba1p0o&ccb=10-5&oh=00_AQFD_ijvAsVy1wfTbVd0MF6r9gDz-jR5LDQtKXe6N8VJfQ&oe=6AA4891A&_nc_sid=201bca
301029878305532,4oormcsrucb7t55y3g4lim,1539876578143,94.107971191406,-46.740299968016,-23.518291820849,https://scontent.fgru6-1.fna.fbcdn.net/m1/v/t6/An_STl-kcuMnMfRYvhJjGGLMhh_8r1luwdvkUTd1qRyNXSds2eKSG6gcgIEV7Gg7FEdVGbCIJm0ggKve1v5Azog4_Ra7hH51FvQ3wMqnwlDbEzQAHtvPdiVcqslvC_MUnS60Ghv4pBnTeDu080p7tA?stp=s1024x768&edm=AOnQwmMEAAAA&_nc_gid=m-ar5jfvd3L38Ugt_jbFwQ&_nc_oc=AdrUJSj_WOgT1HDiztjRyFEH-FHg7IsiyiMKz4FIGB-uGf9enWBEHRN1q6hjQgOaxHUGN4EAzCdMvl885ocbdlpi&ccb=10-5&oh=00_AQG6Is9RewH_Hq1lc9J1XGiB5HS7wq5RDlTvaYWDy__RwQ&oe=6AA48526&_nc_sid=201bca
503865020646349,4oormcsrucb7t55y3g4lim,1539877296158,312.91198730469,-46.797610212407,-23.418707784562,https://scontent.fgru6-1.fna.fbcdn.net/m1/v/t6/An8y0T64LCh7FqZ3d98MLAA91lI2jp_BaZIQcS3tuHBqotLTxL_uDcndTSqy0oiHYhc1WJMWoTO80Rev7r5_Z0ebrnwcTjGzG3B0GYVJTdnKDjiEkFw5xOhWEGmf5B8FRmP5YuMLBbtkJHvsWGtpXg?stp=s1024x768&edm=AOnQwmMEAAAA&_nc_gid=m-ar5jfvd3L38Ugt_jbFwQ&_nc_oc=AdqG9xMrxAJw8NhR_5phtILftEC1lyX3ZHjGXXZqcRuopa1czOkVAEVgQ_FzT7AI2xkhCGxvP2eix2vtcT5Bx7ld&ccb=10-5&oh=00_AQGdk9_0vi-nzcTdm1OStAd0kYAVht6iXbIeDHgc_oBpZA&oe=6AA47954&_nc_sid=201bca
1587766288084141,4oormcsrucb7t55y3g4lim,1539876579141,96.623443603516,-46.7401289233,-23.51831003239,https://scontent.fgru6-1.fna.fbcdn.net/m1/v/t6/An_erEg3JYNNZsshozOXfn3wXCi-PSYIEHEYE9BF1aKYWOlRddivsXzXsJASUTlV3rr6nD6QnN6HDmE0i0mER6HcD3htvzuz-eBvMiUDQtcNmw2M5-LLlnnWXoCqYtjTg-VXRqO3ru7Jav1b1OH5_CI?stp=s1024x768&edm=AOnQwmMEAAAA&_nc_gid=m-ar5jfvd3L38Ugt_jbFwQ&_nc_oc=Adr_R7mES9N0KnqUwdAaTkbvahyjtxYHg2_t9epMzS6EEu3FHgpfxX2hbQXD-vbZ0WQ14-xkP6ASBWVgO97S-t0_&ccb=10-5&oh=00_AQFP_k6aP2UoSHBnO03Jo9c1R76wjbzbfOJZuae1IJapjQ&oe=6AA461B6&_nc_sid=201bca
654467055391604,4oormcsrucb7t55y3g4lim,1539876576150,86.968078613281,-46.740625927062,-23.518268135372,https://scontent.fgru6-1.fna.fbcdn.net/m1/v/t6/An_x_67WzlEseD1rpJGMcZ-GIpJ_18RBMRhR4gJIr1f4zQxG_BxDW9hv-UDXLH7UDtN-UcqaILQIS4JgvHd21wEK6YgFFdTrzDaULpi6-S48ADNc5Zz8MhEesnphVjh5USeBkoifKtDa6RSIB-saQQ?stp=s1024x768&edm=AOnQwmMEAAAA&_nc_gid=m-ar5jfvd3L38Ugt_jbFwQ&_nc_oc=AdoKULCPc5DKt_4ScjFXkJpWsw5ySGaweXShoeMLnM5FVfw-YHoRc4LnM2mX25-b8PwA-2Y_PYw9Q05lYsPwIYB-&ccb=10-5&oh=00_AQE6CCHkPiMKYfx8iI2-8fTtAZwyNNRscDnqGaEujWwgmw&oe=6AA483DB&_nc_sid=201bca
811808803045761,4oormcsrucb7t55y3g4lim,1539877257188,306.7568359375,-46.789476773001,-23.423323820722,https://scontent.fgru6-1.fna.fbcdn.net/m1/v/t6/An_K2UBQnGHRWTY3JtuL2nmsvbOCdcibO3tud2YHdMMX7DPHBNHRIvj3LGBb8OooN7xsR3aVH7o2CYTuBsa58VIkvGqpwCOnVuXWFBqMVzMl4__ioLenq5rFYOPh3KKdT_ih2iqcrOqRzGfA03aVOg?stp=s1024x768&edm=AOnQwmMEAAAA&_nc_gid=m-ar5jfvd3L38Ugt_jbFwQ&_nc_oc=Adr2xB1DoutC-utMA8_VgCQktGyWOn6jPEjdxUAA56tYCAjyy7ryebS8oJ3BVbImO13clo2OKAGkpuVOwjQ1OO0h&ccb=10-5&oh=00_AQHfDxMdGnePXT322G9Y0PGHDUwq6hj7C90OMY4QZa2vHA&oe=6AA49693&_nc_sid=201bca
1458132217865413,4oormcsrucb7t55y3g4lim,1539877174162,352.26977539062,-46.785850802554,-23.437788548481,https://scontent.fgru6-1.fna.fbcdn.net/m1/v/t6/An8v2OgFclS8KgmoCGrpDXc_ZMSO2MtOIb7XqzWEjqgbyYoEDOYcUxmQz2af_t0arKz-Pt9EcWZ3jNVlnfSqmEdH-WnPLEi5ayeKiHxwCWoiwvQLq7yXohWYA0vg8v1A3YEwfivPQKPoY5pqR8YA6w?stp=s1024x768&edm=AOnQwmMEAAAA&_nc_gid=m-ar5jfvd3L38Ugt_jbFwQ&_nc_oc=AdpNykslA7W-6csE1yCYakXgMSMwyA-iKcQqS9u5ZK0R7gtN2O_nLN4n7jEGUIPKBvgu2gd43uwTx12gBo8ifwwL&ccb=10-5&oh=00_AQEJH8qZXEhmOVEWvH6UDzC672NSb1R5Hz7ychnS_GOQrQ&oe=6AA48289&_nc_sid=201bca
581401539489345,4oormcsrucb7t55y3g4lim,1539876453172,13.463134765625,-46.747413204162,-23.523042693169,https://scontent.fgru6-1.fna.fbcdn.net/m1/v/t6/An_XgINg7ywC8Qm5vmQsgBxqnH_nXJW7_NwR1i-66fsBaH28dAfimf_UXyYrOfqOAKXdBk47A5jz6fUwQX0fDrEkMcixysMgdJn7SNOSmB61m8qEt7DAjT98xVXaf16cyjBJGKNTX1dusFOx_L9jog?stp=s1024x768&edm=AOnQwmMEAAAA&_nc_gid=m-ar5jfvd3L38Ugt_jbFwQ&_nc_oc=AdqYlAKr4N2ZjkaUBEvXbg239Q6_SaZPy1Lg21U3MCVHDTT3bhWR-1LJGSGGLbHK05zbJIlXVopTlFHOIlVokNTz&ccb=10-5&oh=00_AQF7WN61p7wGW4U9ubPehM4EmyHqSjQQsXDeO9nXE_Oqow&oe=6AA47937&_nc_sid=201bca
949902332430134,4oormcsrucb7t55y3g4lim,1539877235152,357.61688232422,-46.787525722218,-23.426461338735,https://scontent.fgru6-1.fna.fbcdn.net/m1/v/t6/An_YiEODOO6ThfpejebUMDUCJEZa6dDkSVal_DNReGZR75DXjNgAKfy9cNWmAfLOxPgM4HyBzP53P-Z_RVwZGXr6iL26o3pmAMKjBHzBgozSTEBXGolrC3EegRYYjWOOL82NCrzBMRda9GEfo_UuABM?stp=s1024x768&edm=AOnQwmMEAAAA&_nc_gid=m-ar5jfvd3L38Ugt_jbFwQ&_nc_oc=AdqXXuWyDnV9VmFvpdzp2zC-GM-dKYE8lCIIYxVE_8rgNBkCgOyQ2PFXOss5xknzMqieZShphncq1o0vaGc57UmH&ccb=10-5&oh=00_AQE43_QmrAuOCZcumfREKp1iKdxiFEpbgZFshFK7rntd4w&oe=6AA484AE&_nc_sid=201bca
1163490884139110,4oormcsrucb7t55y3g4lim,1539877382158,267.12957763672,-46.81391150734,-23.410481596678,https://scontent.fgru6-1.fna.fbcdn.net/m1/v/t6/An-rwzzXYPik57DmFg1HmC8yc5naaieaqo86UJhc5i4PbTDnYV1Z-E2Fv20M0_Wn2lTgbYtbj3nzCJVxaGsbQ4Aft6sp31m0zhkbXLjMbIhX09m5HDY0ooM292X3TPBbbBdY0h6W3TqRzcDzhhm5Jg?stp=s1024x768&edm=AOnQwmMEAAAA&_nc_gid=m-ar5jfvd3L38Ugt_jbFwQ&_nc_oc=AdoVxtKWATWLh858AZTf9E54mk1Iy1fqVf2q9ect_Mqi3rs_mArksS7yi3a5RRv-V7vh2F0xRJ-O8jm805XSX7gs&ccb=10-5&oh=00_AQFVNepHDRY5QM318YZ7XEPBMNhRf1046lWBtxxB3Rw0CA&oe=6AA467F1&_nc_sid=201bca
4707464032600593,4oormcsrucb7t55y3g4lim,1539876586147,98.36572265625,-46.739013024341,-23.518330080717,https://scontent.fgru6-1.fna.fbcdn.net/m1/v/t6/An-ShxGWHE-wWrLLF4iFY7WRLRfOrIS6DY-X3IQEG4UamXWL8XNfdqewzCzzkCJgvqfie9VXRPCJO02368b3TD1ogjagRySpVGBQAnqHS6l_e8KBbmDew0T1oJdpmTatwrA5YcYZo0DwFk1buFxlUuI?stp=s1024x768&edm=AOnQwmMEAAAA&_nc_gid=m-ar5jfvd3L38Ugt_jbFwQ&_nc_oc=AdoipBR6jsbivM8zI7eS3qZ1eyGn6Y82ZxHB-uOREUgmIYNfyY9CWZV9CoLA88tCoS4FASFqSdt275_HEfsCIdLL&ccb=10-5&oh=00_AQHdVlkql3xhKPHzJoCehP7HzyDWAmYuZX1qDbmAQv7xig&oe=6AA48780&_nc_sid=201bca
125284589569830,4oormcsrucb7t55y3g4lim,1539876639145,60.318328857422,-46.729758776531,-23.517479793259,https://scontent.fgru6-1.fna.fbcdn.net/m1/v/t6/An-lfFu4wvglXNLpNAWBauHB3OzQsYrA-Zun_M_7PZhIVYTvAAkjgAJqqNGVWwbEEfGSqyLOdvjcd_SE9J20oXaBa4HBE_7SyPC5aVlbdbgc_m31GCWhmfl3HqS2QHMvoyXVO_OKOaCXtb-SCi-ERw?stp=s1024x768&edm=AOnQwmMEAAAA&_nc_gid=m-ar5jfvd3L38Ugt_jbFwQ&_nc_oc=AdrRNoib01_juUhO_A0jt28VAP3QkIuoIAxJ9SvQoEuRJT1u8mKYH7LEEtJQEdD9tQmDnF6-bjBvow6-JaS_yBml&ccb=10-5&oh=00_AQH2-UfCTBqkr-BzTEf7jAeD3jjLkd0-ZYLK5UsRJVuH7w&oe=6AA45FD3&_nc_sid=201bca
135270781963044,4oormcsrucb7t55y3g4lim,1539876530142,48.2431640625,-46.745924400372,-23.519880923921,https://scontent.fgru6-1.fna.fbcdn.net/m1/v/t6/An_A2JiGuQuy1_fhEeR8pTn5wLC_xMApABLkoersTF3QfHBfBJUKeNmU-wFVco6qcFeNlED4hm-g2RW6sRMvGqzyThy1aNV4w1b_DDtw7_4TiX7HzOHjLz4bhtV6t-CsES5rGO2vlB5ghsyLUm80oQ?stp=s1024x768&edm=AOnQwmMEAAAA&_nc_gid=m-ar5jfvd3L38Ugt_jbFwQ&_nc_oc=Ado20JDg-PV3wvGaZYBeW6iYCHmvyNyDZzYwwpvw6lXgZ-QhOs7P7uwh1kMAh5hI0nl-Q3WqVFItdFITWOV-X-Pv&ccb=10-5&oh=00_AQGW4pYYmaov3ouQRi5a97uy0NbUJKrKFpYsEhuug-SQwA&oe=6AA46FF9&_nc_sid=201bca
933129114130536,4oormcsrucb7t55y3g4lim,1539876845136,299.28784179688,-46.756434410363,-23.494448991245,https://scontent.fgru6-1.fna.fbcdn.net/m1/v/t6/An8PRKTS_cdqWBmmoJCw6JHWAXiH6rbYjfYMMFKj_j0MP-AaiEkYZPQl4EKEISCwW3j93Ykchm0gJGiyuaZ5dNKIi9VkZN_A17rwvPhxPdT8OsJe3rGkEro45xcGySYPJ6jik0bpNtdy4bNp0hPqOw?stp=s1024x768&edm=AOnQwmMEAAAA&_nc_gid=m-ar5jfvd3L38Ugt_jbFwQ&_nc_oc=AdoOHR8VqtcfGXT6zpNqb3qciPf23HwGMnExLKCd5FfN0YipNu8tIaK_wCGXYoeQ5zK4Q3YGu6j3RhAkqMqJxdwL&ccb=10-5&oh=00_AQEuLmIdeHdasvOW8WRZDoHlElwZ-YrtzqHm8EWihVd_aw&oe=6AA48260&_nc_sid=201bca
3963160913765159,4oormcsrucb7t55y3g4lim,1539877109164,351.38549804688,-46.786750598966,-23.451453828531,https://scontent.fgru6-1.fna.fbcdn.net/m1/v/t6/An-rQMtCvuLKNogRXO9f8V1K1GbShwUjuk9GisbpKuLGuKlGAb4z5d9hzz05gKDzULyiM5prMUR7x48ubPtPAf_uMvXoBcFhoKMvDNzvC3-Y59pZTkjEP70v0qdreyVL8Rtj7OF2SqZrSuNI1aVlzw?stp=s1024x768&edm=AOnQwmMEAAAA&_nc_gid=m-ar5jfvd3L38Ugt_jbFwQ&_nc_oc=AdqskrWl3-nryjOOHMbp-U9VpFjSGA6JbgqDENzXVNs69pEBSXn4tZJMwOankvirtitsa-Yprgk_ign8tlSckDqG&ccb=10-5&oh=00_AQHtQKRKDh2Ugx0Y05dJQxc7-hGM5UAQLmBFR7Et6ulktw&oe=6AA4928B&_nc_sid=201bca
335977314525128,4oormcsrucb7t55y3g4lim,1539876591357,90.768890380859,-46.738008152549,-23.518373441533,https://scontent.fgru6-1.fna.fbcdn.net/m1/v/t6/An_fKYAqZ1WI4xyeFnMDo9LJtYCRpUaDTx5_AOtEM1rt07A5Ze73DV1wi0JnOs44NDFmSf19gOt0Qz0CKkgFWGTKDGhWm5e61MN4qB5JIejsCdKAkDiXMsdEOL7wzCa9NhjiKm-BrruSlQvscW_xuQ?stp=s1024x768&edm=AOnQwmMEAAAA&_nc_gid=m-ar5jfvd3L38Ugt_jbFwQ&_nc_oc=AdpLNyaXIMWtcmtIBjfT3B5rFkfen_aSArinSdfneLV-GI1k12WxZG55WMXZjIxsj96FnErtA0t7xSstEuLOZTUM&ccb=10-5&oh=00_AQHvilKLc4VCT6B7fid8Jh5Zc3wH_3h7OYX9eOS21oLA3A&oe=6AA46158&_nc_sid=201bca
1620847754770571,4oormcsrucb7t55y3g4lim,1539876754152,269.74841308594,-46.743864324613,-23.507682036425,https://scontent.fgru6-1.fna.fbcdn.net/m1/v/t6/An9XUqHZLida-aClpZLAHE9YgpAKSCuZEZEs1-mlUJNDOftV-Y6xnER7U6uHuLM1HgVPUZqNrhlqmudLbmDNFclGWMSfIQ-5UDWljPHmZz1iXUrQX8VgGBsuzyc-dYYRQbVheRQWRFbCCUHM3LLxRg?stp=s1024x768&edm=AOnQwmMEAAAA&_nc_gid=m-ar5jfvd3L38Ugt_jbFwQ&_nc_oc=AdooIpchND9aJFdZwG6tiVKScoLC1fvsGjwTNT41D39tuGN49jjltaw8-Nb-kQeVquntUqrvJnsoFtxmjtnSX9si&ccb=10-5&oh=00_AQHwHSh2kTj9_98QWdgbXHbxGEvXdrXWvSgzMbYPsG8zAA&oe=6AA46AFC&_nc_sid=201bca
304541144378446,4oormcsrucb7t55y3g4lim,1539877025171,19.388885498047,-46.778612121357,-23.468248074632,https://scontent.fgru6-1.fna.fbcdn.net/m1/v/t6/An8B1JVC6o6VNJvu1WWfCQ2iSBsipYgGDsXIj1SH48SskDY_uyNrYvV_48fm2tHLzFw9s-NrDpPw7tz96Kyi5kttdGiUfBXjEtquvxhSPhiPJb42WgDWADCyELg2yiG2Zzb8_-GpB052yxJIuqaLyQ?stp=s1024x768&edm=AOnQwmMEAAAA&_nc_gid=m-ar5jfvd3L38Ugt_jbFwQ&_nc_oc=AdpYQD_2kNXf5X8WRtuaIc1oEc4uhRn4c8DCZhGwR41SM0bREfuxW-4Ccm2_l6PtdxOSBaqSHJce8tINnX9UVUEq&ccb=10-5&oh=00_AQGJKjebmol1xcK1dp5pwMFacpZ7p5GNfHDtc3T4__5V-Q&oe=6AA46337&_nc_sid=201bca
492565341895191,4oormcsrucb7t55y3g4lim,1539876591141,101.82574462891,-46.738175780909,-23.518371378861,https://scontent.fgru6-1.fna.fbcdn.net/m1/v/t6/An-hacH-xMMxaUepniNgmRwrzFeLBoitsFvkpd7jZoVs8jJvtewCOTWJKeH9eglsPtLDf0UMn0L8RxAB-FtEIcqg-VEiY6v35wYe4CSijvf0Hs02k_6qKI6pDT2wZiBs1Hy5tchwlgvKEZLxdYkqRA?stp=s1024x768&edm=AOnQwmMEAAAA&_nc_gid=m-ar5jfvd3L38Ugt_jbFwQ&_nc_oc=AdppfQZscY13yaRot0fpWmmEUQ76SvGLfpBwCSYC6snyUN48GzL8ZpDAl_eWcM_7JLAu4Y5kCejHOYzUOg5YT7BY&ccb=10-5&oh=00_AQEDyYjSHdNAHDGh4XhaklZwOITcUkyKFJ4ydaX-bUxqEg&oe=6AA49156&_nc_sid=201bca
495437268335665,4oormcsrucb7t55y3g4lim,1539876981153,291.6533203125,-46.772399485878,-23.473774587874,https://scontent.fgru6-1.fna.fbcdn.net/m1/v/t6/An_807Gw8Hkixs32B4MNJiSfjbjdW_i4f7xz1nlLDgCsxBCAS97SylWQgNDTX0nHb1zhrsBT8hEDbrs6y5oStuQ5dgNyuunJirO1VCWFxFGS3gqamb-EkFkIqZa6rmhHIjwUWBA-3l5_bjfcH87nBg?stp=s1024x768&edm=AOnQwmMEAAAA&_nc_gid=m-ar5jfvd3L38Ugt_jbFwQ&_nc_oc=Adpl8ttUPQhqUyULpllWK2k1vOOmO8xJ5UQdKKkvcnSI-p9RByEqD44HdPfLI-5z4VxjCmiQcIQrtH5qqukUVpa6&ccb=10-5&oh=00_AQHi1D5yDwlfxnk5ov6QNIx5J_fIX_AordE8OPfnN_5Ykg&oe=6AA48C61&_nc_sid=201bca
532080177828707,4oormcsrucb7t55y3g4lim,1539876993131,295.25952148438,-46.775204075412,-23.472698201259,https://scontent.fgru6-1.fna.fbcdn.net/m1/v/t6/An8BZz21HcMUnADnXKg_KfbHYEqE-WHPzbG67MKKEljqxmUxj1AVKUFXnEA7T5IV79sfnLjJQXVlsiig5A_ucuKl0Ex5tk0KWn5ppX433RR-GNVr8vuO3_3nMWiZ0XdGnBgYJ2CejLDe-XWPVtJDag?stp=s1024x768&edm=AOnQwmMEAAAA&_nc_gid=m-ar5jfvd3L38Ugt_jbFwQ&_nc_oc=AdpoAefdKSiqCdtODk0qn-C6a5e5BqRax-vCh9XvGSJuLLCZs0spbrG5idHDYIa0by5kYxuTj3PNdumTpvTAj_CE&ccb=10-5&oh=00_AQEresYB89t8oB99EYmC7Rqgx-MJ_IlEOyeX39IIu3Q5rQ&oe=6AA4797D&_nc_sid=201bca
274958431016002,4oormcsrucb7t55y3g4lim,1539876583150,86.962341308594,-46.739479168627,-23.518328727317,https://scontent.fgru6-1.fna.fbcdn.net/m1/v/t6/An94lFjlZoaUVQBBZsAZpS1uBZklr-PvR0MyKNKN_lHoK_5xtk4E1nY4eKPoeWNZUZtI1zVie_Pt17MobjoX8Bd5hU8Rq1CYfyVhv6bPDTS-VRevXGNUYY_UhsdgUF7oZtAVn6ww4VFeZj8SmocE-Mw?stp=s1024x768&edm=AOnQwmMEAAAA&_nc_gid=m-ar5jfvd3L38Ugt_jbFwQ&_nc_oc=AdqnQs8DuI8BuWLv4iniHnNRFJ6i3YHZA0RadrCP84GEkuLrGH33UjpGxZ9E8XLWQRx-KSB3AdJACo9CanIe4qOM&ccb=10-5&oh=00_AQE_wbo8K5qQWo1hlftySVkSpnynGdtc1-yecxuPSaGEgw&oe=6AA46A7A&_nc_sid=201bca
490271512294525,4oormcsrucb7t55y3g4lim,1539876856141,262.07946777344,-46.758825977799,-23.494079665956,https://scontent.fgru6-1.fna.fbcdn.net/m1/v/t6/An_nc3mQyJxWuqstNz-wpHEof7oF8KvUJCn9etryHJD1qWjVNBc3k087dZGEcUi3zGOmqXvKk35cf7hyAR8ByZOSx4mMwijqbUKqjzR9igawfSSQG_qXLWBnBMnFDjrI0AKU7y2cn7onnSdlXEVP1w?stp=s1024x768&edm=AOnQwmMEAAAA&_nc_gid=m-ar5jfvd3L38Ugt_jbFwQ&_nc_oc=Adop_nV3raxYoFk0cESRKg4mo1PqctELyeMJxaUDD39RBo_Ay_zUVrSHNcSA9BkMEHRvYQ8pNYfBg3eNCKYdog7j&ccb=10-5&oh=00_AQENoMt1q7EXUp53IMYqf3bVdze1LwehoLQ42GkFUFxa5w&oe=6AA463FD&_nc_sid=201bca
889756591804513,4oormcsrucb7t55y3g4lim,1539877246167,337.02307128906,-46.787961866139,-23.425130488735,https://scontent.fgru6-1.fna.fbcdn.net/m1/v/t6/An9-TNR-qun_o2p2qGgXerR_1yzE5BuT0bOoiU-0afl8RR26pkip1ANwPrIMWFCwd5YiMwlOB34wj7h9IMD_XxY7Ya9fzIHFFZcueKyMCwLWY5Lf_aH9TV9EwnKdjFgnenO3dTRTLWF75k_KHPa1aXw?stp=s1024x768&edm=AOnQwmMEAAAA&_nc_gid=m-ar5jfvd3L38Ugt_jbFwQ&_nc_oc=AdoYD1FGzxe8UEcH0dVAmJb2LjgQ44kBdqawlwLs6oab4pb83hrnS79l9wwLLercWP7WGXfZ-SZ2CgVKlY5FwVvB&ccb=10-5&oh=00_AQGUA2ncPVZxhCn2yYQ01_79EHX1-aBzuhF82M5iAadFjw&oe=6AA47167&_nc_sid=201bca
2905039243151061,4oormcsrucb7t55y3g4lim,1539877184159,350.62951660156,-46.786149558882,-23.435622751593,https://scontent.fgru6-1.fna.fbcdn.net/m1/v/t6/An-5SfWYkoqr3y45iDFds7-67ghm75U6XE_u3VR_0kjJhQpS0W2T1jvuCi6V3b_FxCltVvlkSaPOcMucNM1R_6dwqJQG2YcFNVO-kHQ8NdAKHQX_41tH-KnKTIufu6rFxj5O0DITVUyl2SNIQAaOSAs?stp=s1024x768&edm=AOnQwmMEAAAA&_nc_gid=m-ar5jfvd3L38Ugt_jbFwQ&_nc_oc=AdqowYKVfs2-6_hlq3c-UKS3nB5i5JFpurQ-ARP6VVbX04OD_ztaFYoS2J9-aM2nlt4xlwSc01iDuP39UNUC16ay&ccb=10-5&oh=00_AQGh6_Pr-ZOpRfEEWBDEgaIK7whP6-rheVCjI3GVSUGdAA&oe=6AA48A68&_nc_sid=201bca
492383298673550,4oormcsrucb7t55y3g4lim,1539876575146,92.186187744141,-46.740793266717,-23.518276262625,https://scontent.fgru6-1.fna.fbcdn.net/m1/v/t6/An_fq-Thn03YdRu-oIVtlVeebNXIPGA2xZ0mmio1yBLBmETxy3xpVTxL_B4AyAv5m0drXJCq8hz5BdFLc-TIVCFc3-jSZtzlwEW6e5UVLNqPKyzpS_S6SwqY_PgyDndYwfCQbZ5SpSTLVcmpx1JtlQ?stp=s1024x768&edm=AOnQwmMEAAAA&_nc_gid=m-ar5jfvd3L38Ugt_jbFwQ&_nc_oc=Adp5-nq2Zs2CtN2ktl9GEwQFeBQHlMC9aK0oiXRfXXNYYA2qELnyRdYS8oHsKRUDHyyNHBCJttJdOIeGuKFJm56A&ccb=10-5&oh=00_AQGViu3zH9jLBqd9vX5AELp22iIsPbqV_RApCEaBlxxHoA&oe=6AA46AF3&_nc_sid=201bca
612182539757818,4oormcsrucb7t55y3g4lim,1539877316156,297.26684570312,-46.80020424249,-23.417309526774,https://scontent.fgru6-1.fna.fbcdn.net/m1/v/t6/An-0FfiMLf6ygv48xr8eFIkf-IX-RHo6FUVY-nENJqraUdoaWw-R183J18PUt3zWOTZ9Blfl1NbUR1cJHbDbZsUJkQSv_JBd8Fs08dwZ6CA8nNU4hzt4wsoTEw-qSCDXMT7AhfqGqajP2b5_Ghl7jGU?stp=s1024x768&edm=AOnQwmMEAAAA&_nc_gid=m-ar5jfvd3L38Ugt_jbFwQ&_nc_oc=Adom1J156HIxCts8t1RhbsLNxylPOboAJ5_DlAu8hAKbNbk5ItXn8kPrO9-anawm_Q9KHAWvgDauIPL0c6PVhzpZ&ccb=10-5&oh=00_AQEOFTBmjRQbCX6N59eoazk5qjqJAMkgLTSfnkUQHO_63g&oe=6AA47F29&_nc_sid=201bca
2646442388981646,4oormcsrucb7t55y3g4lim,1539876577141,94.962158203125,-46.740464562979,-23.518280981611,https://scontent.fgru6-1.fna.fbcdn.net/m1/v/t6/An-NsnAklMHlb9Bd8AH5mnhAoqU2i0IzK2FRS_fPU2Cw-NIMm7ndwDqgvU8h_SbR6DEuIUWa5QrsFy0kMzSgQj7epy__3Pjczsjai2sB_RNxI9MCzT2yCM00E4vXYivStxVW30MFVM4uEF9tHPrfpg?stp=s1024x768&edm=AOnQwmMEAAAA&_nc_gid=m-ar5jfvd3L38Ugt_jbFwQ&_nc_oc=AdpwYuaiCpLaXZssqFla8LZB_orNUp1gAQ-o9D7VMdYczxD26Tr7iq66r0gtJ46FdKrmwg0_Pqtxe_oVW2ZFJVLm&ccb=10-5&oh=00_AQHemm8uja5YLHmiG9uqiw3hU23hyGoS9Jxpk1uKwcdSDw&oe=6AA4693C&_nc_sid=201bca
2791944284452955,4oormcsrucb7t55y3g4lim,1539876567145,98.861389160156,-46.742014949745,-23.518188946261,https://scontent.fgru6-1.fna.fbcdn.net/m1/v/t6/An87-giEvsnYVuuBLURYRFBow-8dAxnXjhnT3MRVb4t0kxM6F_Snx2jkn-xt8jyDv2MQgpKZtaOZn-SR7b_ZDwLPU3tvMmJOOobpXfsXwtoFSJHs1hu64gdpX1yZ7Kp3r2yFWJWoBUlxZQvmPC2Vlg?stp=s1024x768&edm=AOnQwmMEAAAA&_nc_gid=m-ar5jfvd3L38Ugt_jbFwQ&_nc_oc=Adq2F1nX_aIpD9f64jcOrX3wQnHU_vmVZy024UM6CU39gKvMVR1BGAYKg1lo4XKQFoXFvEV-brTRbUhLMNtjNtpm&ccb=10-5&oh=00_AQEaMUXRaDXrP7RvXw4o5i181jbMWHHOWh-mIxa4ju60aA&oe=6AA468C2&_nc_sid=201bca
468562410868805,4oormcsrucb7t55y3g4lim,1539876580143,91.316802978516,-46.739962206997,-23.518313546192,https://scontent.fgru6-1.fna.fbcdn.net/m1/v/t6/An89R-KdMxilN1CNr9mfBPx9RhAb-kBAc7f_YOoVux8j3a2jKcf5vzzxZ6CXXUJ6ZN4IQMm59IaJKDc_zfR9QTgNOamKsHWM8p3y7n7A7Sl_VX1C8TjrHlxfaqOHnw8ugvRgtm32rpP75pAs225Qwqw?stp=s1024x768&edm=AOnQwmMEAAAA&_nc_gid=m-ar5jfvd3L38Ugt_jbFwQ&_nc_oc=AdqGKW70AL8qpf300rn3OVSgvwvdbCBEyOUObeTZ6fnDOV2_wQFXhze_okYDfE41q0XD8WPje9E-wcOdFcLFyZK3&ccb=10-5&oh=00_AQEQiEpD3I7vjgzq3Zmd34ebjDf6UNtIdsPSnl4t8WU4hQ&oe=6AA4684C&_nc_sid=201bca
481740443276835,4oormcsrucb7t55y3g4lim,1539877353154,313.37622070312,-46.807870355534,-23.413197929492,https://scontent.fgru6-1.fna.fbcdn.net/m1/v/t6/An9AfenwefPkJUxUmV3CX2XoWhI_Elli7pmp0IJeUSbXJExSVFdf2LCLO1o-r94b5kB5EBmFXIq9mQwybDFKPAqM6RHw0apTIHIz6rbqqz_yyB8rYw4W655_5mio22LDxrgbbBA95cRc2d3OoEC_Nw?stp=s1024x768&edm=AOnQwmMEAAAA&_nc_gid=m-ar5jfvd3L38Ugt_jbFwQ&_nc_oc=AdqcYD-6kuIWbymPeg0P1tzqBVB3u3xqpgxFUCy8DbyKs6eD4QEYCNqBDTag9K5sbrW4d08g1Z8BeStCpb9Qzwq9&ccb=10-5&oh=00_AQHlyTQXqkGHCfEaggvJEYk4HzoHoduD7M0d9vTDu53yTw&oe=6AA469E9&_nc_sid=201bca
868801760373895,4oormcsrucb7t55y3g4lim,1539876646148,71.691162109375,-46.728443008956,-23.516765222545,https://scontent.fgru6-1.fna.fbcdn.net/m1/v/t6/An8NvPgd6crhwP_mjGB_kFEnnMlyDBZ6sewit6rqtHh5SVudHacioDmukPKiIQhwc2Qw2rtYDEIDGH38WtX51jPkGD5SYs1rJc8a1fnnLbwCgxc9g_hLx3e1i71IZAjF45wItz1ahYY4f2f2BqcTsgM?stp=s1024x768&edm=AOnQwmMEAAAA&_nc_gid=m-ar5jfvd3L38Ugt_jbFwQ&_nc_oc=AdqlzjbpJdrFdfK6p7qbcWXSxdboPEuSGXvSUucTIrDdNd1CakkQ0x4BdPT925CmuxdgWr_kIOD9Dm4N0WGv6qxr&ccb=10-5&oh=00_AQFDogXK7KiZ-RjIhCNeQTcHleZSAmPB91pG72Sgu0dnFA&oe=6AA48D84&_nc_sid=201bca
5470514819689043,4oormcsrucb7t55y3g4lim,1539876573142,90.016693115234,-46.741077863472,-23.518266909849,https://scontent.fgru6-1.fna.fbcdn.net/m1/v/t6/An-XcGLfoAhWW94n6jCnzYDsf7NUzhGm51NmBThRmMI_n0YrLoIrsN9CGcMVyN6EqBm0-Lt95Z2vHSbq1biV82XFmdZgLuDDRy3x_2kCavrkO3isrsIvQ5JNkheHmLyoody3TTyklhofEhSpP4Uk_w?stp=s1024x768&edm=AOnQwmMEAAAA&_nc_gid=m-ar5jfvd3L38Ugt_jbFwQ&_nc_oc=AdoJF3EBxHM4Qbo8uvABivou8BbHjNRZ2vaKPwZ3UeLh1i7p-Kmo_eDK06Q9acnuXB2g-yMQ5xHjLUSjbc8ZO3k1&ccb=10-5&oh=00_AQGwavaKKkcF4gdn1T8cRTa6MAsYOhLvsfkdsKS6V_1tcQ&oe=6AA478B5&_nc_sid=201bca
270204618182197,4oormcsrucb7t55y3g4lim,1539876589155,91.650939941406,-46.738513143152,-23.518342646652,https://scontent.fgru6-1.fna.fbcdn.net/m1/v/t6/An-mfguB5e4bb0oq5dGAdFjKnEdK2PmbIm1XBJzxz_WTOR5RTytr-ZskjhiajjN3np-h_qcZVmg34EjqExsgqQObph3BX1rE6t5BjsreFAtEcYhIX_YiG3H8Ox6Jc47Su38VzyAPHqrMkjX57QOhrw?stp=s1024x768&edm=AOnQwmMEAAAA&_nc_gid=m-ar5jfvd3L38Ugt_jbFwQ&_nc_oc=AdrKCZ10Jvda6rq9HCQmgNzVEVep7-6tKFSJ943C-zNDLPAdxmw1LOngA8ow8uDs5DJmdLnZjM1FOiYAPhmdT1U9&ccb=10-5&oh=00_AQHzUZNli8d29VjVQUjxff4GdnJCCDOC3XSYUIqqg5Izpg&oe=6AA48AD8&_nc_sid=201bca
763935480952439,4oormcsrucb7t55y3g4lim,1539877046167,323.92150878906,-46.778310828472,-23.464401145613,https://scontent.fgru6-1.fna.fbcdn.net/m1/v/t6/An8Lfh5rQvZgITLKFCQwDm0VS1yGNqTnwZYmvOlBwuqdAsRYPFiR675uuEKGuoK1XUks2czp8RwXNa2Y7V9Snq7s23bMoVe4KJBivdycP7UAYPjL_N0fZ-Ajy-AGVPIOFWOzbHT8q-HnnOckP13LSK8?stp=s1024x768&edm=AOnQwmMEAAAA&_nc_gid=m-ar5jfvd3L38Ugt_jbFwQ&_nc_oc=Adqw6TWx9leE1urrb2B687nZQcyHoCZjN5rrI39VGVhSVCPQsH83oNirhKnXMc1jbWIQLH6C-zzt14DhhmFHr9gf&ccb=10-5&oh=00_AQHOrQ38Gps27HkOYLfQ05UfW_4cgYaIM0cZE7nf6oaEpg&oe=6AA4840F&_nc_sid=201bca
814903492772804,4oormcsrucb7t55y3g4lim,1539877391165,268.79626464844,-46.815861103543,-23.410401007408,https://scontent.fgru6-1.fna.fbcdn.net/m1/v/t6/An9zNR3hUWMoWZzI9EiQs1R2Ou5Jv5xnLvpv0Y35ghT86duKgn7jpnTAXg_V29GZCxymdD1EMTK2UcKLaYN3xQuip4gSqfkZZYeNKGIbhC8zTGD3d1Bkg0vY_1wbvT3FXRJVZjOwVO05T1v8TW5jd7E?stp=s1024x768&edm=AOnQwmMEAAAA&_nc_gid=m-ar5jfvd3L38Ugt_jbFwQ&_nc_oc=AdqWODAZtNy9Iz5pAkeFlRfcM48w9Jg-GbB7UiX47LDVU61gz_PIFqiHmUiA58CbZ1EY9a1t9vyeNrWli8D6pxeQ&ccb=10-5&oh=00_AQH3ad3jUJoosmJziwBubFGc28uJaELz18M-KLhUzlj7ew&oe=6AA46206&_nc_sid=201bca
838424996751320,4oormcsrucb7t55y3g4lim,1539877027172,18.970947265625,-46.778475593262,-23.467906407284,https://scontent.fgru6-1.fna.fbcdn.net/m1/v/t6/An8F4nA12VASrxiu5maNWx57JtyzVZ1dts-BIESRpj1dQykL6VrA040YATRrfcBwvO2N11H1nOoIXuF_sDkpLg-EIa109utksqVnTaKB0rvypjIc-8kNYR_2bDXsxuaii7krrIOBIjDD_FexZJtfDg?stp=s1024x768&edm=AOnQwmMEAAAA&_nc_gid=m-ar5jfvd3L38Ugt_jbFwQ&_nc_oc=AdrHP0yeJjfFWCugbobCeS12Oz9WT4Z2vKOjcVcVU2YO-2HFfnmWHbBaWZgA_CJEJNwpQ3sqqA85c-IRx9dFRE2L&ccb=10-5&oh=00_AQEvTetXN16IWQnWdnYumi8GIBUUlM-mPnqyrTL52o4zqw&oe=6AA48BDA&_nc_sid=201bca
1462512124091101,4oormcsrucb7t55y3g4lim,1539876852172,275.44146728516,-46.757911053999,-23.494023936046,https://scontent.fgru6-1.fna.fbcdn.net/m1/v/t6/An_cIDrBVzosljGYMdVTQumz3ntLxrC_D-nPo0XmUdlCERBhJUInsMfolR7Tei5KYTqEYREZLGesq7pp11dA9MXAwfsD8tEHvvXaoxFyLKTtMJFde-rYPrXeSctgM8H9dDGO6h57uqRO5lNZJBhMyQ?stp=s1024x768&edm=AOnQwmMEAAAA&_nc_gid=m-ar5jfvd3L38Ugt_jbFwQ&_nc_oc=AdpZA5I-3TjA0KQovtIz00brjOpJVMcfT5dKS7EiBG7gMIBe4X-mSzBcx9LFtQFQg5rKm0hFm_ZDDLcU2ocMNxsX&ccb=10-5&oh=00_AQFhuFUMCze6Qf3BXG7R90i61kiqsuEsQEuwfVcFadpBBg&oe=6AA47E71&_nc_sid=201bca
327974535332121,4oormcsrucb7t55y3g4lim,1539877120156,358.47552490234,-46.787179963927,-23.44921361121,https://scontent.fgru6-1.fna.fbcdn.net/m1/v/t6/An_3YCv5NmieNo27WHgCaMRCxllAg0x2Ibv7xiPiXqk7yzx1nkC8XC5TJZBFNVPMgzNVLfDehNvS2pNIBCk22MaPla14bxIsmbXtmCE05zmgrV3iLDouFDzUkehWNki-kYY8GYuw6VdtWCDMvE-jSQ?stp=s1024x768&edm=AOnQwmMEAAAA&_nc_gid=m-ar5jfvd3L38Ugt_jbFwQ&_nc_oc=AdoY8K6300E12bnU-seoPxgzE9Zu6txhgkIQ3NK5qJypNnUHHSFclSKQPg9YoCW6kOKRxpzCefC_KC9AF2teCEsL&ccb=10-5&oh=00_AQF2MvGCAfHukY7aPhM05Ku8hQjXz3vMlpjxocrGxsMTnA&oe=6AA49358&_nc_sid=201bca
939683840115351,4oormcsrucb7t55y3g4lim,1539877127154,352.29876708984,-46.787407061538,-23.447723114054,https://scontent.fgru6-1.fna.fbcdn.net/m1/v/t6/An9YSp0nggY3Qupne_wsxP7YEUHPEZnHfL7xHEHjcQVacYQKB8fr0tWA7kb5Mn0jdkWwGtnNQRObvJ2BFAyFgwEUOsqoYFTM4cdB9NNSgwUgDaOvvb9q3X9J_gH28Ff-0JpwJqG3fpoDQuLC9O29LQ?stp=s1024x768&edm=AOnQwmMEAAAA&_nc_gid=m-ar5jfvd3L38Ugt_jbFwQ&_nc_oc=Adpc-A5LiSTpzlPB34zAr3vdMqJj9FVtoFbwBzK2Gr6KcbNErkkikVlrIMV9vyFMCDGAKCAhyPX9670s5MwfewjE&ccb=10-5&oh=00_AQGbgvXcZ5n-U9fLRLqxwhhP7A68t4HBTp1X7s5vFD4ivg&oe=6AA47779&_nc_sid=201bca
5570853676289321,4oormcsrucb7t55y3g4lim,1539876590140,89.263549804688,-46.738336295927,-23.518340562173,https://scontent.fgru6-1.fna.fbcdn.net/m1/v/t6/An-3yChupDLgtQQgIlw3VhHz7sq4tO1lLjxBj8C13IceQks13NTdpfNRu1TtL0oM_LFsOjt_nhn0Q3wlVSoiB18Z9UwcmCfPwJ2qqIL862zMKAPDUh2nJ2j48IY0-zllhW94r9wZI7spXzktAoBbExc?stp=s1024x768&edm=AOnQwmMEAAAA&_nc_gid=m-ar5jfvd3L38Ugt_jbFwQ&_nc_oc=AdrdQL2FJ9OaqCWTQMYt1NWtaiBc6Q2_IQkJryqd_YvEyWxCMSsRCqdHyqkokbh1GCIdhIUXyGzpXpLhz2KMDIAP&ccb=10-5&oh=00_AQHoRiVrNKBCBEjM2xcGlwLLRtVfUTaurqeleZa5RS7QEg&oe=6AA487F9&_nc_sid=201bca
211838900498865,4oormcsrucb7t55y3g4lim,1539877219167,352.88439941406,-46.787270928423,-23.428496950474,https://scontent.fgru6-1.fna.fbcdn.net/m1/v/t6/An9in1AqirL_-1ZkrgsI74HLGhE6eRJqcv8RMeqDUINgEZkOYTh4X2GB4ABsWzXxRKlkwaZjG_SF8XEWr1b2u4h4iQHbUAWcaP0sCaYS6EEwAOSO72TuQyczovlrpvFKjZv_4Tev4bQFW9qE6VmkWA?stp=s1024x768&edm=AOnQwmMEAAAA&_nc_gid=m-ar5jfvd3L38Ugt_jbFwQ&_nc_oc=AdrVSb3U0zxwRyCkMlj4CkGpe_vabLh47oPFfYTaPchUugoIlknoLjOBcUtfe5jfPhhP9Wov-tHWrL1RPxpKvOlG&ccb=10-5&oh=00_AQFJ4lHKJVEYkHoekhGj0rl_Rj4D3vESlNDA7jSV_Vj3Kw&oe=6AA47170&_nc_sid=201bca
299896748259746,4oormcsrucb7t55y3g4lim,1539876751116,272.64086914062,-46.743139525536,-23.507667350562,https://scontent.fgru6-1.fna.fbcdn.net/m1/v/t6/An-h2B0q67xWaUi6ABz9uAC2Sn3lwMA4aXGspUOaTIJik7a8DZkI68qaIaIKYoMPHW0w82sBf5gF8pHRP9XkqD4A9DKxSr3dmll22tZfahOVLhnH_Gbt-4gCNWklUM6XpQfykIBNxUPMovuc8aHPWMs?stp=s1024x768&edm=AOnQwmMEAAAA&_nc_gid=m-ar5jfvd3L38Ugt_jbFwQ&_nc_oc=Ado_26nX49iR91qPrLnz41-izwN2IllSTa43_JgxFB-9yRnVYcsQSUDOqqIxKoMMU2w94r_iEXx1yvfACkK84UPO&ccb=10-5&oh=00_AQEaZU3vlRoMnnVv22Zgz9q0zk4GvNulXAnTuYMwk704mw&oe=6AA48A6B&_nc_sid=201bca
323325722711515,4oormcsrucb7t55y3g4lim,1539876581144,94.758575439453,-46.739805783145,-23.518325485863,https://scontent.fgru6-1.fna.fbcdn.net/m1/v/t6/An84dxifpaQLh3ZTTW_IlaOmmWkhnE0r1whGiD_ysFpMYb87KpD40QAozP_eRw5EQMlxZ20ha6xpUBi60aA5kKGuT_8p8rMtkh2FkqIA7MYPUN9UXmWdmhSK_sPBHNTnLM6mn_hhJh-zMXNILuewwg?stp=s1024x768&edm=AOnQwmMEAAAA&_nc_gid=m-ar5jfvd3L38Ugt_jbFwQ&_nc_oc=AdpOUnITKwNdS30v4LUKcisVZF5Dws3S9y_011OEiD6FpdRrENNblO77fXHqaj2c8_NG1cixy6Xp4x-s95Jb9UGG&ccb=10-5&oh=00_AQEGd_PuVg-IWeYKXXd_81E-198gE47wQT_afIDBVFNiGA&oe=6AA4940A&_nc_sid=201bca
267620841768678,4oormcsrucb7t55y3g4lim,1539876584149,86.333801269531,-46.73931881551,-23.518319306179,https://scontent.fgru6-1.fna.fbcdn.net/m1/v/t6/An9fqp84s3ZSLL4slGYxEocLSeWuivbiXLaFCE2FMSoQ7fWW6Zk20_milA-TLK8vx4TugHCGkOpYboKdkZCWZBPbmLM5SWEdGc1f_DMJHqv_kq4VOMe-UA8Rzva80QDl0uzvO39nu6s8Rk0dWgycTQ?stp=s1024x768&edm=AOnQwmMEAAAA&_nc_gid=m-ar5jfvd3L38Ugt_jbFwQ&_nc_oc=AdpCCySsPV36v95k4tte6RObiwl8DkBRBEUxZ12v6fiDs-UOfcCAQuyIKSq4kpLS3NYXsJWFeCbpMdoIU5zAmE34&ccb=10-5&oh=00_AQHRTTjptQDyzsG2pJt1QQjT0bqBXAlhEs335trQhr7CSw&oe=6AA473CB&_nc_sid=201bca
4315824091784479,4oormcsrucb7t55y3g4lim,1539876737136,279.03515625,-46.739686600548,-23.507887306137,https://scontent.fgru6-1.fna.fbcdn.net/m1/v/t6/An92EL2-eXCBKmj3jWt6x6uOfUZIZAoK2yPsILFv7SGefLcU8lg6dQ8U6oWlDP7BTEErnYi0J2KU-lL6jITFA0f-62WvK0vwWFxksvvuItqeWKE00x4VAHD2KUkY38YSifSEKhghKyiIi05LulGDDOs?stp=s1024x768&edm=AOnQwmMEAAAA&_nc_gid=m-ar5jfvd3L38Ugt_jbFwQ&_nc_oc=Adp7Ary7uhy06lHiEw-lPyzJ3NQYcnBEnmw72G6UdMDMjrYg0-QmJiLzTAfNc-8W_L5kLJb3PsFltMdqkHK-6XiY&ccb=10-5&oh=00_AQEV-E9TJ2DCHTmgYiEYIHAJfsU-QwW_T6yCr4zmC-zQ2w&oe=6AA47ED1&_nc_sid=201bca
192659686011827,4oormcsrucb7t55y3g4lim,1539876499128,356.46362304688,-46.746767020529,-23.521300728697,https://scontent.fgru6-1.fna.fbcdn.net/m1/v/t6/An9QVgx8G0TVk4-VBqs4r1i7B6vPnyQRK0x3l0JrO8VqAKzgMYtrRa_37HZm2FmfeggTJ0QoBiEinQUS1_IOx0ogh-mf2ZLI8rEm9t50CDpPUnSiCU7M85znmTfFMgz0XOe4uc07_JU4Yl54zIC5RA?stp=s1024x768&edm=AOnQwmMEAAAA&_nc_gid=m-ar5jfvd3L38Ugt_jbFwQ&_nc_oc=AdpqFRsc0FIAknWERVYBj2izHBxUWi9LVswxkk4kS-DUyL6KkOBcmU5CHX-cpaTF4Yg9QH5nk9Gl2O_ibSgVI7kd&ccb=10-5&oh=00_AQHJBFHrSqrXdE7B1EIZMWXpadYDUAdFgtdamCOJ9NOSzA&oe=6AA47F6C&_nc_sid=201bca
520242986022827,4oormcsrucb7t55y3g4lim,1539876816135,1.8881530761719,-46.7545574848,-23.500457493335,https://scontent.fgru6-1.fna.fbcdn.net/m1/v/t6/An8wkqJw9XuOEffTzswAFCDhDovJAZyPQ8cWIRwUPDmzdadeLNn1AtF7HsqpNlnvxGXlppeeG9WT9__OiNUd2EsSbu5cCNmFUmBYgY_IYpTI7qfgndhksmzdpAFOIt6fOzRkkyjJkqp2DImUjkiwqw?stp=s1024x768&edm=AOnQwmMEAAAA&_nc_gid=m-ar5jfvd3L38Ugt_jbFwQ&_nc_oc=Adoqc3D6RqK16uqXObkKJuM6lgDMxiuLUlU1Mq-pJXjmDe3HZSXEa8lpQ5-H7ynJ8aRt7L7FUz2mJ9FBp76p3qdf&ccb=10-5&oh=00_AQFSmBMz2l4bMBfUZaNmy1VMq-lsBi65veDO7KJPM6IkMQ&oe=6AA486C0&_nc_sid=201bca
808529903097799,4oormcsrucb7t55y3g4lim,1539876881135,297.57275390625,-46.764203120325,-23.49369649665,https://scontent.fgru6-1.fna.fbcdn.net/m1/v/t6/An9eJhIgoxU7PRusB97LKaFQBHneyZmiJnTmcNUvrcDAmD5IUwuwuDz--ujfn-z_WmJk5S1Oalnptjgzc5BkuCAuhD5gjhmoSAlzrXHmQT80p09-u5xXSvKfOTuqhY0TXQv0kUHUOInN9PcTGReSvA?stp=s1024x768&edm=AOnQwmMEAAAA&_nc_gid=m-ar5jfvd3L38Ugt_jbFwQ&_nc_oc=AdpUPo01f_pUdiOz1ixAgGZqY9wMfxqyDvzMG4WvnhJFtPSc4kLnKAGEOtwXjjKN0aKrBvvo7dBdBneTCDfp_uw2&ccb=10-5&oh=00_AQFY4NRRKO1JIU6BbbNFp6sv_FqL8XRBgcYq0gvqyJcJ1g&oe=6AA46B9A&_nc_sid=201bca
3688770431249384,4oormcsrucb7t55y3g4lim,1539877116163,349.24243164062,-46.78704325047,-23.450041940458,https://scontent.fgru6-1.fna.fbcdn.net/m1/v/t6/An8P2HQ3zfN7Gkoyhe647_gfonxC1E8Dm4tjnJ4JCyfa96SZAbez5mx7hPakv0RLADTPaAWESxmKGsTtT4waqM3W7zreFlge7z40xZyl4PXt2zBVSsdd_NjqNgCj0Q6sCd4UiiR37qAIRG3J9tnDIQ?stp=s1024x768&edm=AOnQwmMEAAAA&_nc_gid=m-ar5jfvd3L38Ugt_jbFwQ&_nc_oc=Adr7dQCKHNQDHF79WG88QrLKX5xdrniGFA_vkbPlNfCnWtEKr-iUHbfE4QLMHwNDimGdm1L5EqIXgEeOUdCw4RKt&ccb=10-5&oh=00_AQE3Z8opwu-47av3-yLQqSOdwPmJ6Zbzj4r0gDlHh90Y8w&oe=6AA49421&_nc_sid=201bca
297964125250362,4oormcsrucb7t55y3g4lim,1539876869118,263.26416015625,-46.761526491693,-23.494301797226,https://scontent.fgru6-1.fna.fbcdn.net/m1/v/t6/An--4MNvgTWgbZ92_tAXTK-CJigEBpV1A3iY0LeAgnq-50ZPfgFQXrVcG_ILMnJbXZPcx8EcnGMITB0gZTbIOBN4jd5E_s7lNOPXW36nyhUzNY0guZDzGs8r_96XRxYgq9Tez_ChHGY7S1uLxIYJ5Q?stp=s1024x768&edm=AOnQwmMEAAAA&_nc_gid=m-ar5jfvd3L38Ugt_jbFwQ&_nc_oc=AdrIrOozjbQAQJa6g8ODgzyhpTnlUqimRlPcFqnOTZwrx4hoHIHvqdBCGO4PE4slDaj-47ctCGcs1iFjfwBJovoW&ccb=10-5&oh=00_AQFg3KOIDBR86kFgpj-5RvRrZPq7Ukzf2lYPRcsI5Slzow&oe=6AA47D59&_nc_sid=201bca
302268814818393,4oormcsrucb7t55y3g4lim,1539876592158,90.768890380859,-46.738008152549,-23.518373441533,https://scontent.fgru6-1.fna.fbcdn.net/m1/v/t6/An83A7bNeW_4ZxqGXwNMa4V3YbwMRnpUdsVYknv4jdj87tb080N3nfjJ0IESbswY6rdS8MMxbdzDb0TpQJPzJKKv_GvJf6PpgwP4LJcd400YBnYXAaLs8SowKDAH6XCBifXnXUwE31fS-KhESHcfWA?stp=s1024x768&edm=AOnQwmMEAAAA&_nc_gid=m-ar5jfvd3L38Ugt_jbFwQ&_nc_oc=AdodUnCQxrBqkTa__rKd2y2ndI29bwVSCS5IP2vV0IIuxh7qmnbkXC80xLjEw05uSX5oBJE-MvwtymsGVvVOe35f&ccb=10-5&oh=00_AQEa-Li0UXWnNerP9RcWpPI3PdDOVz9S_HLRsoLpjS86JQ&oe=6AA48FE5&_nc_sid=201bca
144277857675995,4oormcsrucb7t55y3g4lim,1539876566148,87.36328125,-46.742169118631,-23.518166907152,https://scontent.fgru6-1.fna.fbcdn.net/m1/v/t6/An_aeKvBQFDyelOFt392hGy13qpe1JYOg3VDp0DqJ_UsIV2LDwBt6lDw0B4iEyF1NoawYhzV3syA6Ek2lamNDj-g48F_E1wsK3eMLrxBQm5BzGrP2erCCJn_Pet0iY52MnF-PfhQHrPh8FmuG-AZOIY?stp=s1024x768&edm=AOnQwmMEAAAA&_nc_gid=m-ar5jfvd3L38Ugt_jbFwQ&_nc_oc=AdqD_qLd6XyJ3bM8LFSkVERmevDhzxJmYpCWzBn2wTrf6hijH9ePHkxv3CeiK0AZHgZTce3hV4Cp9Qs_p4d9ltQ1&ccb=10-5&oh=00_AQFh2_oUuSgUngY8ubVsss6K8xoS2qekuc5kyRQIT8ujlg&oe=6AA46311&_nc_sid=201bca
159739796084801,4oormcsrucb7t55y3g4lim,1539876510143,26.495025634766,-46.746616096643,-23.520935480311,https://scontent.fgru6-1.fna.fbcdn.net/m1/v/t6/An86PN4iT0Ab2hb2SvF8DXzMkHFyoQBL5PE43NwqHpryyIM8cWiuwAA-eVsF0jzKzVVQvtPqgRZhfhF2kHbTU1DuvH1PtdPJjdkylXIT17y_9IfBr4QYF8dNb78VLpmfffcFqK6nkIjDZfAHNVgYZw?stp=s1024x768&edm=AOnQwmMEAAAA&_nc_gid=m-ar5jfvd3L38Ugt_jbFwQ&_nc_oc=AdrZ4e8tLmMpxOwFjQbOAEXwoTRF1Eqz8IuVjZJpVHKPX_dz9CgVDbUhtZfIy3z9X-TBsNyGDA5u4NIrD2GTu9m3&ccb=10-5&oh=00_AQFSEs5VnFbi5Lh_OWvMMdA7IqItQCzzsf48RkaGMTepmQ&oe=6AA46A9E&_nc_sid=201bca
217303476544599,4oormcsrucb7t55y3g4lim,1539876707135,283.32904052734,-46.732217893977,-23.508633107158,https://scontent.fgru6-1.fna.fbcdn.net/m1/v/t6/An90epnKn4o0v92qcHHeOu-rZIgJQFCvL1zIY7J6T987dbeSEImXQOBLy0knLdgEDyahVJncNnZa8dhbJotWCfx_mvIs9WxKZeJ4ip_QA1OIgFb7Wtz4OaXOF3NHJ9-J7lmRdPTExQoi1hnKlZgT5g?stp=s1024x768&edm=AOnQwmMEAAAA&_nc_gid=m-ar5jfvd3L38Ugt_jbFwQ&_nc_oc=AdrtgCcFNBF8yWkpM690HGilA7lP9aiNFM8kmXgKseS2JKcoUWFlma1jsqF4tVHyEprMHbxwHhCjOWoP82nReaJN&ccb=10-5&oh=00_AQEIz9GfDt7FdgqgX9pAJ8YVwoQ8Au8Mzr0zMe1e8_9P3g&oe=6AA488BB&_nc_sid=201bca
280700943800185,4oormcsrucb7t55y3g4lim,1539876713145,280.28405761719,-46.733611565199,-23.508428999279,https://scontent.fgru6-1.fna.fbcdn.net/m1/v/t6/An_c2bn7iuYulOAoVcc92NP1bTCJ0iET-p6DkFgo4idUHCT596kqudBCjvGeMkswPQyjMIDF6KqOzs2ofJ8phB1ap4UmEDReM3xcAg147qS-SlS8JG3xzTGFrvvr-BRjYHq2WPkcgjcktjOvAvx_2A?stp=s1024x768&edm=AOnQwmMEAAAA&_nc_gid=m-ar5jfvd3L38Ugt_jbFwQ&_nc_oc=Adoz1tBQNBf6kuYl2mz7kVnLkDTjFcXdLecGTmBZ-wEVfVaIgpVzmHl58sei-P_zXwdo9ESIkrSxq_VRsubQVpnt&ccb=10-5&oh=00_AQEL53iVfWM3Bez-MOvMuQ1b6vRO4IbFN-L8krUc2o6AEg&oe=6AA4678E&_nc_sid=201bca
306669907621455,4oormcsrucb7t55y3g4lim,1539877285164,300.69311523438,-46.79551874595,-23.420026547785,https://scontent.fgru6-1.fna.fbcdn.net/m1/v/t6/An8LMLqRYFKTkIT475PJl6cb9DHWZT5X40LAATuXJeR4zACrqCqhgNMl0if1DfehhSCiip5guSLFUPzl2cjQ3j7g4dMuayxz8fFtIOHIfsPF1nIgjcnuidOMN_IgB5xUgh_dWzUSEOckbe6KQZWdZV0?stp=s1024x768&edm=AOnQwmMEAAAA&_nc_gid=m-ar5jfvd3L38Ugt_jbFwQ&_nc_oc=AdqhDxm4DB2mTQ5lTjLloEE64OG91Xod-PkY1Lv0G5BGl6zmwrZIBk3qyI7kmBqWwxE6SCaUBWwFHXiPDeqOoGjT&ccb=10-5&oh=00_AQHALoHYlb5lgudQ4yUvIi_a9XI-l45-89VfMrq0OJwe3w&oe=6AA492CC&_nc_sid=201bca
3920236964723213,4oormcsrucb7t55y3g4lim,1539876819126,2.7513732910156,-46.754581849316,-23.499682136581,https://scontent.fgru6-1.fna.fbcdn.net/m1/v/t6/An_K-QOh_RunL3m4fZY8WnZhMr4M2QcEEOF5Sl19rofUrgLx8k47qx3l18u2C4SryKUqAC2UBSK-SdKxsarMWjOmA-BNE3KPsoIR50ffu3bWNboHKHqf-mOc5wcH0A8zJW6DsjQuoNTab2iquipkHoY?stp=s1024x768&edm=AOnQwmMEAAAA&_nc_gid=m-ar5jfvd3L38Ugt_jbFwQ&_nc_oc=Adr2Nlk2PLd2M2x9_Ae9RdyvWPv8DyhrobihEPPGaaszxZWvjqHWo7dBN-gU5mRzd4Ox14g64spxuhU0V66EPyn-&ccb=10-5&oh=00_AQHqjaFt7f8VwPkYgmxKlZj-w66D5L1Bk_3Kl_dbf-pQag&oe=6AA46CE2&_nc_sid=201bca
466833284379442,4oormcsrucb7t55y3g4lim,1539876849271,286.15649414062,-46.757216922251,-23.494140331334,https://scontent.fgru6-1.fna.fbcdn.net/m1/v/t6/An-1NebdEARkOLZDcBy4O78z4NhToe0iggVMyvO_usEZdS2-2Wffv2YD0i2ZCGSRLFFb2Oiv00CJUxuKUH7L-sl_un4elCf57zGGvRbzqDGpIZET5Ws7Z1jAAIhpjnrwaeU-zvtpDo_w3ZnRfee3FQ?stp=s1024x768&edm=AOnQwmMEAAAA&_nc_gid=m-ar5jfvd3L38Ugt_jbFwQ&_nc_oc=AdrgMaCP0jCSkz-J04uRigCIMwhAYA-j02zuLhVyBD46FkmyxEy1eEhmFxb6kR1TT9VNRLShq6iaQoY0uCg3JDww&ccb=10-5&oh=00_AQEDMW9yuQW_7HfHORmsROklu4IR2oUqT6K0d4ThaGmK7g&oe=6AA47E69&_nc_sid=201bca
481571459590291,4oormcsrucb7t55y3g4lim,1539876598135,95.260437011719,-46.736951327704,-23.518419146288,https://scontent.fgru6-1.fna.fbcdn.net/m1/v/t6/An-CkyNLXXIX7GSapJjJqq1mZlGJv3Hl7uvcPGs6aOMID02b0JQnRSaCiNg79No8Rj8B_e1NYrJ2zXuWH1qYTt3GTImUrNtq0j17hB9_0T5WBllPQK5PE0DA8fYLZy31UgzAkEbOyhY_KQQZyrCGMdk?stp=s1024x768&edm=AOnQwmMEAAAA&_nc_gid=m-ar5jfvd3L38Ugt_jbFwQ&_nc_oc=Adr4gO2vvVo4-uzYPhhjGhg-ijMs-zyBt26-Ao6MUEJznuZjvZe8uiEoNKsdIGHyxWxFh8wdB7muGzM9VnUiTwaG&ccb=10-5&oh=00_AQG-yxw_wIuYz6cynTkHmnjFDa1RmZzRILYmW29ssP1h7Q&oe=6AA462AA&_nc_sid=201bca
478493390237015,4oormcsrucb7t55y3g4lim,1539877229156,347.83972167969,-46.7874401817,-23.427143430442,https://scontent.fgru6-1.fna.fbcdn.net/m1/v/t6/An_R7HoV6y_TCqNHAnVsf1bU3lfBrVaHJMpKRMKxfa3edirS9hlTNXcfyVWFNK9kMGG_s7Bk3azg6rPm9O8638b1QxnXkF7US4YHBcO2-yoryJL3bI6MkwWBnDxMGHjE7ndMHE4hqPpTGTZzuImEWg?stp=s1024x768&edm=AOnQwmMEAAAA&_nc_gid=m-ar5jfvd3L38Ugt_jbFwQ&_nc_oc=AdrGmpPonHA2f5Zge70euNbCQmB2gshtnPtON2QchOoc3oxjdAGPb8BMlItqZq1OUV8i2qSO8EloGFTSDc_iOWy3&ccb=10-5&oh=00_AQGuAGzEGjGYPh5PVJo_dTS46Q9lx2VQq0_mgUerzkzpTg&oe=6AA4716E&_nc_sid=201bca
931581544306195,4oormcsrucb7t55y3g4lim,1539877039175,1.5465698242188,-46.777744825638,-23.465735823791,https://scontent.fgru6-1.fna.fbcdn.net/m1/v/t6/An-asWw7r8zu-76HMbGyhMItpnFw2OvjIdkE5GNtfRmT3C0WBnpIwLB8qvayAOL7DjJ37wRYLWVIZaGfzm9MZCaKVwddXZROvKkXdEYwr9bVSCA6mA5QstOoSIFCgwusH3D8RH5F_yCGA1jcdfzwbG0?stp=s1024x768&edm=AOnQwmMEAAAA&_nc_gid=m-ar5jfvd3L38Ugt_jbFwQ&_nc_oc=AdrfVXgLRrK7cyeLjB_HV9f4oeUIk4Pa7OiwgmdDuNS_NLIUOFgwe7AivsZ7MrkV15H8ZbakOULpI9di8TxgfcDt&ccb=10-5&oh=00_AQGCCSXRmK26GHi3b--I8uzmFlx69rO_f8kUru-IdbbQOg&oe=6AA46437&_nc_sid=201bca
1557535761102267,4oormcsrucb7t55y3g4lim,1539876599139,94.930480957031,-46.736782560891,-23.518432495727,https://scontent.fgru6-1.fna.fbcdn.net/m1/v/t6/An-VbX_da3QJyDQHiRQGrEO4IVnStRsvLfgkXbTN0wdFl_p-cwd9U1hjwblSfXNHU9_9VBnFJuJe0qz8o73Y98h0HuK5KMjjch32BcwSu0Wf4WsECL72T1GkHZYpPhwx0xdCwQKWt-iCkrq2wkeThg?stp=s1024x768&edm=AOnQwmMEAAAA&_nc_gid=m-ar5jfvd3L38Ugt_jbFwQ&_nc_oc=AdoY_h63otZD-i0JWLF5_ye--0GwW_iwfjzHoP-297iUA_YZZNfD2AimsqOoMZmflTSqOAbzZyNkGcxbAiBmMIJA&ccb=10-5&oh=00_AQGGuk05IqLbDX6Y9cFARfaPTJNZDOMyXPnfnyZNA_FjkA&oe=6AA47186&_nc_sid=201bca
206445511106828,4oormcsrucb7t55y3g4lim,1539876515148,21.103942871094,-46.74647361962,-23.520633535641,https://scontent.fgru6-1.fna.fbcdn.net/m1/v/t6/An85gurpDwiAVsDFU8qASknR5Fy7WtKf1ufYzYqt3EMEp89WFQ42Ufz3B5-Yoo4iVb-Hffr7R9RSA9j0JNN6pFoP4NAQDRXwgeoAe4-hQHnGCvm0XPkpYGNTJT3St97TpWv0ubXUtGFgO0cZSmyJ_Q?stp=s1024x768&edm=AOnQwmMEAAAA&_nc_gid=m-ar5jfvd3L38Ugt_jbFwQ&_nc_oc=AdptgrOmhvaMF5ZT7EcOqTI4AS4KXaoL-H7cpXE9dX-BFMzvCFMcRl1nwopnm2_PLOyUvuRXVjUQlgT7ywelcsBp&ccb=10-5&oh=00_AQHQBFCp2xL0YjvQoIXVTSuEaI5Ce7hHZPMfUUq5gc6jCg&oe=6AA46DAF&_nc_sid=201bca
312288160406562,4oormcsrucb7t55y3g4lim,1539877051170,319.02172851562,-46.779061264474,-23.463528861356,https://scontent.fgru6-1.fna.fbcdn.net/m1/v/t6/An8L_eyeab4CLxh_zpv24dXSECxSpQJ5MEqv9koIz7bHjQLLMzZuxaONwG-bpuptemPc7pbVvqaZn-RurInTTK1X0Y_hEIkeSOT0z6gQ1xD39RF8Cldgb4sURQgaZew3JIrdIKbscYMhu4Qw9Hr2Qw?stp=s1024x768&edm=AOnQwmMEAAAA&_nc_gid=m-ar5jfvd3L38Ugt_jbFwQ&_nc_oc=AdqGJ1O8XuRhSpx53vbjj2P3vOYwyj16GZgIrY-NE13QbSZ8xYEGGj-pgItPNcb1ZGSWY8hlTfEAx-VBmyb8DiLG&ccb=10-5&oh=00_AQHMvEPW9AgZMzUiTfTudTBFAo3bAHRGHqbwXWpUUh8qiQ&oe=6AA488B2&_nc_sid=201bca
599933974301311,4oormcsrucb7t55y3g4lim,1539876944148,6.0171508789062,-46.770636915029,-23.48111603719,https://scontent.fgru6-1.fna.fbcdn.net/m1/v/t6/An8XsECQJVu-45VYZ7OtnXvx55D0CFsnGkPSJcw1ptxqDEWHP7v3z6SL563dQU8oZ3mhJbDcjAjHb6QH-gLNmNiUqfSTiKcSHXI263pxUh6Hb94ktGvuLp0YA0Rv2zVYB__PBAjxORzQiKjpjiBnNRs?stp=s1024x768&edm=AOnQwmMEAAAA&_nc_gid=m-ar5jfvd3L38Ugt_jbFwQ&_nc_oc=AdokB76ALBw_EORXfnPDjI8V8CkTFwzFUUQiLaql0d7Z6WD1Dnxlf3BmoEU_Ptr5pP7RwbJLI--CH9JRvNxKalqG&ccb=10-5&oh=00_AQE-hm9I9Z9T9HxsiIvmOqaRyMUh6t0-NHtNg0YM2AiFyw&oe=6AA494B9&_nc_sid=201bca
795835467733493,4oormcsrucb7t55y3g4lim,1539877236154,356.40051269531,-46.787533065942,-23.426354220264,https://scontent.fgru6-1.fna.fbcdn.net/m1/v/t6/An_PegrTA9wBHZxEmXEyK2MfEDhaKx-agCdooOyvNplBV3wwYfjRjCQRknyxbddndkx_KTzXmYEbItWvRqxmT1w6sSv3roUWC5efmla7ZJvieRsv5Z8yuWEoRBIWwG5UreTeKjp50zMHw-RWIqQOlw?stp=s1024x768&edm=AOnQwmMEAAAA&_nc_gid=m-ar5jfvd3L38Ugt_jbFwQ&_nc_oc=AdpwLGqIGSNKqRs-un_vIFhv1_A1L8GT_XzD0s0B4vvL2qdIVEtvgkQGH-hGcvg4vATwC81qIWL9Sr4Eh9yKKXq-&ccb=10-5&oh=00_AQG4LnEia-3Ai8OX1uvMX7-glmv6KzA1Z--EeGtpQfiNJg&oe=6AA47F88&_nc_sid=201bca
1828676130624583,4oormcsrucb7t55y3g4lim,1539876622145,83.094757080078,-46.732674480211,-23.518421880369,https://scontent.fgru6-1.fna.fbcdn.net/m1/v/t6/An_xsq8uo5gJ0iJmj9Hl_Js3Khu2QalBmuIF8AaleCKo7h5qjrcMbagepxffgSgEFR4yY9OWPn_zy-68oKnB44PvzFkhSIXL25J0FowOGiDGG61RA69BQDwPyf-VY5p5oqbNJFChrlQUYILS8RjAXA?stp=s1024x768&edm=AOnQwmMEAAAA&_nc_gid=m-ar5jfvd3L38Ugt_jbFwQ&_nc_oc=AdqI10CLgMMZ-EubxLmmnVd8kflxmUkV2nFkHj5Bt6zgyW2yasIM0g3rmBAjtXa8UABvtZasBpkMQTlmTUJ2Cltd&ccb=10-5&oh=00_AQF3dyfPwU0SctZTtHmjEhLxH9c8uKLtgmx4GPzvOlkD0g&oe=6AA487BA&_nc_sid=201bca
3005012333053951,4oormcsrucb7t55y3g4lim,1539877164155,10.502227783203,-46.786036571174,-23.440037747436,https://scontent.fgru6-1.fna.fbcdn.net/m1/v/t6/An9FnzTH1_vrc9GTDMuECbtNB2HnzXcM7q4F4kxi_pUjESBWCPelXbkDqcxYBg6EV4CxKqyvPkBFyLkZ4OwtdfTUsxfzJD6JaVfYuLtIuosSha73IeYGgAZi2wkUqfq0u30fS2yNQ9zYX9j4bsimAg?stp=s1024x768&edm=AOnQwmMEAAAA&_nc_gid=m-ar5jfvd3L38Ugt_jbFwQ&_nc_oc=AdrfedKb3De6dluefq0XLELiuhvEb4Pa46U0VHKZqNXV7Rt5pnz9CUdZq0gswyV7i_ZjYVGwkoPUzArJ9Da_zoUQ&ccb=10-5&oh=00_AQGbR808e5H4zhgfxI_zXlbkLbyqwkFsJBdZQOqmxAGctg&oe=6AA47D1C&_nc_sid=201bca
113635590782395,4oormcsrucb7t55y3g4lim,1539876602148,92.472137451172,-46.736265534824,-23.518478046914,https://scontent.fgru6-1.fna.fbcdn.net/m1/v/t6/An8Y4mk_YPJkHambsU3fAca2afW7WQYNkWtFxHbcvNzjHjQvWbGdcSp0TrojB0G1z2L3QTFiJfRT0qoQ642oHXpfuMGlGYhFeTvUeCgRUqrr1Jrj9zaLHMgfPzfYicdGvpJzQHvlVHZyZhMPQFGT_Yc?stp=s1024x768&edm=AOnQwmMEAAAA&_nc_gid=m-ar5jfvd3L38Ugt_jbFwQ&_nc_oc=AdqPQOyK66GednnQwVppNdPVtewHRsgj034z9six1vd8HxwQ3bo3mg1cNs5B7SzmBjVndYyTeMJDeMxRZiCh_CmY&ccb=10-5&oh=00_AQHvvBACk_RxgXnaS_XQpUYQx5-9DS9iMWudivVPD3bf4g&oe=6AA48CF5&_nc_sid=201bca
147576627342291,4oormcsrucb7t55y3g4lim,1539876836162,327.36279296875,-46.754968109718,-23.495708962753,https://scontent.fgru6-1.fna.fbcdn.net/m1/v/t6/An8yMxeZZunBlqx6YslCLfzi6TcpU4Zu9x6ZJ4wSOcDD4oAZJUi1S-whArmnKA_YL7kAIiGVHkFvVt6SHYrjBbFFg2p2XbZ6Eo7YRY1Tu5DWzP5uvjUqVUYHMzSa-F9tRLC8cVpfRBmz4pOL0ZbWeg?stp=s1024x768&edm=AOnQwmMEAAAA&_nc_gid=m-ar5jfvd3L38Ugt_jbFwQ&_nc_oc=Ado6Cm0YmY6imQghTJc0IxawKASqd4ekCWh3xxTKqVctkgtSGcP5v0p31ZMJLp9HLWrSNcX5-EXPC_F8qty9l2jy&ccb=10-5&oh=00_AQGUVloyGn90TThGCP6g-dG4ffv3vK57IbQnLk26wosGNg&oe=6AA47020&_nc_sid=201bca
271016878055718,4oormcsrucb7t55y3g4lim,1539876595370,96.861633300781,-46.737297822156,-23.518402873694,https://scontent.fgru6-1.fna.fbcdn.net/m1/v/t6/An-5q9-HDM0m5qbhqcnnmi6cd06kwBXhf5UyvZstG4L7u4ikr-no1GXK3Pj8h__8SJqR_Gid_zYMAWR7_m-fKnP-32M2xcDDvs4v3yn93IuhMqtczMdpdFxRNhec1hxlsqJhI9fZmNLjfdLc2ECEzXs?stp=s1024x768&edm=AOnQwmMEAAAA&_nc_gid=m-ar5jfvd3L38Ugt_jbFwQ&_nc_oc=Adoz6QZr8O2b4vlAmanV750ofwD4qQqLBA5Ln7u5EB90eYxg-b3ip2RmdTi4uBnk8bSdQNLSD8T5vgh8OIiBIVll&ccb=10-5&oh=00_AQFe0cT39XoMt7eDdJz9o1UkanIMxQRuuCa_MlMMjRZtmw&oe=6AA46118&_nc_sid=201bca
1114363139059750,4oormcsrucb7t55y3g4lim,1539877266152,298.669921875,-46.791500662881,-23.422182038574,https://scontent.fgru6-1.fna.fbcdn.net/m1/v/t6/An88NaF3a-Fh24_F3Tb3FmFrrt9KDgIrIYcNdS-vOdDqgvH9sCxYBvvKFlQr6B5HNMt8lFuTsf-HW7lfy7W-c-lbOqJcO9xJPDVnUY-ixuXaDdj9yO8I_FeBHl0ut7r3lNN7np2dK4g0QaQ7c7JyUQ?stp=s1024x768&edm=AOnQwmMEAAAA&_nc_gid=m-ar5jfvd3L38Ugt_jbFwQ&_nc_oc=AdoY7w6R4wT7ZIfXC_LgXkVppUqR1x-IpxEMUQb5zQ6u__4HwT9Z1wacDJI67CulKfKft1X6BNlUa4kwJjO_RDQM&ccb=10-5&oh=00_AQG_6JAGLLBRC2NZJcv0z5iLvuI7OWJ11dgFivd9IHbl4A&oe=6AA48A87&_nc_sid=201bca
311278317034495,4oormcsrucb7t55y3g4lim,1539877216152,347.81213378906,-46.787209973278,-23.428987678919,https://scontent.fgru6-1.fna.fbcdn.net/m1/v/t6/An_qm0hHaE9LH093SRo197h7SUgEf5mqQu0Cx5bvp6qpjGVm6oAtYlFtNLJ1fCMNzVEuYP6n6rCCMK6Z5qtuCymqmfiN6zmJEHfcc9G9LbfuzdDDGB58f7dnH6TbXhPBmxhFm-ZICgvqLkMk8X3G-A?stp=s1024x768&edm=AOnQwmMEAAAA&_nc_gid=m-ar5jfvd3L38Ugt_jbFwQ&_nc_oc=AdprZ3-FBoCB3sKTfJRwHzwdNYREtVPK2Fz-yeln5V3mU6YGQzAq8ZUqRoKKRDZ_V4NcnALNB_uJe_KXNfWW9M5Z&ccb=10-5&oh=00_AQG0ZTOQOeOYNVSdb3fZeZmE06HvnPMtkFwprj21bokhTw&oe=6AA48C33&_nc_sid=201bca
316327293223764,4oormcsrucb7t55y3g4lim,1539876975175,317.20434570312,-46.771099931291,-23.474495235284,https://scontent.fgru6-1.fna.fbcdn.net/m1/v/t6/An8e0JTTbr3lUJrEYf-KI8d1WZ8VaWNYN6eUpjhNbMTTBzUFtt5oRlkvj_C-t-3dtaD4SH4DXGEUdSAsGRJbkuDxxNKtujbuur0-IVYnq_rEHnrTeDqH-0GTRSm5gUxh6h4WApOFOF049QFl-OcskQ?stp=s1024x768&edm=AOnQwmMEAAAA&_nc_gid=m-ar5jfvd3L38Ugt_jbFwQ&_nc_oc=AdpKAGnyVea5Lk7aXY3i8hWR8bFmjtOhuRedL7TaJ0uuLKh7lcdKiMUuPf-aVim45NrOAdilC9TDH9AJK4B2t-Ig&ccb=10-5&oh=00_AQFmwq3XzSH69EzRCwxys9_x1GeoPjGM8KuQcGQV4UW5_w&oe=6AA48126&_nc_sid=201bca
943078689800618,4oormcsrucb7t55y3g4lim,1539877249153,334.83618164062,-46.788224352739,-23.424662416211,https://scontent.fgru6-1.fna.fbcdn.net/m1/v/t6/An9d6tCh6Q8td3NV2x0oDG93GqHVt1ErmdFTK1A9ddDnqyF3b57zI3DlcgY3JqRC5pkOMhm9sDhw-8IBqLY3N4OJFYILZMXCWG4FMk1McVRooCKNjadIAb5bOj0dK59CIRZruT3mHvWZ-SygcZUB-Q?stp=s1024x768&edm=AOnQwmMEAAAA&_nc_gid=m-ar5jfvd3L38Ugt_jbFwQ&_nc_oc=AdoJTu7pZC_MFWJmcGSHxp3A8RT8y9xeyOJcSYWmMp668OrxZpA7dYsFQA-AZW5qIEiTeMM9Kiw6msMv1NZVDxrv&ccb=10-5&oh=00_AQED2LuwwS5DhoGcRYmlz2wQsNALqyUpciiU4LruFNWFzA&oe=6AA47D79&_nc_sid=201bca
1092828334571652,4oormcsrucb7t55y3g4lim,1539876582145,94.431579589844,-46.739645959208,-23.518336843241,https://scontent.fgru6-1.fna.fbcdn.net/m1/v/t6/An_GYxJqkDenqUQOOFIgJ1VNY-O0rdoYJM-a8MQX95D0NKduUC0rPX4qXubbXm8bD1b3QUqjvT-fwTqEWA4-gE8ujgsn5w3Lsn040-c_64VRhl1yDhJjgOb84433-m-LY1a2s94YxM8Scko3kiHA1w?stp=s1024x768&edm=AOnQwmMEAAAA&_nc_gid=m-ar5jfvd3L38Ugt_jbFwQ&_nc_oc=AdqnesaJKozD-zaylIMlQgK5mXMQAb-Rl8c38eNfMSBohi2QNMtsihP2F3occLUhJrJ8PhC7k3zD10uRngQUkXq3&ccb=10-5&oh=00_AQHl-o6zjgFrazmsRcpTPBSS7rouEfPycB58so6x5eYNnQ&oe=6AA479EA&_nc_sid=201bca
2224062937726347,4oormcsrucb7t55y3g4lim,1539877208161,358.68145751953,-46.786958974903,-23.430377162852,https://scontent.fgru6-1.fna.fbcdn.net/m1/v/t6/An8NolmqhrCdn_9v1ls4QNUBXphA1edFjm8o-X--vuCikA9afLxif_XrOGWodkdtspRagqmiavRix24X5b71ynV1PzSzVXXMBIR5rn37udCOgzuFW8504AULNoz3c1Qj5ixLjgGFe3cNhCkMr3BoeYU?stp=s1024x768&edm=AOnQwmMEAAAA&_nc_gid=m-ar5jfvd3L38Ugt_jbFwQ&_nc_oc=Adr-AnNHVXeQxKGAoYUCUpyiqTM8qrxzC2K0YwYshUubwr8PxsiRgtFRAS8rrGtvRzXObtuZQyihGcEtTzMFOpfa&ccb=10-5&oh=00_AQEZcWIQAGugcqZW15omTpp5syUFwmoZ6Lm5XbHjCbCT8w&oe=6AA48FDF&_nc_sid=201bca
3946876975381064,4oormcsrucb7t55y3g4lim,1539876587150,90.106994628906,-46.738845246948,-23.518330367922,https://scontent.fgru6-1.fna.fbcdn.net/m1/v/t6/An8vdy2KfZbaj2WJNKs_Xlpjnn8s9EySOUOdZIGkzmE5QeYjVKu8qtS7TN50YAbhLKv6Jgz8robfNnmPEh76r7C8LAJe2TYNJDig5IG7sOULE27ZkF52ZWVhwf0L2r_n8UpmjVVmQesKVM7-HqJnEw?stp=s1024x768&edm=AOnQwmMEAAAA&_nc_gid=m-ar5jfvd3L38Ugt_jbFwQ&_nc_oc=AdrFH17BJh2clznvP6mwJ7uN63oDJQGSVHqF92Z-EZii2ozFsXgm7NhwYsl7UaQE444__cMw6-4Jj-bsRmgy1GNe&ccb=10-5&oh=00_AQF4Zi23mxaaZqrY971UBCFQH2STixu2tEGfXhHnlEhMyA&oe=6AA49698&_nc_sid=201bca
1098393704006287,4oormcsrucb7t55y3g4lim,1539876596156,96.861633300781,-46.737297822156,-23.518402873694,https://scontent.fgru6-1.fna.fbcdn.net/m1/v/t6/An-IFKj3fooLUx1yqfAakaOLkfWM4nVkqGRzbBOMD5P0njV_DBgLrG0eLVFVLvyKTIVzR8Xq0rE6q5h2MHgeJkUhpAqkKvC1fLblMN6SMDZAnWIdTJh3CTHoYeFLXxjmW11tLp5TiFlwn19cIPx409g?stp=s1024x768&edm=AOnQwmMEAAAA&_nc_gid=m-ar5jfvd3L38Ugt_jbFwQ&_nc_oc=AdopEBvLWwrcF4dkNuOtwASPTN_Q5zgrr82Uabtcj8GG6k1-MBsRVUDL0_nwb2l2kHzks8vTPPyLCYcKp9LJCXqd&ccb=10-5&oh=00_AQF01ZIjbpcZnBa8ZMFlu10oG8XBL2Y1F40M0iOuhv18gg&oe=6AA471B7&_nc_sid=201bca
502150640980421,4oormcsrucb7t55y3g4lim,1539876875183,279.28094482422,-46.762850457452,-23.494212253087,https://scontent.fgru6-1.fna.fbcdn.net/m1/v/t6/An85syDCl6r57DmC9JyGlHr3SRzTmSRxk132o2Fn76tmNxjhKY3Z9_x2CROIZWsGSn0gzHUnf752ctGm5nivPIjfTrG3yGGYYmhlIZOLedjJvsDwYfb_XAQ9r2mEcit87TkZ9om3fwkHcFLxqITKQuE?stp=s1024x768&edm=AOnQwmMEAAAA&_nc_gid=m-ar5jfvd3L38Ugt_jbFwQ&_nc_oc=AdrcTJ_jSRYBf9ZAqjvXJ5854NuNPa15uZivx5Ho3XxvPfAidc1Hl9xD8dnaHBUrD5P9WBchMBhMrVH7nEoeyHnP&ccb=10-5&oh=00_AQFNx78vUI7ZskNAvNw9WXV0w1jfnZeA2XTrYpQyOcvNMQ&oe=6AA48F93&_nc_sid=201bca
899686447248003,4oormcsrucb7t55y3g4lim,1539876594135,90.862121582031,-46.737659212199,-23.51838504017,https://scontent.fgru6-1.fna.fbcdn.net/m1/v/t6/An9TnuqRzmlHlxe8XzaCLjZYHb0z1cdRd53THVNnrjkPsYgef5D-kiuJnQIzoALKYGqr9Lvck4toeXS8FCD2lmwp-CAVYwqxxUFYtrUgVpa1h9kmmLP0ZX2ZtWaL7LIF6nsvLkSMEtf7A8Jzjgk8eA?stp=s1024x768&edm=AOnQwmMEAAAA&_nc_gid=m-ar5jfvd3L38Ugt_jbFwQ&_nc_oc=AdprHw_ZQy_xMF_aMIowhUPfVHjQRBy27hfIkXPAHPFnbLNLbYqNl-SgPd-wq1B6Nc7oqm-AhgwoL9P98reYI20w&ccb=10-5&oh=00_AQF1qQL6wn7_a3kUPGcN6boviXu0U5dZf_yzm1fwZlurGQ&oe=6AA472F4&_nc_sid=201bca
4414871525212460,4oormcsrucb7t55y3g4lim,1539876938157,352.69091796875,-46.770493309459,-23.482402361145,https://scontent.fgru6-1.fna.fbcdn.net/m1/v/t6/An_BAfRadFp2hGExtlwgPeTCvkYg5mAQYOmA3EIiUm2VuJZaIPzcrI2Njbs88yjVhhjs6hKkZab8hNpfiy0BmUHZ7sWgcnjJfIGPiBhrxgRESUuKaC00fEuh71_3GLqAr_6wwbk2DWXHvZEN_1_sWg?stp=s1024x768&edm=AOnQwmMEAAAA&_nc_gid=m-ar5jfvd3L38Ugt_jbFwQ&_nc_oc=AdodufsndsAqDpIp_FqLa5EWFFs0jp27VQzYjUOWqzmHLekeAsZh-wklCiSnCWUJjEPJOEWGE7rJto5Q69ScuaYB&ccb=10-5&oh=00_AQGhRwTI_ia8OXBgsSvOIP0yHHk-I4m-DlNnlIDAjNVU8w&oe=6AA4607F&_nc_sid=201bca
278138803993135,4oormcsrucb7t55y3g4lim,1539877334161,302.1201171875,-46.803936191741,-23.415429729014,https://scontent.fgru6-1.fna.fbcdn.net/m1/v/t6/An9z1pvYXwlnRvfrkd2INJZy7avy9KCLP6jVikJl7X2rVgFLGqFkYbNQMmHhiX-kaHk8MI0Pm3up_F3_rsVtiFZNFgs9zDo5XAKSRc2jFEPQFnrq5qtf9ZtVQNej4GmiFpGWQFTfKeQjvw7jQfJdYQ?stp=s1024x768&edm=AOnQwmMEAAAA&_nc_gid=m-ar5jfvd3L38Ugt_jbFwQ&_nc_oc=AdpFS6NAGgJ6S3V2b3NONrPetb5hyrfpqJNXTjCz2TLU4-zRLia_HFmo53Xd9zeco25Qt_hyoPtYWsE0aOKxktNK&ccb=10-5&oh=00_AQHNQx7PBx-hMUPuFPk1EVWT0LXgOINIxilmov4liFTOYQ&oe=6AA47033&_nc_sid=201bca
473341043901409,4oormcsrucb7t55y3g4lim,1539877248166,330.08929443359,-46.788137650667,-23.424831759948,https://scontent.fgru6-1.fna.fbcdn.net/m1/v/t6/An9JQU_U66aSMxWahNY0DWYyN30NnT1mV4nKQERbpaJrAWPP4JkIN91BMf6aUMrxn0safTqa3QcPZXooKv5mhu4VrW6RAgexPhTFY7EJauLBixnF5FD4-7BfEVV9I75RAUQ4htA2f1cxWLQnkGaDNQ?stp=s1024x768&edm=AOnQwmMEAAAA&_nc_gid=m-ar5jfvd3L38Ugt_jbFwQ&_nc_oc=AdoAgRh5caGibvNKc9tjCdIMs0QrNNDdynU1Wvd8p-I-55Rtyk1WkN7yTfoejONMHBw6pJ1XK--wFAAs2urENqCe&ccb=10-5&oh=00_AQH4XKod7gT2i_u_EQMp3i7zpQk_a-NtOy4kQBB_sG_vSw&oe=6AA47F18&_nc_sid=201bca
523053032040543,4oormcsrucb7t55y3g4lim,1539876781113,289.37536621094,-46.750200849139,-23.506919662583,https://scontent.fgru6-1.fna.fbcdn.net/m1/v/t6/An_YeiQ7VrZmB_337dwJ4JMVJKoe1Gi4W-_WYBh11kF6Z1i-pBRGvcYXvI5eYtSch_dtr-whULRHjuCS7MRWcfq07DYVMgc1oezWs8FcEBLZChDCYKfY75841g4Pmx7dh8Qev8ULGYrQpATyz6I8nA?stp=s1024x768&edm=AOnQwmMEAAAA&_nc_gid=m-ar5jfvd3L38Ugt_jbFwQ&_nc_oc=Adoal63oT3vrOzcReyfuGcrgoDVkNMP7VzWaL3X5OiFdLkexdU5-11ITkNvIZIp92-Qctr9n2eCQlB3cT3zC7o_A&ccb=10-5&oh=00_AQF8b_0qTpCVKAtLZvOlKX1eGtOOHkSeQwXy_Hj9LGaSdg&oe=6AA46CF7&_nc_sid=201bca
811039063168937,4oormcsrucb7t55y3g4lim,1539876965170,351.01861572266,-46.770015073303,-23.476491155915,https://scontent.fgru6-1.fna.fbcdn.net/m1/v/t6/An9nJ0uQM09q0AOulomd5hifeTaQHvqAvuMoqt5hNRydUUGdISnygwGpLXWiJ-opfghrc0LDkuA3_T1Cc-zlrgAcn42hAUuAv7T4LfHFpg-BtFL7rO4Bxi8JYwyvWGRvtB_GKsynI0YLOgOMiIQWU50?stp=s1024x768&edm=AOnQwmMEAAAA&_nc_gid=m-ar5jfvd3L38Ugt_jbFwQ&_nc_oc=AdoJ4G_UkpRbgD5VNQ23iJmwft-OPJUxI2qO21cLEd-slJlAGKzDwi1NQ9ZK-xIgEMEwCpMoHgXh0DnEsmJIXhKj&ccb=10-5&oh=00_AQF1gK_AUgW1OsY4rk7qw6CuDa4-N7L9OAEuww4Lwccssg&oe=6AA47BD9&_nc_sid=201bca
865195914072418,4oormcsrucb7t55y3g4lim,1539876601122,97.10205078125,-46.736442659251,-23.518471035157,https://scontent.fgru6-1.fna.fbcdn.net/m1/v/t6/An_88xkBR8ok0S1mpQS3Pzh_tD0Cr75tV8tk7jejr1Q7gWdrN3rnXbvqMSYQ780NYbbvuJwyZt0na0Ujxbd3i2GHH-qEDRLEa32tYi65DZFS-CNu_on5zSDs-6kn64vHeydXzOfKbj3P2fkDOIB6JQ?stp=s1024x768&edm=AOnQwmMEAAAA&_nc_gid=m-ar5jfvd3L38Ugt_jbFwQ&_nc_oc=AdrXp3N0tyP-NlmV4QG8oUXA2TaV1Wn2_rNMB7-zJv_xaCjS1zUX8cFCyuXMLBGOk7jqAXNMdh6CclTJ35Qkyw_p&ccb=10-5&oh=00_AQHQfsSz3d3BqheZvt9LP2yCuGTk9Sfc4ktB-gSceuv5Vg&oe=6AA47744&_nc_sid=201bca
913298246133851,4oormcsrucb7t55y3g4lim,1539876728156,275.29162597656,-46.73741246382,-23.50820574208,https://scontent.fgru6-1.fna.fbcdn.net/m1/v/t6/An8gIyYMbmlte9FWo8eQPM80E8c3KA_RPuDvK3WNsauo0P1HFTIQeXnsL2IEGP2Y7QQve2xS1hPyJqDmYypAhXYWvqotKbklMfQw2DanfGPMW74WPnCG-w_PksxUgLhWSkoMa2uEkfgsT4QUsP9GIg?stp=s1024x768&edm=AOnQwmMEAAAA&_nc_gid=m-ar5jfvd3L38Ugt_jbFwQ&_nc_oc=AdqTlzA-fbo8tCEH3JGNbDN477dmYyewvrUjzvZk6g93qeHDiZXy-OZk_DLJcPHJzrDDul3I6M45KFxprpgNiuhL&ccb=10-5&oh=00_AQEU7DG13JwOppten5xw4Z1I3-j8zHDz4OVrOPWTNx3epQ&oe=6AA47E2E&_nc_sid=201bca
757959514913413,4oormcsrucb7t55y3g4lim,1539876614138,90.527404785156,-46.734145674148,-23.518513465441,https://scontent.fgru6-1.fna.fbcdn.net/m1/v/t6/An8GDGi4Nbykix2FNReiuNWxlzIHj5j0U1QGnXswArzlk_XkmBTulk53nVpo3y-wZ2-rfSayAaADlRsECUuqHpfJitAAM_tBnWOekIvokBzmb1uJZvYUn-st3cUTEGSYtLRFWXvJpw1y5wDnf8urqFI?stp=s1024x768&edm=AOnQwmMEAAAA&_nc_gid=m-ar5jfvd3L38Ugt_jbFwQ&_nc_oc=AdrOA1DU5RABOUqLTNriLAWORumA_5eFuhls5ghe9Ve0UrAkiGBPE7irHK7N5b0K02eIOMmInqy3jiKt7igMB4p0&ccb=10-5&oh=00_AQH3bYm5Ce8ryQ-T-NTJF2f4RkfIXsfNoJC0sWKalUwLnQ&oe=6AA472B6&_nc_sid=201bca
203638941576703,4oormcsrucb7t55y3g4lim,1539876600157,96.995239257812,-46.736614415046,-23.518451413375,https://scontent.fgru6-1.fna.fbcdn.net/m1/v/t6/An-5jJXpgpKAcfXjlWZ5zkh53pKZlUYQmkQLbMDnanJvI04wG1XfsNoEHy8CoN76yvfmLtFnJ7RqzAi3TF7oJZ0NHLMR3QNT_apjxKbUGdB9FO9eU_-DDBaugaH4W-CicFJxjz4lXJuSvjCuSJIVog?stp=s1024x768&edm=AOnQwmMEAAAA&_nc_gid=m-ar5jfvd3L38Ugt_jbFwQ&_nc_oc=Adp_V1g1Kk5s0di_LVOoHJqXcvXrphmDkifnDwkRBVamzvmMQZ243RfnplkvPZER1eQ_tpifMQLim3tnMA-3Gmhf&ccb=10-5&oh=00_AQHhn0uZ6acR3nBgg5tC1nwwF25FPx5R3Wx6IiP26UD2OA&oe=6AA49053&_nc_sid=201bca
140214301456129,4oormcsrucb7t55y3g4lim,1539876588156,93.033599853516,-46.738687253524,-23.518338045313,https://scontent.fgru6-1.fna.fbcdn.net/m1/v/t6/An-ZdU0Tti-fBPk6uapFjrZYT0IKKU2R8xAHvIgaxBFFpPfdVvoEg8mVfgGW2zYJZNmMoKtq0YX-nt0_2PgEkIeytmWx09VKGWa2cvkMUY5hprlLErOW_TRtu8oZvSXDrCmIdTIfMIXwJulSvY5pbsk?stp=s1024x768&edm=AOnQwmMEAAAA&_nc_gid=m-ar5jfvd3L38Ugt_jbFwQ&_nc_oc=Adrc0ovceODRAUHQajrfbq5zecXS5Jpx6ytsFXdaFq9aD0k8k3xN-VU8r_rLcoVLJ7JD7kV8EXTgcA7dAW7P5UQz&ccb=10-5&oh=00_AQFQkTH_rVDHgdkgJh3qAy2Q7jFchSlhY9ij6f4DjDezzA&oe=6AA466F1&_nc_sid=201bca
1068714780319093,4oormcsrucb7t55y3g4lim,1539876593148,93.300506591797,-46.737834557934,-23.518382620814,https://scontent.fgru6-1.fna.fbcdn.net/m1/v/t6/An-e9VJ58RA-qOXl3tflSVszZDhWn0boEYb4D_xWD35YSTtFutZmcaCxmcrtfyjP9uRm0tfXLlUjcOs9fdBcmwZhBYvTjnANM_mPlNjK6eOv--aWq1_AjYjeKtR2q1_bZ8-hHiwkFUWRDxm3rkC7iw?stp=s1024x768&edm=AOnQwmMEAAAA&_nc_gid=m-ar5jfvd3L38Ugt_jbFwQ&_nc_oc=Adp0y0aYSEy-2857oU6jkWxfPdbKmxTplTA4IBQdFN5xCz4X49e5jghRqoPSJv_APPb610zxcHdaJhUe7GHBEMg0&ccb=10-5&oh=00_AQF6zLewPlnRqYANVrs3py48D5P4UP3_GvwVc8TUQARE0w&oe=6AA49245&_nc_sid=201bca
154248246656998,4oormcsrucb7t55y3g4lim,1539876888136,318.689453125,-46.765567044484,-23.492619053668,https://scontent.fgru6-1.fna.fbcdn.net/m1/v/t6/An8iJt3z4KsdzPJy-UT16gDuQVWfsf6njhumi0yXrUA4eBMaXaL1OcdaKVuGhXH9o6tBT6U4xbMVDdZuweY4NYsIFOzvv1o31apaNa3o_eEtYw7C-HgXQu1IugnJgK7QOpO-NZRcaeAFikuxRFYG6Q?stp=s1024x768&edm=AOnQwmMEAAAA&_nc_gid=m-ar5jfvd3L38Ugt_jbFwQ&_nc_oc=Adq-L9ZZ-v5hfIRGvjJABfpDSUSk4b_R8dtR8DGGoz4AXdcuijKzhn6FAppPjT3rltWSvguFfFHVW1cgeG5jKZl4&ccb=10-5&oh=00_AQFQbMx2ODR3UCWW2hKdUJ4PpNOZDetshBHhz19K_kfy9g&oe=6AA47710&_nc_sid=201bca
521709485523037,4oormcsrucb7t55y3g4lim,1539876615141,84.780822753906,-46.733958917965,-23.518497823191,https://scontent.fgru6-1.fna.fbcdn.net/m1/v/t6/An9rO3ED3rEg6HNUBlTODGT6vLGjORzAafuqU7sfkJNn5faZPF45A6K_xIolpfANCA47xm-TtchVq374er2JGm17dLfiAzlwyOpbOb2r4NywrFsfmRmyuzhY7EmOf4imFditxW2pd6EiPRgP8x1yiw?stp=s1024x768&edm=AOnQwmMEAAAA&_nc_gid=m-ar5jfvd3L38Ugt_jbFwQ&_nc_oc=Ado8f8FjV4pfj3tTQE-meGTsvS9ASFY0PJ1tmd-0CUFNCJUBN9coQ8XT8jiGqMZqWdpJofxsCG1od8lzXpqTxzKb&ccb=10-5&oh=00_AQE1uQq9SL7ko6qcvDbgSiHPxoC1lZshTxm33483zlSdVA&oe=6AA46F25&_nc_sid=201bca
312665886903262,4oormcsrucb7t55y3g4lim,1539876620130,83.24755859375,-46.73303668435,-23.518451524054,https://scontent.fgru6-1.fna.fbcdn.net/m1/v/t6/An84tNVphGp_LCd14ycds9TxvYmN9scqnuj5ZBaHXZI_RzN8iyTG1hL7d7ev-uCRwCJmJKUrJI_axnx7cABtm0wMGs1rfnqytb2uoNP0yrLBZHWRfcDJtNGynp-98iFisgTNd9my4NQ8g0AaodsxJw?stp=s1024x768&edm=AOnQwmMEAAAA&_nc_gid=m-ar5jfvd3L38Ugt_jbFwQ&_nc_oc=AdqOJcgl6JQYfWZ-HHw35PE66Uxgj_YG1KeVd-DzIjElXtxZXBcQzaJX9oEsl-riS0qNXSxIoVMAQs9z_prLNoQ0&ccb=10-5&oh=00_AQHX-FGkNtZ35yiiICGY5M7J0PxsVlzaTpLnLQqIaozhtA&oe=6AA48EB9&_nc_sid=201bca
4178454635539515,4oormcsrucb7t55y3g4lim,1539876633144,65.969818115234,-46.73080044484,-23.518071777779,https://scontent.fgru6-1.fna.fbcdn.net/m1/v/t6/An-jRc0C4-DR3thZVwwDGVC730ZqGcrcrd0C4qS-wJhv96dYsuXtW1Ket68oQ2XEXT1sPRQgu-bUBrx38-f3u_SWXsp_yW8xrKNByyuKRKaNycI234OgCIgtXbcpxTXMqPmlP--IFSgRWyZsnp-yzq0?stp=s1024x768&edm=AOnQwmMEAAAA&_nc_gid=m-ar5jfvd3L38Ugt_jbFwQ&_nc_oc=AdqcFiWq-mqbvtzW67laSxLJ8kPbAPb7gm5HIThKKrF-hnjMenS9pggMV6eTwBbHt__VWuZWxc_tAJWWW8Joa3jk&ccb=10-5&oh=00_AQE-Z9yU_lirrus_PQXGZ6fsW7wGp14omWRegw-fhcCq8A&oe=6AA4605D&_nc_sid=201bca
156687876398733,4oormcsrucb7t55y3g4lim,1539876656145,45.883422851562,-46.726817098935,-23.515449439685,https://scontent.fgru6-1.fna.fbcdn.net/m1/v/t6/An_JURZrJVkQ_HzciCwrWr2NdjPCeMt_mL4ZejesJo8ZdtVzmDdT3nAKIkKDZbqAwpAzCkKEes82HDJXwz9I3eOw9tMfP63NAVbCqeIesAnb-0gNteJS_no_9Eb5pO1WTbV_qSqTmjchNxoJHEXTvA?stp=s1024x768&edm=AOnQwmMEAAAA&_nc_gid=m-ar5jfvd3L38Ugt_jbFwQ&_nc_oc=AdrJRiEkEEPj9gLjggrfedvBHMZBzg1C2qTdEoQXTZpgnRaDKjLsQRfoyUQCFqk2H_gfOBpS_vibjZfhdNctSF6o&ccb=10-5&oh=00_AQEXB01X0pT6o2ZBy61u9Oln7QQWJ9MC2EX-Xnu_-uiL6w&oe=6AA474E9&_nc_sid=201bca
535954497406067,4oormcsrucb7t55y3g4lim,1539877359162,310.90966796875,-46.808924503914,-23.412314699238,https://scontent.fgru6-1.fna.fbcdn.net/m1/v/t6/An-QgZ7-Rw637lLvkhbBoeVdUmQ2flWalkHSSnElqDqG8bxqDO26peWGWCbQgJLrSYStHocrCIkCbZUgJaKF5QIAOLtzM8PNU-J-6Ev1Q0EbtFcqtlFO65JtYw0gYIEJ0M85eyWTLt4nBJn3A6zuHw?stp=s1024x768&edm=AOnQwmMEAAAA&_nc_gid=m-ar5jfvd3L38Ugt_jbFwQ&_nc_oc=AdrVbzIVUUic65YfxtDM7mVy-lqXQd8gsIroR1BSCZGEmYPbiQ9Enuc0tx4fqJCc6jE8oVl94ro9wDXi3IBYkW7y&ccb=10-5&oh=00_AQGWVSK-AWHlAHuqA3gx2zuAxSSpwO5zO9NdAYfFFQA5ow&oe=6AA48733&_nc_sid=201bca
966824064065606,4oormcsrucb7t55y3g4lim,1539876720109,273.01879882812,-46.735278273644,-23.50829902898,https://scontent.fgru6-1.fna.fbcdn.net/m1/v/t6/An-OE02d52mOaX3kv-joy10zE0McDwON3feUfJosyJ30HbHzwEqL8v-Yd86MVY6uvGv6Dk_mKs3B7eV7eY35srlM5yiPGKUczmjv-cDHwFcjXqWgfFxVH469KqRYYOavnbBfL4ujR6mpFSgNPFKj5fA?stp=s1024x768&edm=AOnQwmMEAAAA&_nc_gid=m-ar5jfvd3L38Ugt_jbFwQ&_nc_oc=AdpmV4l_HiORK734BTSoHaVtuqsmNaC3I_CDJ-XbIoY1rekfbE98jIM7RxZwLm1jGgINfhWxIBicdN0GgA98JUXr&ccb=10-5&oh=00_AQFHV0hm4K7yi8GTlRaxtq6BN7gPAaWeGGtkDrbSs46L4Q&oe=6AA49647&_nc_sid=201bca
1495970174068323,4oormcsrucb7t55y3g4lim,1539876752133,269.14984130859,-46.743385285006,-23.507670694529,https://scontent.fgru6-1.fna.fbcdn.net/m1/v/t6/An9dXaAOWS0rgOh4YWnZ-4ssaL09i-1-Wr7ABbgsmMhAMupW525rFlldbpT3QJRtP01aa21iY5hr4z1_1UMjzG2MUNFZBkmdC9kSbs49-dgTxRkSOIAdCwqF_HCPqTyceM1GWdvmoa5hX431aTDC0A?stp=s1024x768&edm=AOnQwmMEAAAA&_nc_gid=m-ar5jfvd3L38Ugt_jbFwQ&_nc_oc=AdrEV0IVIXyN1D2MTh-Oz5qQS01UKt8Jqtm9LNVPbTRQmItVGR4LgVjusw6as2psp5Y5B9Qykg8EjJQxywHXAc0o&ccb=10-5&oh=00_AQF9aqLrGGSjL4HjHx837-G_oeI2RlPsbQjltGNw8c3K3Q&oe=6AA471D5&_nc_sid=201bca
232115712016089,4oormcsrucb7t55y3g4lim,1539876627148,79.778198242188,-46.731793863239,-23.518304012107,https://scontent.fgru6-1.fna.fbcdn.net/m1/v/t6/An_tdnK19bXGryGFPDttn7HYhJ1oWRFM585795P8g-ebPaBSd-i5d9bT2WWF5tvdyoZ8EaOGFBUNJ80TiEEG8JuuZKBQULvB-_lje4hRuaXp9Sqw9M1ZlDJ7XQslXYRPIaMxMY3B5qxfctfW4dtpAQ?stp=s1024x768&edm=AOnQwmMEAAAA&_nc_gid=m-ar5jfvd3L38Ugt_jbFwQ&_nc_oc=AdqqQ5K9qhB1vRmgLWX128TrNypVFou5JoUgtoEAfLjVE1vuwOQi0PFycP8Bs-QlQuFhlBGjgx-Tb6NgGoCu43WD&ccb=10-5&oh=00_AQFd_2YuHLXt3lZd03sSWDZ7a-Eg0Rp147i3bbW078bTcA&oe=6AA4618A&_nc_sid=201bca
280794707124689,4oormcsrucb7t55y3g4lim,1539876925157,319.81164550781,-46.769315828758,-23.485050906979,https://scontent.fgru6-1.fna.fbcdn.net/m1/v/t6/An_PDsyJj6Bmy0OZJvxAh6QUyIfYxongzwnRW8mmCbCG6qD0jaHAleHPWtbATRM2KvUDPDnxQGa3Uj6BFNxm-N2L2sDyHVbQtkEERwhwzKWX238eQX3RWEpGyIMXjUBJ5dpLUV0F6djlMYED4ZeFWUY?stp=s1024x768&edm=AOnQwmMEAAAA&_nc_gid=m-ar5jfvd3L38Ugt_jbFwQ&_nc_oc=AdpFi1M7RRu6iNuqM4bjA3wdzdvjERyUmYAeIJjoQZgivCMCHeKLO8n9xKq3N5lg-L7WmQxiX9RSHHfMx2F8eRR8&ccb=10-5&oh=00_AQEqbfLyg5ThE6nX-2UUl7q9WTAg4Py9rQIhU39Mx6v2GQ&oe=6AA465F7&_nc_sid=201bca
201699861630591,4oormcsrucb7t55y3g4lim,1539877218158,355.83868408203,-46.787248282513,-23.428663403583,https://scontent.fgru6-1.fna.fbcdn.net/m1/v/t6/An8TJ4viuEGKOxk8o5gyILvWF9IOG0MpIFM5UF1hupzQ-RbpPPGyhBNLsYSGhlZi4BZGPHY_P4Kdp5BgE_LeWRmJnM55VE4ht0h_iA4t_dp20Nb6ogwYuWzxrNC0BEmVwDZgdWq8ksnslJ9ZghmO434?stp=s1024x768&edm=AOnQwmMEAAAA&_nc_gid=m-ar5jfvd3L38Ugt_jbFwQ&_nc_oc=AdrUdOicV26_2_9kA58sNSpEdQxTjwzM0ztD19P8mYn7DTO93-yaV7Yaj6ImwcL2_KMWhlkeIRKk5ZzLvyNtGHuT&ccb=10-5&oh=00_AQESpg1FW3f27NYM9PawhlBWujTy8cLoWAnzy62SQA4l2Q&oe=6AA48B61&_nc_sid=201bca
840088750188029,4oormcsrucb7t55y3g4lim,1539876631121,71.98681640625,-46.731141025943,-23.518188697244,https://scontent.fgru6-1.fna.fbcdn.net/m1/v/t6/An8uyXNwkLP6LDzUFCZsRWWgCLS4cNK5L4DrZIj4KqAjo8ZOK6z-Rk-FjKmj1TFPYfeHAFZaBr-pJ7E7Fk0ndmzAvA_XsCcP7myYQyBbj8ELCtggw94NAphjG-urYdxFdzJLKbPfcsROdveoui7WSA?stp=s1024x768&edm=AOnQwmMEAAAA&_nc_gid=m-ar5jfvd3L38Ugt_jbFwQ&_nc_oc=Adoy9hJnjeSKP-dxzb08woQauzRqEc1i51l5O4uj7dz8NsT3gTX-ILLoIKy7687xoDCSyAoibZ21bbVWvJd2rn4d&ccb=10-5&oh=00_AQHJ4R8hu2PbVJhIF5WyHejI1kS6OsC9_KKRlGb-WRIKPw&oe=6AA47D49&_nc_sid=201bca
3504252383013639,4oormcsrucb7t55y3g4lim,1539877031182,22.365478515625,-46.778173897767,-23.467202926196,https://scontent.fgru6-1.fna.fbcdn.net/m1/v/t6/An9iQBkhyKC11moua2597UEKAN-bdlocJYJ-8h5KgtlomTzwfcX26hEaqPBFjtHfbGrQxz1Hp9ijUzgSmmR5aX9xC-O2FoK4LaViInNPDh_BxFnfO8Cxd1mhrMhvrbET_4v-dipG47gE8dw7Uv_XkQ?stp=s1024x768&edm=AOnQwmMEAAAA&_nc_gid=m-ar5jfvd3L38Ugt_jbFwQ&_nc_oc=AdoGX2H_pY-bpwRmxUN-Ekw_Ky64I03SyK3VdFImg0jPE7PLTfIx0NxyTo9yuqutZ5_SvKJOWXet6Myg8OAoJOEE&ccb=10-5&oh=00_AQG1GLTqp8snbO83SSUiulY0FAXqO6CIyRzQxU4OFG18Zw&oe=6AA46779&_nc_sid=201bca
134459208673144,4oormcsrucb7t55y3g4lim,1539876626141,78.475189208984,-46.731970762659,-23.518333261172,https://scontent.fgru6-1.fna.fbcdn.net/m1/v/t6/An-YzAc2F7mZtSs5JrHhU3V21lFg9qMKStBQQ2xZcPVP6mJWzJ4TRKs7tEm9HzABIbOP3jRsje7TxO1EMPKdns0XoaPTOdHHZQMMlZnyOGTV5FwYPVfuX341SS9IXGjpjXKyqFp8uGts3mq1B1NT8g?stp=s1024x768&edm=AOnQwmMEAAAA&_nc_gid=m-ar5jfvd3L38Ugt_jbFwQ&_nc_oc=AdqD9ABYyO1IooOpXke_EaotO9CYv9O-v61FDoiUOws8Vh4i0C2xPPkXhD5FgWeh_J7fzLxBk7CP8GcYuIijg9T4&ccb=10-5&oh=00_AQGQ4Attf5ZCl0byeJ8DcIwxM4mRdNKqSu4RPxfZh6SGeA&oe=6AA48EE6&_nc_sid=201bca
224826302312767,4oormcsrucb7t55y3g4lim,1539877284156,300.79339599609,-46.795316102664,-23.42013692591,https://scontent.fgru6-1.fna.fbcdn.net/m1/v/t6/An-e_6_1ORPXBT3H81mR0K-1DMx0It-yBtB7OTw1qubCs9FOucRTYYtWw5rnHtKlDU7rjKUqfZHxV31_pq7cZwYa_lYbF_RifCNBQ7Tf0Z_CO1VkU_TYGzyAEDdOXmuE0mGiFJAWLQQwlrVJfIck1Q?stp=s1024x768&edm=AOnQwmMEAAAA&_nc_gid=m-ar5jfvd3L38Ugt_jbFwQ&_nc_oc=Adq_t-iPIAWGcIbdJ-Oab88YZPUpooRqhtY3Sw9jrmxpqDPD8ZnO-Ei9-VupBT256UN43eUid9szEJNyXNOKcr6M&ccb=10-5&oh=00_AQHLgAPOrYynHUvkuV1iB2gl2nuUqoco9MW4ZcIQ3QQqkg&oe=6AA45F30&_nc_sid=201bca
296688778701300,4oormcsrucb7t55y3g4lim,1539876710132,276.39086914062,-46.732917059419,-23.508517248999,https://scontent.fgru6-1.fna.fbcdn.net/m1/v/t6/An-RnCV2xs8cF4tVuYZp8Z7IL1YVCwYDTqY1hfsS76C3EBOhL94W77OKnT5l1GyfP3ObYIXTAX2boAwg7qaYnxdJnpmlkff-0UPEvw32rp_dsREhmeT4XAe-wJeaSg9XYL4nb_dJFlYyReX59CS9kdc?stp=s1024x768&edm=AOnQwmMEAAAA&_nc_gid=m-ar5jfvd3L38Ugt_jbFwQ&_nc_oc=AdoQu1Qc1TiWnTmSrBTsAD8oBtGeIvh3SIRkzUIuh5P0zSqWWlxYPkhDQBHMrNl-pF7wiUZKD2rtgLk2o7Bq82v4&ccb=10-5&oh=00_AQHTAhJdeevqoMOqFIJZWPVECBymussL_-q3iIRd9BJ_gw&oe=6AA46F18&_nc_sid=201bca
306883291047682,4oormcsrucb7t55y3g4lim,1539876675148,339.49975585938,-46.726891697678,-23.512323417344,https://scontent.fgru6-1.fna.fbcdn.net/m1/v/t6/An87jQaQfZODU4R5mN1QgEin6I06U_u-3SgHog-hiwU1Wp1WTHaWxRqrUQml0znVFiFGL_IqJWTYsiFKBCOvS6NR4Spvu8vu7BM398jNPBCm1GLEv8w_veHyprlwU43ce7JRjvlQ654FsAPIbA3oJw?stp=s1024x768&edm=AOnQwmMEAAAA&_nc_gid=m-ar5jfvd3L38Ugt_jbFwQ&_nc_oc=AdqKrOJxPDnwLwqgFoDPwfga8lrVrerptC8_ihHHcBkrrpSL3eblqy9gPzJ8B10VzJ9awE8eSsHreht2O6a2QBlc&ccb=10-5&oh=00_AQEn2mpyCEcv8x7c0wLv_CXNENji5s_Dukh0wsSup6ipGQ&oe=6AA474FD&_nc_sid=201bca
875334749687197,4oormcsrucb7t55y3g4lim,1539876924165,323.53088378906,-46.769158963409,-23.485221226021,https://scontent.fgru6-1.fna.fbcdn.net/m1/v/t6/An-5Mzye1DEJJIhkcOMZBcBWQK-FRwgtlog-jQkTFynAyEJGjTjLxEO2utF2dKD0tzEcAKuF6H7S2fkOnrc1dl0o_Bbc5CbYE75WqrRvHJIg3U6vN3e1kycfiNyA9ahGuy4vRT8nSPhXKCDCTX4wb14?stp=s1024x768&edm=AOnQwmMEAAAA&_nc_gid=m-ar5jfvd3L38Ugt_jbFwQ&_nc_oc=AdrD7Wplu412I0GZ6mCXKOPnvXVcaBZ9VMG-lWGz7AGXTEm-P_Ioju6wxIbHFm46CoGGVBLsdE6LBHDGxQwZEEm-&ccb=10-5&oh=00_AQFVqBrvcRYLFfNZegIt5G9o7K-hZExhklohC8YC-ZfQxw&oe=6AA48AAA&_nc_sid=201bca
1416819451989388,4oormcsrucb7t55y3g4lim,1539876617142,91.419311523438,-46.733587784381,-23.518494461655,https://scontent.fgru6-1.fna.fbcdn.net/m1/v/t6/An8G788VVkh6PY19Bugbj4do4aqOrrfL6dNpAg_Gy1RjE3qRqN7O2vjraXDFOIEUTQb1yVnCVOEJwO5RdhIeNMWrkWdVYSow3sinyQcN_HsNAwxy_meQnyaL5NUqlsk64svKHaOHuUbGDDPd81XxOA?stp=s1024x768&edm=AOnQwmMEAAAA&_nc_gid=m-ar5jfvd3L38Ugt_jbFwQ&_nc_oc=AdoDCrwq_SjVW9HJD5aQNRHMoJU3_AWt-HzUNA7qCst3VQ1u6K5eyrwySRebjXuwRE7Lf2_uvsWbLrsiatQFJlQO&ccb=10-5&oh=00_AQGx055WYzkwytsg7YqCjU2kpPPrYnPVcTPRtacwBDiVCQ&oe=6AA466C1&_nc_sid=201bca
4082052481838225,4oormcsrucb7t55y3g4lim,1539877394159,276.18237304688,-46.816477684882,-23.41036408508,https://scontent.fgru6-1.fna.fbcdn.net/m1/v/t6/An-ZuACzaNn_rOADnG4m9g7uvy7e1o165oLvqUTskEBFDujDjeka-TteopN13j1tPdJbKPVy9sobmc9SEzQ7vmDJwivda-GGB-Ib9IXItt43kW1uB02uwcqKYdjLP3nUa_fK1niO7d-lT072hR3NFQ?stp=s1024x768&edm=AOnQwmMEAAAA&_nc_gid=m-ar5jfvd3L38Ugt_jbFwQ&_nc_oc=Adp5hu8RTVnAzweiJFpQfJw89o1kAvk8dOmGul3wXXM_UDLTeTLhkpZ0I8jQOX0LTMhmFv1vtAF5hnXRZ5Y1nOr5&ccb=10-5&oh=00_AQG5iwvEaUWhAw24KCayxaWslxA12GDApDbubkmWsOhEZA&oe=6AA4895D&_nc_sid=201bca
